Starting server with Config HP="127.0.0.1:13322"|T="28800000"|R="false"|L="info"
time="2026-03-02T15:48:00-06:00" level=info msg="Creating root@localhost superuser"
time="2026-03-02T15:48:00-06:00" level=info msg="Server ready. Accepting connections."
time="2026-03-02T15:48:00-06:00" level=warning msg="secure_file_priv is set to \"\", which is insecure."
time="2026-03-02T15:48:00-06:00" level=warning msg="Any user with GRANT FILE privileges will be able to read any file which the sql-server process can read."
time="2026-03-02T15:48:00-06:00" level=warning msg="Please consider restarting the server with secure_file_priv set to a safe (or non-existent) directory."
time="2026-03-02T15:48:00-06:00" level=info msg=NewConnection DisableClientMultiStatements=false connectionID=1
time="2026-03-02T15:48:00-06:00" level=info msg=ConnectionClosed connectionID=1
time="2026-03-02T15:48:00-06:00" level=info msg=NewConnection DisableClientMultiStatements=false connectionID=2
time="2026-03-02T15:48:00-06:00" level=info msg=ConnectionClosed connectionID=2
time="2026-03-02T15:48:00-06:00" level=info msg=NewConnection DisableClientMultiStatements=false connectionID=3
time="2026-03-02T15:48:00-06:00" level=info msg=NewConnection DisableClientMultiStatements=false connectionID=4
time="2026-03-02T15:48:00-06:00" level=info msg=ConnectionClosed connectionID=3
time="2026-03-02T15:48:00-06:00" level=warning msg="error running query" connectTime="2026-03-02 15:48:00.843783 -0600 CST m=+0.530087960" connectionDb=beads_GrowWise connectionID=4 error="Duplicate key name 'idx_issues_issue_type'" queryTime="2026-03-02 15:48:00.861275 -0600 CST m=+0.547579460"
time="2026-03-02T15:48:00-06:00" level=warning msg="error running query" connectTime="2026-03-02 15:48:00.843783 -0600 CST m=+0.530087960" connectionDb=beads_GrowWise connectionID=4 error="foreign key `fk_dep_depends_on` was not found on the table `dependencies`" queryTime="2026-03-02 15:48:00.861756 -0600 CST m=+0.548061085"
time="2026-03-02T15:48:00-06:00" level=info msg=ConnectionClosed connectionID=4
time="2026-03-02T15:48:00-06:00" level=info msg=NewConnection DisableClientMultiStatements=false connectionID=5
time="2026-03-02T15:48:00-06:00" level=info msg=ConnectionClosed connectionID=5
time="2026-03-02T15:48:00-06:00" level=info msg=NewConnection DisableClientMultiStatements=false connectionID=6
time="2026-03-02T15:48:00-06:00" level=info msg=NewConnection DisableClientMultiStatements=false connectionID=7
time="2026-03-02T15:48:00-06:00" level=info msg=ConnectionClosed connectionID=6
time="2026-03-02T15:48:00-06:00" level=info msg=ConnectionClosed connectionID=7
time="2026-03-02T15:48:19-06:00" level=info msg=NewConnection DisableClientMultiStatements=false connectionID=8
time="2026-03-02T15:48:19-06:00" level=info msg=ConnectionClosed connectionID=8
time="2026-03-02T15:48:19-06:00" level=info msg=NewConnection DisableClientMultiStatements=false connectionID=9
time="2026-03-02T15:48:19-06:00" level=info msg=NewConnection DisableClientMultiStatements=false connectionID=10
time="2026-03-02T15:48:19-06:00" level=info msg=ConnectionClosed connectionID=9
time="2026-03-02T15:48:19-06:00" level=info msg=ConnectionClosed connectionID=10
time="2026-03-02T16:18:03-06:00" level=info msg=NewConnection DisableClientMultiStatements=false connectionID=11
time="2026-03-02T16:18:03-06:00" level=info msg=ConnectionClosed connectionID=11
time="2026-03-02T16:18:03-06:00" level=info msg="Server closing listener. No longer accepting connections."
time="2026-03-02T16:18:03-06:00" level=info msg="stats stopped: context canceled"
Starting server with Config HP="127.0.0.1:13322"|T="28800000"|R="false"|L="info"
time="2026-03-02T16:47:59-06:00" level=info msg="Server ready. Accepting connections."
time="2026-03-02T16:47:59-06:00" level=warning msg="secure_file_priv is set to \"\", which is insecure."
time="2026-03-02T16:47:59-06:00" level=warning msg="Any user with GRANT FILE privileges will be able to read any file which the sql-server process can read."
time="2026-03-02T16:47:59-06:00" level=warning msg="Please consider restarting the server with secure_file_priv set to a safe (or non-existent) directory."
time="2026-03-02T16:48:00-06:00" level=info msg=NewConnection DisableClientMultiStatements=false connectionID=1
time="2026-03-02T16:48:00-06:00" level=info msg=ConnectionClosed connectionID=1
time="2026-03-02T16:48:00-06:00" level=info msg=NewConnection DisableClientMultiStatements=false connectionID=2
time="2026-03-02T16:48:00-06:00" level=info msg=ConnectionClosed connectionID=2
time="2026-03-02T16:48:00-06:00" level=info msg=NewConnection DisableClientMultiStatements=false connectionID=3
time="2026-03-02T16:48:00-06:00" level=info msg=NewConnection DisableClientMultiStatements=false connectionID=4
time="2026-03-02T16:48:00-06:00" level=info msg=ConnectionClosed connectionID=3
time="2026-03-02T16:48:00-06:00" level=info msg=ConnectionClosed connectionID=4
time="2026-03-02T16:48:03-06:00" level=info msg=NewConnection DisableClientMultiStatements=false connectionID=5
time="2026-03-02T16:48:03-06:00" level=info msg=ConnectionClosed connectionID=5
time="2026-03-02T16:48:03-06:00" level=info msg=NewConnection DisableClientMultiStatements=false connectionID=6
time="2026-03-02T16:48:03-06:00" level=info msg=NewConnection DisableClientMultiStatements=false connectionID=7
time="2026-03-02T16:48:03-06:00" level=info msg=ConnectionClosed connectionID=6
time="2026-03-02T16:48:03-06:00" level=info msg=ConnectionClosed connectionID=7
time="2026-03-02T17:18:02-06:00" level=info msg=NewConnection DisableClientMultiStatements=false connectionID=8
time="2026-03-02T17:18:02-06:00" level=info msg="Server closing listener. No longer accepting connections."
time="2026-03-02T17:18:02-06:00" level=info msg=ConnectionClosed connectionID=8
time="2026-03-02T17:18:02-06:00" level=info msg="stats stopped: context canceled"
Starting server with Config HP="127.0.0.1:13322"|T="28800000"|R="false"|L="info"
time="2026-03-02T17:48:00-06:00" level=info msg="Server ready. Accepting connections."
time="2026-03-02T17:48:00-06:00" level=warning msg="secure_file_priv is set to \"\", which is insecure."
time="2026-03-02T17:48:00-06:00" level=warning msg="Any user with GRANT FILE privileges will be able to read any file which the sql-server process can read."
time="2026-03-02T17:48:00-06:00" level=warning msg="Please consider restarting the server with secure_file_priv set to a safe (or non-existent) directory."
time="2026-03-02T17:48:00-06:00" level=info msg=NewConnection DisableClientMultiStatements=false connectionID=1
time="2026-03-02T17:48:00-06:00" level=info msg=ConnectionClosed connectionID=1
time="2026-03-02T17:48:00-06:00" level=info msg=NewConnection DisableClientMultiStatements=false connectionID=2
time="2026-03-02T17:48:00-06:00" level=info msg=ConnectionClosed connectionID=2
time="2026-03-02T17:48:00-06:00" level=info msg=NewConnection DisableClientMultiStatements=false connectionID=3
time="2026-03-02T17:48:00-06:00" level=info msg=NewConnection DisableClientMultiStatements=false connectionID=4
time="2026-03-02T17:48:00-06:00" level=info msg=ConnectionClosed connectionID=3
time="2026-03-02T17:48:00-06:00" level=info msg=ConnectionClosed connectionID=4
time="2026-03-02T17:48:04-06:00" level=info msg=NewConnection DisableClientMultiStatements=false connectionID=5
time="2026-03-02T17:48:04-06:00" level=info msg=ConnectionClosed connectionID=5
time="2026-03-02T17:48:04-06:00" level=info msg=NewConnection DisableClientMultiStatements=false connectionID=6
time="2026-03-02T17:48:04-06:00" level=info msg=NewConnection DisableClientMultiStatements=false connectionID=7
time="2026-03-02T17:48:04-06:00" level=info msg=ConnectionClosed connectionID=6
time="2026-03-02T17:48:04-06:00" level=info msg=ConnectionClosed connectionID=7
time="2026-03-02T18:05:25-06:00" level=info msg=NewConnection DisableClientMultiStatements=false connectionID=8
time="2026-03-02T18:05:25-06:00" level=info msg=ConnectionClosed connectionID=8
time="2026-03-02T18:05:25-06:00" level=info msg=NewConnection DisableClientMultiStatements=false connectionID=9
time="2026-03-02T18:05:25-06:00" level=info msg=NewConnection DisableClientMultiStatements=false connectionID=10
time="2026-03-02T18:05:25-06:00" level=info msg=ConnectionClosed connectionID=9
time="2026-03-02T18:05:25-06:00" level=info msg=ConnectionClosed connectionID=10
time="2026-03-02T18:15:10-06:00" level=info msg=NewConnection DisableClientMultiStatements=false connectionID=11
time="2026-03-02T18:15:10-06:00" level=info msg=ConnectionClosed connectionID=11
time="2026-03-02T18:15:10-06:00" level=info msg=NewConnection DisableClientMultiStatements=false connectionID=12
time="2026-03-02T18:15:10-06:00" level=info msg=NewConnection DisableClientMultiStatements=false connectionID=13
time="2026-03-02T18:15:10-06:00" level=info msg=ConnectionClosed connectionID=12
time="2026-03-02T18:15:10-06:00" level=info msg=ConnectionClosed connectionID=13
time="2026-03-02T18:15:14-06:00" level=info msg=NewConnection DisableClientMultiStatements=false connectionID=14
time="2026-03-02T18:15:14-06:00" level=info msg=ConnectionClosed connectionID=14
time="2026-03-02T18:15:14-06:00" level=info msg=NewConnection DisableClientMultiStatements=false connectionID=15
time="2026-03-02T18:15:14-06:00" level=info msg=NewConnection DisableClientMultiStatements=false connectionID=16
time="2026-03-02T18:15:14-06:00" level=info msg=ConnectionClosed connectionID=15
time="2026-03-02T18:15:14-06:00" level=info msg=ConnectionClosed connectionID=16
time="2026-03-02T18:18:03-06:00" level=info msg=NewConnection DisableClientMultiStatements=false connectionID=17
time="2026-03-02T18:18:03-06:00" level=info msg=ConnectionClosed connectionID=17
time="2026-03-02T18:18:03-06:00" level=info msg="Server closing listener. No longer accepting connections."
time="2026-03-02T18:18:03-06:00" level=info msg="stats stopped: context canceled"
Starting server with Config HP="127.0.0.1:13322"|T="28800000"|R="false"|L="info"
time="2026-03-02T19:22:48-06:00" level=info msg="Server ready. Accepting connections."
time="2026-03-02T19:22:48-06:00" level=warning msg="secure_file_priv is set to \"\", which is insecure."
time="2026-03-02T19:22:48-06:00" level=warning msg="Any user with GRANT FILE privileges will be able to read any file which the sql-server process can read."
time="2026-03-02T19:22:48-06:00" level=warning msg="Please consider restarting the server with secure_file_priv set to a safe (or non-existent) directory."
time="2026-03-02T19:22:49-06:00" level=info msg=NewConnection DisableClientMultiStatements=false connectionID=1
time="2026-03-02T19:22:49-06:00" level=info msg=ConnectionClosed connectionID=1
time="2026-03-02T19:22:49-06:00" level=info msg=NewConnection DisableClientMultiStatements=false connectionID=2
time="2026-03-02T19:22:49-06:00" level=info msg=ConnectionClosed connectionID=2
time="2026-03-02T19:22:49-06:00" level=info msg=NewConnection DisableClientMultiStatements=false connectionID=3
time="2026-03-02T19:22:49-06:00" level=info msg=NewConnection DisableClientMultiStatements=false connectionID=4
time="2026-03-02T19:22:49-06:00" level=info msg=ConnectionClosed connectionID=3
time="2026-03-02T19:22:49-06:00" level=info msg=ConnectionClosed connectionID=4
time="2026-03-02T19:30:52-06:00" level=info msg=NewConnection DisableClientMultiStatements=false connectionID=5
time="2026-03-02T19:30:52-06:00" level=info msg=ConnectionClosed connectionID=5
time="2026-03-02T19:30:52-06:00" level=info msg=NewConnection DisableClientMultiStatements=false connectionID=6
time="2026-03-02T19:30:52-06:00" level=info msg=NewConnection DisableClientMultiStatements=false connectionID=7
time="2026-03-02T19:30:52-06:00" level=info msg=ConnectionClosed connectionID=6
time="2026-03-02T19:30:52-06:00" level=info msg=ConnectionClosed connectionID=7
time="2026-03-02T19:31:23-06:00" level=info msg=NewConnection DisableClientMultiStatements=false connectionID=8
time="2026-03-02T19:31:23-06:00" level=info msg=ConnectionClosed connectionID=8
time="2026-03-02T19:31:23-06:00" level=info msg=NewConnection DisableClientMultiStatements=false connectionID=9
time="2026-03-02T19:31:23-06:00" level=info msg=NewConnection DisableClientMultiStatements=false connectionID=10
time="2026-03-02T19:31:23-06:00" level=info msg=ConnectionClosed connectionID=9
time="2026-03-02T19:31:24-06:00" level=info msg=ConnectionClosed connectionID=10
time="2026-03-02T19:52:54-06:00" level=info msg=NewConnection DisableClientMultiStatements=false connectionID=11
time="2026-03-02T19:52:54-06:00" level=info msg="Server closing listener. No longer accepting connections."
time="2026-03-02T19:52:54-06:00" level=info msg=ConnectionClosed connectionID=11
time="2026-03-02T19:52:54-06:00" level=info msg="stats stopped: context canceled"
Starting server with Config HP="127.0.0.1:13322"|T="28800000"|R="false"|L="info"
time="2026-03-02T21:47:39-06:00" level=info msg="Server ready. Accepting connections."
time="2026-03-02T21:47:39-06:00" level=warning msg="secure_file_priv is set to \"\", which is insecure."
time="2026-03-02T21:47:39-06:00" level=warning msg="Any user with GRANT FILE privileges will be able to read any file which the sql-server process can read."
time="2026-03-02T21:47:39-06:00" level=warning msg="Please consider restarting the server with secure_file_priv set to a safe (or non-existent) directory."
time="2026-03-02T21:47:39-06:00" level=info msg=NewConnection DisableClientMultiStatements=false connectionID=1
time="2026-03-02T21:47:39-06:00" level=info msg=ConnectionClosed connectionID=1
time="2026-03-02T21:47:39-06:00" level=info msg=NewConnection DisableClientMultiStatements=false connectionID=2
time="2026-03-02T21:47:39-06:00" level=info msg=ConnectionClosed connectionID=2
time="2026-03-02T21:47:39-06:00" level=info msg=NewConnection DisableClientMultiStatements=false connectionID=3
time="2026-03-02T21:47:39-06:00" level=info msg=NewConnection DisableClientMultiStatements=false connectionID=4
time="2026-03-02T21:47:39-06:00" level=info msg=ConnectionClosed connectionID=3
time="2026-03-02T21:47:39-06:00" level=info msg=ConnectionClosed connectionID=4
time="2026-03-02T22:17:42-06:00" level=info msg=NewConnection DisableClientMultiStatements=false connectionID=5
time="2026-03-02T22:17:42-06:00" level=info msg=ConnectionClosed connectionID=5
time="2026-03-02T22:17:42-06:00" level=info msg="Server closing listener. No longer accepting connections."
time="2026-03-02T22:17:42-06:00" level=info msg="stats stopped: context canceled"
Starting server with Config HP="127.0.0.1:13322"|T="28800000"|R="false"|L="info"
time="2026-03-02T22:50:57-06:00" level=info msg="Server ready. Accepting connections."
time="2026-03-02T22:50:57-06:00" level=warning msg="secure_file_priv is set to \"\", which is insecure."
time="2026-03-02T22:50:57-06:00" level=warning msg="Any user with GRANT FILE privileges will be able to read any file which the sql-server process can read."
time="2026-03-02T22:50:57-06:00" level=warning msg="Please consider restarting the server with secure_file_priv set to a safe (or non-existent) directory."
time="2026-03-02T22:50:58-06:00" level=info msg=NewConnection DisableClientMultiStatements=false connectionID=1
time="2026-03-02T22:50:58-06:00" level=info msg=ConnectionClosed connectionID=1
time="2026-03-02T22:50:58-06:00" level=info msg=NewConnection DisableClientMultiStatements=false connectionID=2
time="2026-03-02T22:50:58-06:00" level=info msg=ConnectionClosed connectionID=2
time="2026-03-02T22:50:58-06:00" level=info msg=NewConnection DisableClientMultiStatements=false connectionID=3
time="2026-03-02T22:50:58-06:00" level=info msg=NewConnection DisableClientMultiStatements=false connectionID=4
time="2026-03-02T22:50:58-06:00" level=info msg=ConnectionClosed connectionID=3
time="2026-03-02T22:50:58-06:00" level=info msg=ConnectionClosed connectionID=4
time="2026-03-02T23:21:00-06:00" level=info msg=NewConnection DisableClientMultiStatements=false connectionID=5
time="2026-03-02T23:21:00-06:00" level=info msg=ConnectionClosed connectionID=5
time="2026-03-02T23:21:00-06:00" level=info msg="Server closing listener. No longer accepting connections."
time="2026-03-02T23:21:00-06:00" level=info msg="stats stopped: context canceled"
Starting server with Config HP="127.0.0.1:13322"|T="28800000"|R="false"|L="info"
time="2026-03-02T23:51:18-06:00" level=info msg="Server ready. Accepting connections."
time="2026-03-02T23:51:18-06:00" level=warning msg="secure_file_priv is set to \"\", which is insecure."
time="2026-03-02T23:51:18-06:00" level=warning msg="Any user with GRANT FILE privileges will be able to read any file which the sql-server process can read."
time="2026-03-02T23:51:18-06:00" level=warning msg="Please consider restarting the server with secure_file_priv set to a safe (or non-existent) directory."
time="2026-03-02T23:51:18-06:00" level=info msg=NewConnection DisableClientMultiStatements=false connectionID=1
time="2026-03-02T23:51:18-06:00" level=info msg=ConnectionClosed connectionID=1
time="2026-03-02T23:51:18-06:00" level=info msg=NewConnection DisableClientMultiStatements=false connectionID=2
time="2026-03-02T23:51:18-06:00" level=info msg=ConnectionClosed connectionID=2
time="2026-03-02T23:51:18-06:00" level=info msg=NewConnection DisableClientMultiStatements=false connectionID=3
time="2026-03-02T23:51:18-06:00" level=info msg=NewConnection DisableClientMultiStatements=false connectionID=4
time="2026-03-02T23:51:18-06:00" level=info msg=ConnectionClosed connectionID=3
time="2026-03-02T23:51:18-06:00" level=info msg=ConnectionClosed connectionID=4
time="2026-03-03T00:21:21-06:00" level=info msg=NewConnection DisableClientMultiStatements=false connectionID=5
time="2026-03-03T00:21:21-06:00" level=info msg=ConnectionClosed connectionID=5
time="2026-03-03T00:21:21-06:00" level=info msg="Server closing listener. No longer accepting connections."
time="2026-03-03T00:21:21-06:00" level=info msg="stats stopped: context canceled"
Starting server with Config HP="127.0.0.1:13322"|T="28800000"|R="false"|L="info"
time="2026-03-03T00:51:09-06:00" level=info msg="Server ready. Accepting connections."
time="2026-03-03T00:51:09-06:00" level=warning msg="secure_file_priv is set to \"\", which is insecure."
time="2026-03-03T00:51:09-06:00" level=warning msg="Any user with GRANT FILE privileges will be able to read any file which the sql-server process can read."
time="2026-03-03T00:51:09-06:00" level=warning msg="Please consider restarting the server with secure_file_priv set to a safe (or non-existent) directory."
time="2026-03-03T00:51:10-06:00" level=info msg=NewConnection DisableClientMultiStatements=false connectionID=1
time="2026-03-03T00:51:10-06:00" level=info msg=ConnectionClosed connectionID=1
time="2026-03-03T00:51:10-06:00" level=info msg=NewConnection DisableClientMultiStatements=false connectionID=2
time="2026-03-03T00:51:10-06:00" level=info msg=ConnectionClosed connectionID=2
time="2026-03-03T00:51:10-06:00" level=info msg=NewConnection DisableClientMultiStatements=false connectionID=3
time="2026-03-03T00:51:10-06:00" level=info msg=NewConnection DisableClientMultiStatements=false connectionID=4
time="2026-03-03T00:51:10-06:00" level=info msg=ConnectionClosed connectionID=3
time="2026-03-03T00:51:10-06:00" level=info msg=ConnectionClosed connectionID=4
time="2026-03-03T01:21:12-06:00" level=info msg=NewConnection DisableClientMultiStatements=false connectionID=5
time="2026-03-03T01:21:12-06:00" level=info msg=ConnectionClosed connectionID=5
time="2026-03-03T01:21:12-06:00" level=info msg="Server closing listener. No longer accepting connections."
time="2026-03-03T01:21:12-06:00" level=info msg="stats stopped: context canceled"
Starting server with Config HP="127.0.0.1:13322"|T="28800000"|R="false"|L="info"
time="2026-03-03T01:52:15-06:00" level=info msg="Server ready. Accepting connections."
time="2026-03-03T01:52:15-06:00" level=warning msg="secure_file_priv is set to \"\", which is insecure."
time="2026-03-03T01:52:15-06:00" level=warning msg="Any user with GRANT FILE privileges will be able to read any file which the sql-server process can read."
time="2026-03-03T01:52:15-06:00" level=warning msg="Please consider restarting the server with secure_file_priv set to a safe (or non-existent) directory."
time="2026-03-03T01:52:15-06:00" level=info msg=NewConnection DisableClientMultiStatements=false connectionID=1
time="2026-03-03T01:52:15-06:00" level=info msg=ConnectionClosed connectionID=1
time="2026-03-03T01:52:15-06:00" level=info msg=NewConnection DisableClientMultiStatements=false connectionID=2
time="2026-03-03T01:52:15-06:00" level=info msg=ConnectionClosed connectionID=2
time="2026-03-03T01:52:15-06:00" level=info msg=NewConnection DisableClientMultiStatements=false connectionID=3
time="2026-03-03T01:52:15-06:00" level=info msg=NewConnection DisableClientMultiStatements=false connectionID=4
time="2026-03-03T01:52:15-06:00" level=info msg=ConnectionClosed connectionID=3
time="2026-03-03T01:52:15-06:00" level=info msg=ConnectionClosed connectionID=4
time="2026-03-03T02:22:17-06:00" level=info msg=NewConnection DisableClientMultiStatements=false connectionID=5
time="2026-03-03T02:22:17-06:00" level=info msg=ConnectionClosed connectionID=5
time="2026-03-03T02:22:17-06:00" level=info msg="Server closing listener. No longer accepting connections."
time="2026-03-03T02:22:17-06:00" level=info msg="stats stopped: context canceled"
Starting server with Config HP="127.0.0.1:13322"|T="28800000"|R="false"|L="info"
time="2026-03-03T03:24:07-06:00" level=info msg="Server ready. Accepting connections."
time="2026-03-03T03:24:07-06:00" level=warning msg="secure_file_priv is set to \"\", which is insecure."
time="2026-03-03T03:24:07-06:00" level=warning msg="Any user with GRANT FILE privileges will be able to read any file which the sql-server process can read."
time="2026-03-03T03:24:07-06:00" level=warning msg="Please consider restarting the server with secure_file_priv set to a safe (or non-existent) directory."
time="2026-03-03T03:24:08-06:00" level=info msg=NewConnection DisableClientMultiStatements=false connectionID=1
time="2026-03-03T03:24:08-06:00" level=info msg=ConnectionClosed connectionID=1
time="2026-03-03T03:24:08-06:00" level=info msg=NewConnection DisableClientMultiStatements=false connectionID=2
time="2026-03-03T03:24:08-06:00" level=info msg=ConnectionClosed connectionID=2
time="2026-03-03T03:24:08-06:00" level=info msg=NewConnection DisableClientMultiStatements=false connectionID=3
time="2026-03-03T03:24:08-06:00" level=info msg=NewConnection DisableClientMultiStatements=false connectionID=4
time="2026-03-03T03:24:08-06:00" level=info msg=ConnectionClosed connectionID=3
time="2026-03-03T03:24:08-06:00" level=info msg=ConnectionClosed connectionID=4
time="2026-03-03T03:54:11-06:00" level=info msg=NewConnection DisableClientMultiStatements=false connectionID=5
time="2026-03-03T03:54:11-06:00" level=info msg=ConnectionClosed connectionID=5
time="2026-03-03T03:54:11-06:00" level=info msg="Server closing listener. No longer accepting connections."
time="2026-03-03T03:54:11-06:00" level=info msg="stats stopped: context canceled"
Starting server with Config HP="127.0.0.1:13322"|T="28800000"|R="false"|L="info"
time="2026-03-03T04:01:23-06:00" level=info msg="Server ready. Accepting connections."
time="2026-03-03T04:01:23-06:00" level=warning msg="secure_file_priv is set to \"\", which is insecure."
time="2026-03-03T04:01:23-06:00" level=warning msg="Any user with GRANT FILE privileges will be able to read any file which the sql-server process can read."
time="2026-03-03T04:01:23-06:00" level=warning msg="Please consider restarting the server with secure_file_priv set to a safe (or non-existent) directory."
time="2026-03-03T04:01:24-06:00" level=info msg=NewConnection DisableClientMultiStatements=false connectionID=1
time="2026-03-03T04:01:24-06:00" level=info msg=ConnectionClosed connectionID=1
time="2026-03-03T04:01:24-06:00" level=info msg=NewConnection DisableClientMultiStatements=false connectionID=2
time="2026-03-03T04:01:24-06:00" level=info msg=ConnectionClosed connectionID=2
time="2026-03-03T04:01:24-06:00" level=info msg=NewConnection DisableClientMultiStatements=false connectionID=3
time="2026-03-03T04:01:24-06:00" level=info msg=NewConnection DisableClientMultiStatements=false connectionID=4
time="2026-03-03T04:01:24-06:00" level=info msg=ConnectionClosed connectionID=3
time="2026-03-03T04:01:24-06:00" level=info msg=ConnectionClosed connectionID=4
time="2026-03-03T04:31:26-06:00" level=info msg=NewConnection DisableClientMultiStatements=false connectionID=5
time="2026-03-03T04:31:26-06:00" level=info msg=ConnectionClosed connectionID=5
time="2026-03-03T04:31:26-06:00" level=info msg="Server closing listener. No longer accepting connections."
time="2026-03-03T04:31:26-06:00" level=info msg="stats stopped: context canceled"
Starting server with Config HP="127.0.0.1:13322"|T="28800000"|R="false"|L="info"
time="2026-03-03T05:00:07-06:00" level=info msg="Server ready. Accepting connections."
time="2026-03-03T05:00:07-06:00" level=warning msg="secure_file_priv is set to \"\", which is insecure."
time="2026-03-03T05:00:07-06:00" level=warning msg="Any user with GRANT FILE privileges will be able to read any file which the sql-server process can read."
time="2026-03-03T05:00:07-06:00" level=warning msg="Please consider restarting the server with secure_file_priv set to a safe (or non-existent) directory."
time="2026-03-03T05:00:07-06:00" level=info msg=NewConnection DisableClientMultiStatements=false connectionID=1
time="2026-03-03T05:00:07-06:00" level=info msg=ConnectionClosed connectionID=1
time="2026-03-03T05:00:07-06:00" level=info msg=NewConnection DisableClientMultiStatements=false connectionID=2
time="2026-03-03T05:00:07-06:00" level=info msg=ConnectionClosed connectionID=2
time="2026-03-03T05:00:07-06:00" level=info msg=NewConnection DisableClientMultiStatements=false connectionID=3
time="2026-03-03T05:00:07-06:00" level=info msg=NewConnection DisableClientMultiStatements=false connectionID=4
time="2026-03-03T05:00:07-06:00" level=info msg=ConnectionClosed connectionID=3
time="2026-03-03T05:00:07-06:00" level=info msg=ConnectionClosed connectionID=4
time="2026-03-03T05:30:10-06:00" level=info msg=NewConnection DisableClientMultiStatements=false connectionID=5
time="2026-03-03T05:30:10-06:00" level=info msg=ConnectionClosed connectionID=5
time="2026-03-03T05:30:10-06:00" level=info msg="Server closing listener. No longer accepting connections."
time="2026-03-03T05:30:10-06:00" level=info msg="stats stopped: context canceled"
Starting server with Config HP="127.0.0.1:13322"|T="28800000"|R="false"|L="info"
time="2026-03-03T05:59:54-06:00" level=info msg="Server ready. Accepting connections."
time="2026-03-03T05:59:54-06:00" level=warning msg="secure_file_priv is set to \"\", which is insecure."
time="2026-03-03T05:59:54-06:00" level=warning msg="Any user with GRANT FILE privileges will be able to read any file which the sql-server process can read."
time="2026-03-03T05:59:54-06:00" level=warning msg="Please consider restarting the server with secure_file_priv set to a safe (or non-existent) directory."
time="2026-03-03T05:59:55-06:00" level=info msg=NewConnection DisableClientMultiStatements=false connectionID=1
time="2026-03-03T05:59:55-06:00" level=info msg=ConnectionClosed connectionID=1
time="2026-03-03T05:59:55-06:00" level=info msg=NewConnection DisableClientMultiStatements=false connectionID=2
time="2026-03-03T05:59:55-06:00" level=info msg=ConnectionClosed connectionID=2
time="2026-03-03T05:59:55-06:00" level=info msg=NewConnection DisableClientMultiStatements=false connectionID=3
time="2026-03-03T05:59:55-06:00" level=info msg=NewConnection DisableClientMultiStatements=false connectionID=4
time="2026-03-03T05:59:55-06:00" level=info msg=ConnectionClosed connectionID=3
time="2026-03-03T05:59:55-06:00" level=info msg=ConnectionClosed connectionID=4
time="2026-03-03T06:29:57-06:00" level=info msg=NewConnection DisableClientMultiStatements=false connectionID=5
time="2026-03-03T06:29:57-06:00" level=info msg="Server closing listener. No longer accepting connections."
time="2026-03-03T06:29:57-06:00" level=info msg=ConnectionClosed connectionID=5
time="2026-03-03T06:29:57-06:00" level=info msg="stats stopped: context canceled"
Starting server with Config HP="127.0.0.1:13322"|T="28800000"|R="false"|L="info"
time="2026-03-03T07:00:01-06:00" level=info msg="Server ready. Accepting connections."
time="2026-03-03T07:00:01-06:00" level=warning msg="secure_file_priv is set to \"\", which is insecure."
time="2026-03-03T07:00:01-06:00" level=warning msg="Any user with GRANT FILE privileges will be able to read any file which the sql-server process can read."
time="2026-03-03T07:00:01-06:00" level=warning msg="Please consider restarting the server with secure_file_priv set to a safe (or non-existent) directory."
time="2026-03-03T07:00:02-06:00" level=info msg=NewConnection DisableClientMultiStatements=false connectionID=1
time="2026-03-03T07:00:02-06:00" level=info msg=ConnectionClosed connectionID=1
time="2026-03-03T07:00:02-06:00" level=info msg=NewConnection DisableClientMultiStatements=false connectionID=2
time="2026-03-03T07:00:02-06:00" level=info msg=ConnectionClosed connectionID=2
time="2026-03-03T07:00:02-06:00" level=info msg=NewConnection DisableClientMultiStatements=false connectionID=3
time="2026-03-03T07:00:02-06:00" level=info msg=NewConnection DisableClientMultiStatements=false connectionID=4
time="2026-03-03T07:00:02-06:00" level=info msg=ConnectionClosed connectionID=3
time="2026-03-03T07:00:02-06:00" level=info msg=ConnectionClosed connectionID=4
time="2026-03-03T07:30:04-06:00" level=info msg=NewConnection DisableClientMultiStatements=false connectionID=5
time="2026-03-03T07:30:04-06:00" level=info msg=ConnectionClosed connectionID=5
time="2026-03-03T07:30:04-06:00" level=info msg="Server closing listener. No longer accepting connections."
time="2026-03-03T07:30:04-06:00" level=info msg="stats stopped: context canceled"
Starting server with Config HP="127.0.0.1:13322"|T="28800000"|R="false"|L="info"
time="2026-03-03T07:59:34-06:00" level=info msg="Server ready. Accepting connections."
time="2026-03-03T07:59:34-06:00" level=warning msg="secure_file_priv is set to \"\", which is insecure."
time="2026-03-03T07:59:34-06:00" level=warning msg="Any user with GRANT FILE privileges will be able to read any file which the sql-server process can read."
time="2026-03-03T07:59:34-06:00" level=warning msg="Please consider restarting the server with secure_file_priv set to a safe (or non-existent) directory."
time="2026-03-03T07:59:34-06:00" level=info msg=NewConnection DisableClientMultiStatements=false connectionID=1
time="2026-03-03T07:59:34-06:00" level=info msg=ConnectionClosed connectionID=1
time="2026-03-03T07:59:34-06:00" level=info msg=NewConnection DisableClientMultiStatements=false connectionID=2
time="2026-03-03T07:59:34-06:00" level=info msg=ConnectionClosed connectionID=2
time="2026-03-03T07:59:34-06:00" level=info msg=NewConnection DisableClientMultiStatements=false connectionID=3
time="2026-03-03T07:59:34-06:00" level=info msg=NewConnection DisableClientMultiStatements=false connectionID=4
time="2026-03-03T07:59:34-06:00" level=info msg=ConnectionClosed connectionID=3
time="2026-03-03T07:59:34-06:00" level=info msg=ConnectionClosed connectionID=4
time="2026-03-03T08:29:37-06:00" level=info msg=NewConnection DisableClientMultiStatements=false connectionID=5
time="2026-03-03T08:29:37-06:00" level=info msg=ConnectionClosed connectionID=5
time="2026-03-03T08:29:37-06:00" level=info msg="Server closing listener. No longer accepting connections."
time="2026-03-03T08:29:37-06:00" level=info msg="stats stopped: context canceled"
Starting server with Config HP="127.0.0.1:13322"|T="28800000"|R="false"|L="info"
time="2026-03-03T08:59:35-06:00" level=info msg="Server ready. Accepting connections."
time="2026-03-03T08:59:35-06:00" level=warning msg="secure_file_priv is set to \"\", which is insecure."
time="2026-03-03T08:59:35-06:00" level=warning msg="Any user with GRANT FILE privileges will be able to read any file which the sql-server process can read."
time="2026-03-03T08:59:35-06:00" level=warning msg="Please consider restarting the server with secure_file_priv set to a safe (or non-existent) directory."
time="2026-03-03T08:59:35-06:00" level=info msg=NewConnection DisableClientMultiStatements=false connectionID=1
time="2026-03-03T08:59:35-06:00" level=info msg=ConnectionClosed connectionID=1
time="2026-03-03T08:59:35-06:00" level=info msg=NewConnection DisableClientMultiStatements=false connectionID=2
time="2026-03-03T08:59:35-06:00" level=info msg=ConnectionClosed connectionID=2
time="2026-03-03T08:59:35-06:00" level=info msg=NewConnection DisableClientMultiStatements=false connectionID=3
time="2026-03-03T08:59:35-06:00" level=info msg=NewConnection DisableClientMultiStatements=false connectionID=4
time="2026-03-03T08:59:35-06:00" level=info msg=ConnectionClosed connectionID=3
time="2026-03-03T08:59:35-06:00" level=info msg=ConnectionClosed connectionID=4
time="2026-03-03T09:03:21-06:00" level=info msg=NewConnection DisableClientMultiStatements=false connectionID=5
time="2026-03-03T09:03:21-06:00" level=info msg=ConnectionClosed connectionID=5
time="2026-03-03T09:03:21-06:00" level=info msg=NewConnection DisableClientMultiStatements=false connectionID=6
time="2026-03-03T09:03:21-06:00" level=info msg=NewConnection DisableClientMultiStatements=false connectionID=7
time="2026-03-03T09:03:21-06:00" level=info msg=ConnectionClosed connectionID=6
time="2026-03-03T09:03:21-06:00" level=info msg=ConnectionClosed connectionID=7
time="2026-03-03T09:29:38-06:00" level=info msg=NewConnection DisableClientMultiStatements=false connectionID=8
time="2026-03-03T09:29:38-06:00" level=info msg=ConnectionClosed connectionID=8
time="2026-03-03T09:29:38-06:00" level=info msg="Server closing listener. No longer accepting connections."
time="2026-03-03T09:29:38-06:00" level=info msg="stats stopped: context canceled"
Starting server with Config HP="127.0.0.1:13322"|T="28800000"|R="false"|L="info"
time="2026-03-03T10:03:29-06:00" level=info msg="Server ready. Accepting connections."
time="2026-03-03T10:03:29-06:00" level=warning msg="secure_file_priv is set to \"\", which is insecure."
time="2026-03-03T10:03:29-06:00" level=warning msg="Any user with GRANT FILE privileges will be able to read any file which the sql-server process can read."
time="2026-03-03T10:03:29-06:00" level=warning msg="Please consider restarting the server with secure_file_priv set to a safe (or non-existent) directory."
time="2026-03-03T10:03:30-06:00" level=info msg=NewConnection DisableClientMultiStatements=false connectionID=1
time="2026-03-03T10:03:30-06:00" level=info msg=ConnectionClosed connectionID=1
time="2026-03-03T10:03:30-06:00" level=info msg=NewConnection DisableClientMultiStatements=false connectionID=2
time="2026-03-03T10:03:30-06:00" level=info msg=ConnectionClosed connectionID=2
time="2026-03-03T10:03:30-06:00" level=info msg=NewConnection DisableClientMultiStatements=false connectionID=3
time="2026-03-03T10:03:30-06:00" level=info msg=NewConnection DisableClientMultiStatements=false connectionID=4
time="2026-03-03T10:03:30-06:00" level=info msg=ConnectionClosed connectionID=3
time="2026-03-03T10:03:30-06:00" level=info msg=ConnectionClosed connectionID=4
time="2026-03-03T10:33:13-06:00" level=info msg=NewConnection DisableClientMultiStatements=false connectionID=5
time="2026-03-03T10:33:13-06:00" level=info msg=ConnectionClosed connectionID=5
time="2026-03-03T10:33:13-06:00" level=info msg=NewConnection DisableClientMultiStatements=false connectionID=6
time="2026-03-03T10:33:13-06:00" level=info msg=NewConnection DisableClientMultiStatements=false connectionID=7
time="2026-03-03T10:33:13-06:00" level=info msg=ConnectionClosed connectionID=6
time="2026-03-03T10:33:13-06:00" level=info msg=ConnectionClosed connectionID=7
time="2026-03-03T10:33:32-06:00" level=info msg=NewConnection DisableClientMultiStatements=false connectionID=8
time="2026-03-03T10:33:32-06:00" level=info msg="Server closing listener. No longer accepting connections."
time="2026-03-03T10:33:32-06:00" level=info msg=ConnectionClosed connectionID=8
time="2026-03-03T10:33:32-06:00" level=info msg="stats stopped: context canceled"
Starting server with Config HP="127.0.0.1:13322"|T="28800000"|R="false"|L="info"
time="2026-03-03T11:06:26-06:00" level=info msg="Server ready. Accepting connections."
time="2026-03-03T11:06:26-06:00" level=warning msg="secure_file_priv is set to \"\", which is insecure."
time="2026-03-03T11:06:26-06:00" level=warning msg="Any user with GRANT FILE privileges will be able to read any file which the sql-server process can read."
time="2026-03-03T11:06:26-06:00" level=warning msg="Please consider restarting the server with secure_file_priv set to a safe (or non-existent) directory."
time="2026-03-03T11:06:27-06:00" level=info msg=NewConnection DisableClientMultiStatements=false connectionID=1
time="2026-03-03T11:06:27-06:00" level=info msg=ConnectionClosed connectionID=1
time="2026-03-03T11:06:27-06:00" level=info msg=NewConnection DisableClientMultiStatements=false connectionID=2
time="2026-03-03T11:06:27-06:00" level=info msg=ConnectionClosed connectionID=2
time="2026-03-03T11:06:27-06:00" level=info msg=NewConnection DisableClientMultiStatements=false connectionID=3
time="2026-03-03T11:06:27-06:00" level=info msg=NewConnection DisableClientMultiStatements=false connectionID=4
time="2026-03-03T11:06:27-06:00" level=info msg=ConnectionClosed connectionID=3
time="2026-03-03T11:06:27-06:00" level=info msg=ConnectionClosed connectionID=4
time="2026-03-03T11:34:10-06:00" level=info msg=NewConnection DisableClientMultiStatements=false connectionID=5
time="2026-03-03T11:34:10-06:00" level=info msg=ConnectionClosed connectionID=5
time="2026-03-03T11:34:10-06:00" level=info msg=NewConnection DisableClientMultiStatements=false connectionID=6
time="2026-03-03T11:34:10-06:00" level=info msg=NewConnection DisableClientMultiStatements=false connectionID=7
time="2026-03-03T11:34:10-06:00" level=info msg=ConnectionClosed connectionID=6
time="2026-03-03T11:34:10-06:00" level=info msg=ConnectionClosed connectionID=7
time="2026-03-03T11:36:29-06:00" level=info msg=NewConnection DisableClientMultiStatements=false connectionID=8
time="2026-03-03T11:36:29-06:00" level=info msg=ConnectionClosed connectionID=8
time="2026-03-03T11:36:29-06:00" level=info msg="Server closing listener. No longer accepting connections."
time="2026-03-03T11:36:29-06:00" level=info msg="stats stopped: context canceled"
Starting server with Config HP="127.0.0.1:13322"|T="28800000"|R="false"|L="info"
time="2026-03-03T12:04:10-06:00" level=info msg="Server ready. Accepting connections."
time="2026-03-03T12:04:10-06:00" level=warning msg="secure_file_priv is set to \"\", which is insecure."
time="2026-03-03T12:04:10-06:00" level=warning msg="Any user with GRANT FILE privileges will be able to read any file which the sql-server process can read."
time="2026-03-03T12:04:10-06:00" level=warning msg="Please consider restarting the server with secure_file_priv set to a safe (or non-existent) directory."
time="2026-03-03T12:04:11-06:00" level=info msg=NewConnection DisableClientMultiStatements=false connectionID=1
time="2026-03-03T12:04:11-06:00" level=info msg=ConnectionClosed connectionID=1
time="2026-03-03T12:04:11-06:00" level=info msg=NewConnection DisableClientMultiStatements=false connectionID=2
time="2026-03-03T12:04:11-06:00" level=info msg=ConnectionClosed connectionID=2
time="2026-03-03T12:04:11-06:00" level=info msg=NewConnection DisableClientMultiStatements=false connectionID=3
time="2026-03-03T12:04:11-06:00" level=info msg=NewConnection DisableClientMultiStatements=false connectionID=4
time="2026-03-03T12:04:11-06:00" level=info msg=ConnectionClosed connectionID=3
time="2026-03-03T12:04:11-06:00" level=info msg=ConnectionClosed connectionID=4
time="2026-03-03T12:04:35-06:00" level=info msg="Server closing listener. No longer accepting connections."
time="2026-03-03T12:04:35-06:00" level=info msg="stats stopped: context canceled"
Starting server with Config HP="127.0.0.1:13322"|T="28800000"|R="false"|L="info"
time="2026-03-03T12:05:11-06:00" level=info msg="Server ready. Accepting connections."
time="2026-03-03T12:05:11-06:00" level=warning msg="secure_file_priv is set to \"\", which is insecure."
time="2026-03-03T12:05:11-06:00" level=warning msg="Any user with GRANT FILE privileges will be able to read any file which the sql-server process can read."
time="2026-03-03T12:05:11-06:00" level=warning msg="Please consider restarting the server with secure_file_priv set to a safe (or non-existent) directory."
time="2026-03-03T12:05:11-06:00" level=info msg=NewConnection DisableClientMultiStatements=false connectionID=1
time="2026-03-03T12:05:11-06:00" level=info msg=ConnectionClosed connectionID=1
time="2026-03-03T12:05:13-06:00" level=info msg=NewConnection DisableClientMultiStatements=false connectionID=2
time="2026-03-03T12:05:13-06:00" level=info msg=ConnectionClosed connectionID=2
time="2026-03-03T12:05:13-06:00" level=info msg=NewConnection DisableClientMultiStatements=false connectionID=3
time="2026-03-03T12:05:13-06:00" level=info msg=NewConnection DisableClientMultiStatements=false connectionID=4
time="2026-03-03T12:05:13-06:00" level=info msg=ConnectionClosed connectionID=3
time="2026-03-03T12:05:13-06:00" level=info msg=ConnectionClosed connectionID=4
time="2026-03-03T12:35:14-06:00" level=info msg=NewConnection DisableClientMultiStatements=false connectionID=5
time="2026-03-03T12:35:14-06:00" level=info msg="Server closing listener. No longer accepting connections."
time="2026-03-03T12:35:14-06:00" level=info msg=ConnectionClosed connectionID=5
time="2026-03-03T12:35:14-06:00" level=info msg="stats stopped: context canceled"
Starting server with Config HP="127.0.0.1:13322"|T="28800000"|R="false"|L="info"
time="2026-03-03T13:04:07-06:00" level=info msg="Server ready. Accepting connections."
time="2026-03-03T13:04:07-06:00" level=warning msg="secure_file_priv is set to \"\", which is insecure."
time="2026-03-03T13:04:07-06:00" level=warning msg="Any user with GRANT FILE privileges will be able to read any file which the sql-server process can read."
time="2026-03-03T13:04:07-06:00" level=warning msg="Please consider restarting the server with secure_file_priv set to a safe (or non-existent) directory."
time="2026-03-03T13:04:07-06:00" level=info msg=NewConnection DisableClientMultiStatements=false connectionID=1
time="2026-03-03T13:04:07-06:00" level=info msg=ConnectionClosed connectionID=1
time="2026-03-03T13:04:07-06:00" level=info msg=NewConnection DisableClientMultiStatements=false connectionID=2
time="2026-03-03T13:04:07-06:00" level=info msg=ConnectionClosed connectionID=2
time="2026-03-03T13:04:07-06:00" level=info msg=NewConnection DisableClientMultiStatements=false connectionID=3
time="2026-03-03T13:04:07-06:00" level=info msg=NewConnection DisableClientMultiStatements=false connectionID=4
time="2026-03-03T13:04:07-06:00" level=info msg=ConnectionClosed connectionID=3
time="2026-03-03T13:04:07-06:00" level=info msg=ConnectionClosed connectionID=4
time="2026-03-03T13:34:10-06:00" level=info msg=NewConnection DisableClientMultiStatements=false connectionID=5
time="2026-03-03T13:34:10-06:00" level=info msg="Server closing listener. No longer accepting connections."
time="2026-03-03T13:34:10-06:00" level=info msg=ConnectionClosed connectionID=5
time="2026-03-03T13:34:10-06:00" level=info msg="stats stopped: context canceled"
Starting server with Config HP="127.0.0.1:13322"|T="28800000"|R="false"|L="info"
time="2026-03-03T13:40:21-06:00" level=info msg="Server ready. Accepting connections."
time="2026-03-03T13:40:21-06:00" level=warning msg="secure_file_priv is set to \"\", which is insecure."
time="2026-03-03T13:40:21-06:00" level=warning msg="Any user with GRANT FILE privileges will be able to read any file which the sql-server process can read."
time="2026-03-03T13:40:21-06:00" level=warning msg="Please consider restarting the server with secure_file_priv set to a safe (or non-existent) directory."
time="2026-03-03T13:40:22-06:00" level=info msg=NewConnection DisableClientMultiStatements=false connectionID=1
time="2026-03-03T13:40:22-06:00" level=info msg=ConnectionClosed connectionID=1
time="2026-03-03T13:40:22-06:00" level=info msg=NewConnection DisableClientMultiStatements=false connectionID=2
time="2026-03-03T13:40:22-06:00" level=info msg=ConnectionClosed connectionID=2
time="2026-03-03T13:40:22-06:00" level=info msg=NewConnection DisableClientMultiStatements=false connectionID=3
time="2026-03-03T13:40:22-06:00" level=info msg=NewConnection DisableClientMultiStatements=false connectionID=4
time="2026-03-03T13:40:22-06:00" level=info msg=ConnectionClosed connectionID=3
time="2026-03-03T13:40:22-06:00" level=info msg=ConnectionClosed connectionID=4
time="2026-03-03T14:10:24-06:00" level=info msg=NewConnection DisableClientMultiStatements=false connectionID=5
time="2026-03-03T14:10:24-06:00" level=info msg=ConnectionClosed connectionID=5
time="2026-03-03T14:10:24-06:00" level=info msg="Server closing listener. No longer accepting connections."
time="2026-03-03T14:10:24-06:00" level=info msg="stats stopped: context canceled"
Starting server with Config HP="127.0.0.1:13322"|T="28800000"|R="false"|L="info"
time="2026-03-03T14:17:07-06:00" level=info msg="Server ready. Accepting connections."
time="2026-03-03T14:17:07-06:00" level=warning msg="secure_file_priv is set to \"\", which is insecure."
time="2026-03-03T14:17:07-06:00" level=warning msg="Any user with GRANT FILE privileges will be able to read any file which the sql-server process can read."
time="2026-03-03T14:17:07-06:00" level=warning msg="Please consider restarting the server with secure_file_priv set to a safe (or non-existent) directory."
time="2026-03-03T14:17:07-06:00" level=info msg=NewConnection DisableClientMultiStatements=false connectionID=1
time="2026-03-03T14:17:07-06:00" level=info msg=ConnectionClosed connectionID=1
time="2026-03-03T14:17:07-06:00" level=info msg=NewConnection DisableClientMultiStatements=false connectionID=2
time="2026-03-03T14:17:07-06:00" level=info msg=ConnectionClosed connectionID=2
time="2026-03-03T14:17:07-06:00" level=info msg=NewConnection DisableClientMultiStatements=false connectionID=3
time="2026-03-03T14:17:07-06:00" level=info msg=NewConnection DisableClientMultiStatements=false connectionID=4
time="2026-03-03T14:17:07-06:00" level=info msg=ConnectionClosed connectionID=3
time="2026-03-03T14:17:07-06:00" level=info msg=ConnectionClosed connectionID=4
time="2026-03-03T14:24:23-06:00" level=info msg=NewConnection DisableClientMultiStatements=false connectionID=5
time="2026-03-03T14:24:23-06:00" level=info msg=ConnectionClosed connectionID=5
time="2026-03-03T14:24:23-06:00" level=info msg=NewConnection DisableClientMultiStatements=false connectionID=6
time="2026-03-03T14:24:23-06:00" level=info msg=NewConnection DisableClientMultiStatements=false connectionID=7
time="2026-03-03T14:24:23-06:00" level=info msg=ConnectionClosed connectionID=6
time="2026-03-03T14:24:23-06:00" level=info msg=ConnectionClosed connectionID=7
time="2026-03-03T14:47:10-06:00" level=info msg=NewConnection DisableClientMultiStatements=false connectionID=8
time="2026-03-03T14:47:10-06:00" level=info msg=ConnectionClosed connectionID=8
time="2026-03-03T14:47:10-06:00" level=info msg="Server closing listener. No longer accepting connections."
time="2026-03-03T14:47:10-06:00" level=info msg="stats stopped: context canceled"
Starting server with Config HP="127.0.0.1:13322"|T="28800000"|R="false"|L="info"
time="2026-03-03T16:02:28-06:00" level=info msg="Server ready. Accepting connections."
time="2026-03-03T16:02:28-06:00" level=warning msg="secure_file_priv is set to \"\", which is insecure."
time="2026-03-03T16:02:28-06:00" level=warning msg="Any user with GRANT FILE privileges will be able to read any file which the sql-server process can read."
time="2026-03-03T16:02:28-06:00" level=warning msg="Please consider restarting the server with secure_file_priv set to a safe (or non-existent) directory."
time="2026-03-03T16:02:28-06:00" level=info msg=NewConnection DisableClientMultiStatements=false connectionID=1
time="2026-03-03T16:02:28-06:00" level=info msg=ConnectionClosed connectionID=1
time="2026-03-03T16:02:28-06:00" level=info msg=NewConnection DisableClientMultiStatements=false connectionID=2
time="2026-03-03T16:02:28-06:00" level=info msg=ConnectionClosed connectionID=2
time="2026-03-03T16:02:28-06:00" level=info msg=NewConnection DisableClientMultiStatements=false connectionID=3
time="2026-03-03T16:02:28-06:00" level=info msg=NewConnection DisableClientMultiStatements=false connectionID=4
time="2026-03-03T16:02:28-06:00" level=info msg=ConnectionClosed connectionID=3
time="2026-03-03T16:02:28-06:00" level=info msg=ConnectionClosed connectionID=4
time="2026-03-03T16:32:31-06:00" level=info msg=NewConnection DisableClientMultiStatements=false connectionID=5
time="2026-03-03T16:32:31-06:00" level=info msg=ConnectionClosed connectionID=5
time="2026-03-03T16:32:31-06:00" level=info msg="Server closing listener. No longer accepting connections."
time="2026-03-03T16:32:31-06:00" level=info msg="stats stopped: context canceled"
Starting server with Config HP="127.0.0.1:13322"|T="28800000"|R="false"|L="info"
time="2026-03-03T17:01:15-06:00" level=info msg="Server ready. Accepting connections."
time="2026-03-03T17:01:15-06:00" level=warning msg="secure_file_priv is set to \"\", which is insecure."
time="2026-03-03T17:01:15-06:00" level=warning msg="Any user with GRANT FILE privileges will be able to read any file which the sql-server process can read."
time="2026-03-03T17:01:15-06:00" level=warning msg="Please consider restarting the server with secure_file_priv set to a safe (or non-existent) directory."
time="2026-03-03T17:01:16-06:00" level=info msg=NewConnection DisableClientMultiStatements=false connectionID=1
time="2026-03-03T17:01:16-06:00" level=info msg=ConnectionClosed connectionID=1
time="2026-03-03T17:01:16-06:00" level=info msg=NewConnection DisableClientMultiStatements=false connectionID=2
time="2026-03-03T17:01:16-06:00" level=info msg=ConnectionClosed connectionID=2
time="2026-03-03T17:01:16-06:00" level=info msg=NewConnection DisableClientMultiStatements=false connectionID=3
time="2026-03-03T17:01:16-06:00" level=info msg=NewConnection DisableClientMultiStatements=false connectionID=4
time="2026-03-03T17:01:16-06:00" level=info msg=ConnectionClosed connectionID=3
time="2026-03-03T17:01:16-06:00" level=info msg=ConnectionClosed connectionID=4
time="2026-03-03T17:31:18-06:00" level=info msg=NewConnection DisableClientMultiStatements=false connectionID=5
time="2026-03-03T17:31:18-06:00" level=info msg=ConnectionClosed connectionID=5
time="2026-03-03T17:31:18-06:00" level=info msg="Server closing listener. No longer accepting connections."
time="2026-03-03T17:31:18-06:00" level=info msg="stats stopped: context canceled"
Starting server with Config HP="127.0.0.1:13322"|T="28800000"|R="false"|L="info"
time="2026-03-03T19:57:37-06:00" level=info msg="Server ready. Accepting connections."
time="2026-03-03T19:57:37-06:00" level=warning msg="secure_file_priv is set to \"\", which is insecure."
time="2026-03-03T19:57:37-06:00" level=warning msg="Any user with GRANT FILE privileges will be able to read any file which the sql-server process can read."
time="2026-03-03T19:57:37-06:00" level=warning msg="Please consider restarting the server with secure_file_priv set to a safe (or non-existent) directory."
time="2026-03-03T19:57:37-06:00" level=info msg=NewConnection DisableClientMultiStatements=false connectionID=1
time="2026-03-03T19:57:37-06:00" level=info msg=ConnectionClosed connectionID=1
time="2026-03-03T19:57:37-06:00" level=info msg=NewConnection DisableClientMultiStatements=false connectionID=2
time="2026-03-03T19:57:37-06:00" level=info msg=ConnectionClosed connectionID=2
time="2026-03-03T19:57:37-06:00" level=info msg=NewConnection DisableClientMultiStatements=false connectionID=3
time="2026-03-03T19:57:37-06:00" level=info msg=NewConnection DisableClientMultiStatements=false connectionID=4
time="2026-03-03T19:57:37-06:00" level=info msg=ConnectionClosed connectionID=3
time="2026-03-03T19:57:37-06:00" level=info msg=ConnectionClosed connectionID=4
time="2026-03-03T20:27:22-06:00" level=info msg="Server closing listener. No longer accepting connections."
time="2026-03-03T20:27:22-06:00" level=info msg="stats stopped: context canceled"
Starting server with Config HP="127.0.0.1:13322"|T="28800000"|R="false"|L="info"
time="2026-03-03T21:29:38-06:00" level=info msg="Server ready. Accepting connections."
time="2026-03-03T21:29:38-06:00" level=warning msg="secure_file_priv is set to \"\", which is insecure."
time="2026-03-03T21:29:38-06:00" level=warning msg="Any user with GRANT FILE privileges will be able to read any file which the sql-server process can read."
time="2026-03-03T21:29:38-06:00" level=warning msg="Please consider restarting the server with secure_file_priv set to a safe (or non-existent) directory."
time="2026-03-03T21:29:38-06:00" level=info msg=NewConnection DisableClientMultiStatements=false connectionID=1
time="2026-03-03T21:29:38-06:00" level=info msg=ConnectionClosed connectionID=1
time="2026-03-03T21:29:38-06:00" level=info msg=NewConnection DisableClientMultiStatements=false connectionID=2
time="2026-03-03T21:29:38-06:00" level=info msg=ConnectionClosed connectionID=2
time="2026-03-03T21:29:38-06:00" level=info msg=NewConnection DisableClientMultiStatements=false connectionID=3
time="2026-03-03T21:29:38-06:00" level=info msg=NewConnection DisableClientMultiStatements=false connectionID=4
time="2026-03-03T21:29:38-06:00" level=info msg=ConnectionClosed connectionID=3
time="2026-03-03T21:29:38-06:00" level=info msg=ConnectionClosed connectionID=4
time="2026-03-03T21:59:40-06:00" level=info msg=NewConnection DisableClientMultiStatements=false connectionID=5
time="2026-03-03T21:59:40-06:00" level=info msg=ConnectionClosed connectionID=5
time="2026-03-03T21:59:40-06:00" level=info msg="Server closing listener. No longer accepting connections."
time="2026-03-03T21:59:40-06:00" level=info msg="stats stopped: context canceled"
Starting server with Config HP="127.0.0.1:13322"|T="28800000"|R="false"|L="info"
time="2026-03-03T22:29:27-06:00" level=info msg="Server ready. Accepting connections."
time="2026-03-03T22:29:27-06:00" level=warning msg="secure_file_priv is set to \"\", which is insecure."
time="2026-03-03T22:29:27-06:00" level=warning msg="Any user with GRANT FILE privileges will be able to read any file which the sql-server process can read."
time="2026-03-03T22:29:27-06:00" level=warning msg="Please consider restarting the server with secure_file_priv set to a safe (or non-existent) directory."
time="2026-03-03T22:29:28-06:00" level=info msg=NewConnection DisableClientMultiStatements=false connectionID=1
time="2026-03-03T22:29:28-06:00" level=info msg=ConnectionClosed connectionID=1
time="2026-03-03T22:29:28-06:00" level=info msg=NewConnection DisableClientMultiStatements=false connectionID=2
time="2026-03-03T22:29:28-06:00" level=info msg=ConnectionClosed connectionID=2
time="2026-03-03T22:29:28-06:00" level=info msg=NewConnection DisableClientMultiStatements=false connectionID=3
time="2026-03-03T22:29:28-06:00" level=info msg=NewConnection DisableClientMultiStatements=false connectionID=4
time="2026-03-03T22:29:28-06:00" level=info msg=ConnectionClosed connectionID=3
time="2026-03-03T22:29:28-06:00" level=info msg=ConnectionClosed connectionID=4
time="2026-03-03T22:58:59-06:00" level=info msg=NewConnection DisableClientMultiStatements=false connectionID=5
time="2026-03-03T22:58:59-06:00" level=info msg=ConnectionClosed connectionID=5
time="2026-03-03T22:58:59-06:00" level=info msg=NewConnection DisableClientMultiStatements=false connectionID=6
time="2026-03-03T22:58:59-06:00" level=info msg=NewConnection DisableClientMultiStatements=false connectionID=7
time="2026-03-03T22:58:59-06:00" level=info msg=ConnectionClosed connectionID=6
time="2026-03-03T22:58:59-06:00" level=info msg=ConnectionClosed connectionID=7
time="2026-03-03T22:59:30-06:00" level=info msg=NewConnection DisableClientMultiStatements=false connectionID=8
time="2026-03-03T22:59:30-06:00" level=info msg=ConnectionClosed connectionID=8
time="2026-03-03T22:59:30-06:00" level=info msg="Server closing listener. No longer accepting connections."
time="2026-03-03T22:59:30-06:00" level=info msg="stats stopped: context canceled"
Starting server with Config HP="127.0.0.1:13322"|T="28800000"|R="false"|L="info"
time="2026-03-03T23:58:58-06:00" level=info msg="Server ready. Accepting connections."
time="2026-03-03T23:58:58-06:00" level=warning msg="secure_file_priv is set to \"\", which is insecure."
time="2026-03-03T23:58:58-06:00" level=warning msg="Any user with GRANT FILE privileges will be able to read any file which the sql-server process can read."
time="2026-03-03T23:58:58-06:00" level=warning msg="Please consider restarting the server with secure_file_priv set to a safe (or non-existent) directory."
time="2026-03-03T23:58:58-06:00" level=info msg=NewConnection DisableClientMultiStatements=false connectionID=1
time="2026-03-03T23:58:58-06:00" level=info msg=ConnectionClosed connectionID=1
time="2026-03-03T23:58:58-06:00" level=info msg=NewConnection DisableClientMultiStatements=false connectionID=2
time="2026-03-03T23:58:58-06:00" level=info msg=ConnectionClosed connectionID=2
time="2026-03-03T23:58:58-06:00" level=info msg=NewConnection DisableClientMultiStatements=false connectionID=3
time="2026-03-03T23:58:58-06:00" level=info msg=NewConnection DisableClientMultiStatements=false connectionID=4
time="2026-03-03T23:58:58-06:00" level=info msg=ConnectionClosed connectionID=3
time="2026-03-03T23:58:58-06:00" level=info msg=ConnectionClosed connectionID=4
time="2026-03-04T00:29:00-06:00" level=info msg=NewConnection DisableClientMultiStatements=false connectionID=5
time="2026-03-04T00:29:00-06:00" level=info msg=ConnectionClosed connectionID=5
time="2026-03-04T00:29:00-06:00" level=info msg="Server closing listener. No longer accepting connections."
time="2026-03-04T00:29:00-06:00" level=info msg="stats stopped: context canceled"
Starting server with Config HP="127.0.0.1:13322"|T="28800000"|R="false"|L="info"
time="2026-03-04T00:59:55-06:00" level=info msg="Server ready. Accepting connections."
time="2026-03-04T00:59:55-06:00" level=warning msg="secure_file_priv is set to \"\", which is insecure."
time="2026-03-04T00:59:55-06:00" level=warning msg="Any user with GRANT FILE privileges will be able to read any file which the sql-server process can read."
time="2026-03-04T00:59:55-06:00" level=warning msg="Please consider restarting the server with secure_file_priv set to a safe (or non-existent) directory."
time="2026-03-04T00:59:56-06:00" level=info msg=NewConnection DisableClientMultiStatements=false connectionID=1
time="2026-03-04T00:59:56-06:00" level=info msg=ConnectionClosed connectionID=1
time="2026-03-04T00:59:56-06:00" level=info msg=NewConnection DisableClientMultiStatements=false connectionID=2
time="2026-03-04T00:59:56-06:00" level=info msg=ConnectionClosed connectionID=2
time="2026-03-04T00:59:56-06:00" level=info msg=NewConnection DisableClientMultiStatements=false connectionID=3
time="2026-03-04T00:59:56-06:00" level=info msg=NewConnection DisableClientMultiStatements=false connectionID=4
time="2026-03-04T00:59:56-06:00" level=info msg=ConnectionClosed connectionID=3
time="2026-03-04T00:59:56-06:00" level=info msg=ConnectionClosed connectionID=4
time="2026-03-04T01:30:00-06:00" level=info msg=NewConnection DisableClientMultiStatements=false connectionID=5
time="2026-03-04T01:30:00-06:00" level=info msg=ConnectionClosed connectionID=5
time="2026-03-04T01:30:00-06:00" level=info msg="Server closing listener. No longer accepting connections."
time="2026-03-04T01:30:00-06:00" level=info msg="stats stopped: context canceled"
Starting server with Config HP="127.0.0.1:13322"|T="28800000"|R="false"|L="info"
time="2026-03-04T02:47:02-06:00" level=info msg="Server ready. Accepting connections."
time="2026-03-04T02:47:02-06:00" level=warning msg="secure_file_priv is set to \"\", which is insecure."
time="2026-03-04T02:47:02-06:00" level=warning msg="Any user with GRANT FILE privileges will be able to read any file which the sql-server process can read."
time="2026-03-04T02:47:02-06:00" level=warning msg="Please consider restarting the server with secure_file_priv set to a safe (or non-existent) directory."
time="2026-03-04T02:47:02-06:00" level=info msg=NewConnection DisableClientMultiStatements=false connectionID=1
time="2026-03-04T02:47:02-06:00" level=info msg=ConnectionClosed connectionID=1
time="2026-03-04T02:47:02-06:00" level=info msg=NewConnection DisableClientMultiStatements=false connectionID=2
time="2026-03-04T02:47:02-06:00" level=info msg=ConnectionClosed connectionID=2
time="2026-03-04T02:47:02-06:00" level=info msg=NewConnection DisableClientMultiStatements=false connectionID=3
time="2026-03-04T02:47:02-06:00" level=info msg=NewConnection DisableClientMultiStatements=false connectionID=4
time="2026-03-04T02:47:02-06:00" level=info msg=ConnectionClosed connectionID=3
time="2026-03-04T02:47:02-06:00" level=info msg=ConnectionClosed connectionID=4
time="2026-03-04T03:17:04-06:00" level=info msg=NewConnection DisableClientMultiStatements=false connectionID=5
time="2026-03-04T03:17:04-06:00" level=info msg=ConnectionClosed connectionID=5
time="2026-03-04T03:17:04-06:00" level=info msg="Server closing listener. No longer accepting connections."
time="2026-03-04T03:17:04-06:00" level=info msg="stats stopped: context canceled"
Starting server with Config HP="127.0.0.1:13322"|T="28800000"|R="false"|L="info"
time="2026-03-04T03:50:17-06:00" level=info msg="Server ready. Accepting connections."
time="2026-03-04T03:50:17-06:00" level=warning msg="secure_file_priv is set to \"\", which is insecure."
time="2026-03-04T03:50:17-06:00" level=warning msg="Any user with GRANT FILE privileges will be able to read any file which the sql-server process can read."
time="2026-03-04T03:50:17-06:00" level=warning msg="Please consider restarting the server with secure_file_priv set to a safe (or non-existent) directory."
time="2026-03-04T03:50:18-06:00" level=info msg=NewConnection DisableClientMultiStatements=false connectionID=1
time="2026-03-04T03:50:18-06:00" level=info msg=ConnectionClosed connectionID=1
time="2026-03-04T03:50:18-06:00" level=info msg=NewConnection DisableClientMultiStatements=false connectionID=2
time="2026-03-04T03:50:18-06:00" level=info msg=ConnectionClosed connectionID=2
time="2026-03-04T03:50:18-06:00" level=info msg=NewConnection DisableClientMultiStatements=false connectionID=3
time="2026-03-04T03:50:18-06:00" level=info msg=NewConnection DisableClientMultiStatements=false connectionID=4
time="2026-03-04T03:50:18-06:00" level=info msg=ConnectionClosed connectionID=3
time="2026-03-04T03:50:18-06:00" level=info msg=ConnectionClosed connectionID=4
time="2026-03-04T03:51:34-06:00" level=info msg=NewConnection DisableClientMultiStatements=false connectionID=5
time="2026-03-04T03:51:34-06:00" level=info msg=ConnectionClosed connectionID=5
time="2026-03-04T03:51:34-06:00" level=info msg=NewConnection DisableClientMultiStatements=false connectionID=6
time="2026-03-04T03:51:34-06:00" level=info msg=NewConnection DisableClientMultiStatements=false connectionID=7
time="2026-03-04T03:51:34-06:00" level=info msg=ConnectionClosed connectionID=6
time="2026-03-04T03:51:34-06:00" level=info msg=ConnectionClosed connectionID=7
time="2026-03-04T03:55:06-06:00" level=info msg=NewConnection DisableClientMultiStatements=false connectionID=8
time="2026-03-04T03:55:06-06:00" level=info msg=ConnectionClosed connectionID=8
time="2026-03-04T03:55:06-06:00" level=info msg=NewConnection DisableClientMultiStatements=false connectionID=9
time="2026-03-04T03:55:06-06:00" level=info msg=NewConnection DisableClientMultiStatements=false connectionID=10
time="2026-03-04T03:55:06-06:00" level=info msg=ConnectionClosed connectionID=9
time="2026-03-04T03:55:06-06:00" level=info msg=ConnectionClosed connectionID=10
time="2026-03-04T03:58:39-06:00" level=info msg=NewConnection DisableClientMultiStatements=false connectionID=11
time="2026-03-04T03:58:39-06:00" level=info msg=ConnectionClosed connectionID=11
time="2026-03-04T03:58:39-06:00" level=info msg=NewConnection DisableClientMultiStatements=false connectionID=12
time="2026-03-04T03:58:39-06:00" level=info msg=NewConnection DisableClientMultiStatements=false connectionID=13
time="2026-03-04T03:58:39-06:00" level=info msg=ConnectionClosed connectionID=12
time="2026-03-04T03:58:39-06:00" level=info msg=ConnectionClosed connectionID=13
time="2026-03-04T04:02:10-06:00" level=info msg=NewConnection DisableClientMultiStatements=false connectionID=14
time="2026-03-04T04:02:10-06:00" level=info msg=ConnectionClosed connectionID=14
time="2026-03-04T04:02:10-06:00" level=info msg=NewConnection DisableClientMultiStatements=false connectionID=15
time="2026-03-04T04:02:10-06:00" level=info msg=NewConnection DisableClientMultiStatements=false connectionID=16
time="2026-03-04T04:02:10-06:00" level=info msg=ConnectionClosed connectionID=15
time="2026-03-04T04:02:10-06:00" level=info msg=ConnectionClosed connectionID=16
time="2026-03-04T04:05:42-06:00" level=info msg=NewConnection DisableClientMultiStatements=false connectionID=17
time="2026-03-04T04:05:42-06:00" level=info msg=ConnectionClosed connectionID=17
time="2026-03-04T04:05:42-06:00" level=info msg=NewConnection DisableClientMultiStatements=false connectionID=18
time="2026-03-04T04:05:42-06:00" level=info msg=NewConnection DisableClientMultiStatements=false connectionID=19
time="2026-03-04T04:05:42-06:00" level=info msg=ConnectionClosed connectionID=18
time="2026-03-04T04:05:42-06:00" level=info msg=ConnectionClosed connectionID=19
time="2026-03-04T04:09:15-06:00" level=info msg=NewConnection DisableClientMultiStatements=false connectionID=20
time="2026-03-04T04:09:15-06:00" level=info msg=ConnectionClosed connectionID=20
time="2026-03-04T04:09:15-06:00" level=info msg=NewConnection DisableClientMultiStatements=false connectionID=21
time="2026-03-04T04:09:15-06:00" level=info msg=NewConnection DisableClientMultiStatements=false connectionID=22
time="2026-03-04T04:09:15-06:00" level=info msg=ConnectionClosed connectionID=21
time="2026-03-04T04:09:15-06:00" level=info msg=ConnectionClosed connectionID=22
time="2026-03-04T04:12:47-06:00" level=info msg=NewConnection DisableClientMultiStatements=false connectionID=23
time="2026-03-04T04:12:47-06:00" level=info msg=ConnectionClosed connectionID=23
time="2026-03-04T04:12:47-06:00" level=info msg=NewConnection DisableClientMultiStatements=false connectionID=24
time="2026-03-04T04:12:47-06:00" level=info msg=NewConnection DisableClientMultiStatements=false connectionID=25
time="2026-03-04T04:12:47-06:00" level=info msg=ConnectionClosed connectionID=24
time="2026-03-04T04:12:47-06:00" level=info msg=ConnectionClosed connectionID=25
time="2026-03-04T04:16:19-06:00" level=info msg=NewConnection DisableClientMultiStatements=false connectionID=26
time="2026-03-04T04:16:19-06:00" level=info msg=ConnectionClosed connectionID=26
time="2026-03-04T04:16:19-06:00" level=info msg=NewConnection DisableClientMultiStatements=false connectionID=27
time="2026-03-04T04:16:19-06:00" level=info msg=NewConnection DisableClientMultiStatements=false connectionID=28
time="2026-03-04T04:16:19-06:00" level=info msg=ConnectionClosed connectionID=27
time="2026-03-04T04:16:19-06:00" level=info msg=ConnectionClosed connectionID=28
time="2026-03-04T04:19:50-06:00" level=info msg=NewConnection DisableClientMultiStatements=false connectionID=29
time="2026-03-04T04:19:50-06:00" level=info msg=NewConnection DisableClientMultiStatements=false connectionID=30
time="2026-03-04T04:19:50-06:00" level=info msg=ConnectionClosed connectionID=29
time="2026-03-04T04:19:50-06:00" level=info msg=NewConnection DisableClientMultiStatements=false connectionID=31
time="2026-03-04T04:19:50-06:00" level=info msg=ConnectionClosed connectionID=30
time="2026-03-04T04:19:50-06:00" level=info msg=ConnectionClosed connectionID=31
time="2026-03-04T04:20:20-06:00" level=info msg=NewConnection DisableClientMultiStatements=false connectionID=32
time="2026-03-04T04:20:20-06:00" level=info msg=ConnectionClosed connectionID=32
time="2026-03-04T04:20:20-06:00" level=info msg="Server closing listener. No longer accepting connections."
time="2026-03-04T04:20:20-06:00" level=info msg="stats stopped: context canceled"
Starting server with Config HP="127.0.0.1:13322"|T="28800000"|R="false"|L="info"
time="2026-03-04T04:23:22-06:00" level=info msg="Server ready. Accepting connections."
time="2026-03-04T04:23:22-06:00" level=warning msg="secure_file_priv is set to \"\", which is insecure."
time="2026-03-04T04:23:22-06:00" level=warning msg="Any user with GRANT FILE privileges will be able to read any file which the sql-server process can read."
time="2026-03-04T04:23:22-06:00" level=warning msg="Please consider restarting the server with secure_file_priv set to a safe (or non-existent) directory."
time="2026-03-04T04:23:22-06:00" level=info msg=NewConnection DisableClientMultiStatements=false connectionID=1
time="2026-03-04T04:23:22-06:00" level=info msg=ConnectionClosed connectionID=1
time="2026-03-04T04:23:22-06:00" level=info msg=NewConnection DisableClientMultiStatements=false connectionID=2
time="2026-03-04T04:23:22-06:00" level=info msg=ConnectionClosed connectionID=2
time="2026-03-04T04:23:22-06:00" level=info msg=NewConnection DisableClientMultiStatements=false connectionID=3
time="2026-03-04T04:23:22-06:00" level=info msg=NewConnection DisableClientMultiStatements=false connectionID=4
time="2026-03-04T04:23:22-06:00" level=info msg=ConnectionClosed connectionID=3
time="2026-03-04T04:23:22-06:00" level=info msg=ConnectionClosed connectionID=4
time="2026-03-04T04:26:52-06:00" level=info msg=NewConnection DisableClientMultiStatements=false connectionID=5
time="2026-03-04T04:26:52-06:00" level=info msg=ConnectionClosed connectionID=5
time="2026-03-04T04:26:52-06:00" level=info msg=NewConnection DisableClientMultiStatements=false connectionID=6
time="2026-03-04T04:26:52-06:00" level=info msg=NewConnection DisableClientMultiStatements=false connectionID=7
time="2026-03-04T04:26:52-06:00" level=info msg=ConnectionClosed connectionID=6
time="2026-03-04T04:26:52-06:00" level=info msg=ConnectionClosed connectionID=7
time="2026-03-04T04:30:23-06:00" level=info msg=NewConnection DisableClientMultiStatements=false connectionID=8
time="2026-03-04T04:30:23-06:00" level=info msg=ConnectionClosed connectionID=8
time="2026-03-04T04:30:23-06:00" level=info msg=NewConnection DisableClientMultiStatements=false connectionID=9
time="2026-03-04T04:30:23-06:00" level=info msg=NewConnection DisableClientMultiStatements=false connectionID=10
time="2026-03-04T04:30:23-06:00" level=info msg=ConnectionClosed connectionID=9
time="2026-03-04T04:30:23-06:00" level=info msg=ConnectionClosed connectionID=10
time="2026-03-04T04:33:54-06:00" level=info msg=NewConnection DisableClientMultiStatements=false connectionID=11
time="2026-03-04T04:33:54-06:00" level=info msg=NewConnection DisableClientMultiStatements=false connectionID=12
time="2026-03-04T04:33:54-06:00" level=info msg=ConnectionClosed connectionID=11
time="2026-03-04T04:33:54-06:00" level=info msg=NewConnection DisableClientMultiStatements=false connectionID=13
time="2026-03-04T04:33:54-06:00" level=info msg=ConnectionClosed connectionID=12
time="2026-03-04T04:33:54-06:00" level=info msg=ConnectionClosed connectionID=13
time="2026-03-04T04:37:25-06:00" level=info msg=NewConnection DisableClientMultiStatements=false connectionID=14
time="2026-03-04T04:37:25-06:00" level=info msg=ConnectionClosed connectionID=14
time="2026-03-04T04:37:25-06:00" level=info msg=NewConnection DisableClientMultiStatements=false connectionID=15
time="2026-03-04T04:37:25-06:00" level=info msg=NewConnection DisableClientMultiStatements=false connectionID=16
time="2026-03-04T04:37:25-06:00" level=info msg=ConnectionClosed connectionID=15
time="2026-03-04T04:37:25-06:00" level=info msg=ConnectionClosed connectionID=16
time="2026-03-04T04:40:56-06:00" level=info msg=NewConnection DisableClientMultiStatements=false connectionID=17
time="2026-03-04T04:40:56-06:00" level=info msg=ConnectionClosed connectionID=17
time="2026-03-04T04:40:56-06:00" level=info msg=NewConnection DisableClientMultiStatements=false connectionID=18
time="2026-03-04T04:40:56-06:00" level=info msg=NewConnection DisableClientMultiStatements=false connectionID=19
time="2026-03-04T04:40:56-06:00" level=info msg=ConnectionClosed connectionID=18
time="2026-03-04T04:40:56-06:00" level=info msg=ConnectionClosed connectionID=19
time="2026-03-04T04:44:26-06:00" level=info msg=NewConnection DisableClientMultiStatements=false connectionID=20
time="2026-03-04T04:44:26-06:00" level=info msg=ConnectionClosed connectionID=20
time="2026-03-04T04:44:26-06:00" level=info msg=NewConnection DisableClientMultiStatements=false connectionID=21
time="2026-03-04T04:44:26-06:00" level=info msg=NewConnection DisableClientMultiStatements=false connectionID=22
time="2026-03-04T04:44:26-06:00" level=info msg=ConnectionClosed connectionID=21
time="2026-03-04T04:44:26-06:00" level=info msg=ConnectionClosed connectionID=22
time="2026-03-04T04:47:52-06:00" level=info msg=NewConnection DisableClientMultiStatements=false connectionID=23
time="2026-03-04T04:47:52-06:00" level=info msg=ConnectionClosed connectionID=23
time="2026-03-04T04:47:52-06:00" level=info msg=NewConnection DisableClientMultiStatements=false connectionID=24
time="2026-03-04T04:47:52-06:00" level=info msg=NewConnection DisableClientMultiStatements=false connectionID=25
time="2026-03-04T04:47:52-06:00" level=info msg=ConnectionClosed connectionID=24
time="2026-03-04T04:47:52-06:00" level=info msg=ConnectionClosed connectionID=25
time="2026-03-04T04:47:57-06:00" level=info msg=NewConnection DisableClientMultiStatements=false connectionID=26
time="2026-03-04T04:47:57-06:00" level=info msg=ConnectionClosed connectionID=26
time="2026-03-04T04:47:57-06:00" level=info msg=NewConnection DisableClientMultiStatements=false connectionID=27
time="2026-03-04T04:47:57-06:00" level=info msg=NewConnection DisableClientMultiStatements=false connectionID=28
time="2026-03-04T04:47:57-06:00" level=info msg=ConnectionClosed connectionID=27
time="2026-03-04T04:47:57-06:00" level=info msg=ConnectionClosed connectionID=28
time="2026-03-04T04:51:27-06:00" level=info msg=NewConnection DisableClientMultiStatements=false connectionID=29
time="2026-03-04T04:51:27-06:00" level=info msg=NewConnection DisableClientMultiStatements=false connectionID=30
time="2026-03-04T04:51:27-06:00" level=info msg=ConnectionClosed connectionID=29
time="2026-03-04T04:51:27-06:00" level=info msg=NewConnection DisableClientMultiStatements=false connectionID=31
time="2026-03-04T04:51:27-06:00" level=info msg=ConnectionClosed connectionID=30
time="2026-03-04T04:51:27-06:00" level=info msg=ConnectionClosed connectionID=31
time="2026-03-04T04:53:24-06:00" level=info msg=NewConnection DisableClientMultiStatements=false connectionID=32
time="2026-03-04T04:53:24-06:00" level=info msg=ConnectionClosed connectionID=32
time="2026-03-04T04:53:24-06:00" level=info msg="Server closing listener. No longer accepting connections."
time="2026-03-04T04:53:24-06:00" level=info msg="stats stopped: context canceled"
Starting server with Config HP="127.0.0.1:13322"|T="28800000"|R="false"|L="info"
time="2026-03-04T04:55:01-06:00" level=info msg="Server ready. Accepting connections."
time="2026-03-04T04:55:01-06:00" level=warning msg="secure_file_priv is set to \"\", which is insecure."
time="2026-03-04T04:55:01-06:00" level=warning msg="Any user with GRANT FILE privileges will be able to read any file which the sql-server process can read."
time="2026-03-04T04:55:01-06:00" level=warning msg="Please consider restarting the server with secure_file_priv set to a safe (or non-existent) directory."
time="2026-03-04T04:55:01-06:00" level=info msg=NewConnection DisableClientMultiStatements=false connectionID=1
time="2026-03-04T04:55:01-06:00" level=info msg=ConnectionClosed connectionID=1
time="2026-03-04T04:55:01-06:00" level=info msg=NewConnection DisableClientMultiStatements=false connectionID=2
time="2026-03-04T04:55:01-06:00" level=info msg=ConnectionClosed connectionID=2
time="2026-03-04T04:55:01-06:00" level=info msg=NewConnection DisableClientMultiStatements=false connectionID=3
time="2026-03-04T04:55:01-06:00" level=info msg=NewConnection DisableClientMultiStatements=false connectionID=4
time="2026-03-04T04:55:01-06:00" level=info msg=ConnectionClosed connectionID=3
time="2026-03-04T04:55:01-06:00" level=info msg=ConnectionClosed connectionID=4
time="2026-03-04T04:55:36-06:00" level=info msg=NewConnection DisableClientMultiStatements=false connectionID=5
time="2026-03-04T04:55:36-06:00" level=info msg=ConnectionClosed connectionID=5
time="2026-03-04T04:55:36-06:00" level=info msg=NewConnection DisableClientMultiStatements=false connectionID=6
time="2026-03-04T04:55:36-06:00" level=info msg=NewConnection DisableClientMultiStatements=false connectionID=7
time="2026-03-04T04:55:36-06:00" level=info msg=ConnectionClosed connectionID=6
time="2026-03-04T04:55:36-06:00" level=info msg=ConnectionClosed connectionID=7
time="2026-03-04T04:58:06-06:00" level=info msg=NewConnection DisableClientMultiStatements=false connectionID=8
time="2026-03-04T04:58:06-06:00" level=info msg=NewConnection DisableClientMultiStatements=false connectionID=9
time="2026-03-04T04:58:06-06:00" level=info msg=ConnectionClosed connectionID=8
time="2026-03-04T04:58:06-06:00" level=info msg=NewConnection DisableClientMultiStatements=false connectionID=10
time="2026-03-04T04:58:06-06:00" level=info msg=ConnectionClosed connectionID=9
time="2026-03-04T04:58:06-06:00" level=info msg=ConnectionClosed connectionID=10
time="2026-03-04T04:58:41-06:00" level=info msg=NewConnection DisableClientMultiStatements=false connectionID=11
time="2026-03-04T04:58:41-06:00" level=info msg=ConnectionClosed connectionID=11
time="2026-03-04T04:58:41-06:00" level=info msg=NewConnection DisableClientMultiStatements=false connectionID=12
time="2026-03-04T04:58:41-06:00" level=info msg=NewConnection DisableClientMultiStatements=false connectionID=13
time="2026-03-04T04:58:41-06:00" level=info msg=ConnectionClosed connectionID=12
time="2026-03-04T04:58:41-06:00" level=info msg=ConnectionClosed connectionID=13
time="2026-03-04T05:02:12-06:00" level=info msg=NewConnection DisableClientMultiStatements=false connectionID=14
time="2026-03-04T05:02:12-06:00" level=info msg=ConnectionClosed connectionID=14
time="2026-03-04T05:02:12-06:00" level=info msg=NewConnection DisableClientMultiStatements=false connectionID=15
time="2026-03-04T05:02:12-06:00" level=info msg=NewConnection DisableClientMultiStatements=false connectionID=16
time="2026-03-04T05:02:12-06:00" level=info msg=ConnectionClosed connectionID=15
time="2026-03-04T05:02:12-06:00" level=info msg=ConnectionClosed connectionID=16
time="2026-03-04T05:05:44-06:00" level=info msg=NewConnection DisableClientMultiStatements=false connectionID=17
time="2026-03-04T05:05:44-06:00" level=info msg=ConnectionClosed connectionID=17
time="2026-03-04T05:05:44-06:00" level=info msg=NewConnection DisableClientMultiStatements=false connectionID=18
time="2026-03-04T05:05:44-06:00" level=info msg=NewConnection DisableClientMultiStatements=false connectionID=19
time="2026-03-04T05:05:44-06:00" level=info msg=ConnectionClosed connectionID=18
time="2026-03-04T05:05:44-06:00" level=info msg=ConnectionClosed connectionID=19
time="2026-03-04T05:09:16-06:00" level=info msg=NewConnection DisableClientMultiStatements=false connectionID=20
time="2026-03-04T05:09:16-06:00" level=info msg=NewConnection DisableClientMultiStatements=false connectionID=21
time="2026-03-04T05:09:16-06:00" level=info msg=ConnectionClosed connectionID=20
time="2026-03-04T05:09:16-06:00" level=info msg=NewConnection DisableClientMultiStatements=false connectionID=22
time="2026-03-04T05:09:16-06:00" level=info msg=ConnectionClosed connectionID=21
time="2026-03-04T05:09:16-06:00" level=info msg=ConnectionClosed connectionID=22
time="2026-03-04T05:12:48-06:00" level=info msg=NewConnection DisableClientMultiStatements=false connectionID=23
time="2026-03-04T05:12:48-06:00" level=info msg=ConnectionClosed connectionID=23
time="2026-03-04T05:12:48-06:00" level=info msg=NewConnection DisableClientMultiStatements=false connectionID=24
time="2026-03-04T05:12:48-06:00" level=info msg=NewConnection DisableClientMultiStatements=false connectionID=25
time="2026-03-04T05:12:48-06:00" level=info msg=ConnectionClosed connectionID=24
time="2026-03-04T05:12:48-06:00" level=info msg=ConnectionClosed connectionID=25
time="2026-03-04T05:16:20-06:00" level=info msg=NewConnection DisableClientMultiStatements=false connectionID=26
time="2026-03-04T05:16:20-06:00" level=info msg=ConnectionClosed connectionID=26
time="2026-03-04T05:16:20-06:00" level=info msg=NewConnection DisableClientMultiStatements=false connectionID=27
time="2026-03-04T05:16:20-06:00" level=info msg=NewConnection DisableClientMultiStatements=false connectionID=28
time="2026-03-04T05:16:20-06:00" level=info msg=ConnectionClosed connectionID=27
time="2026-03-04T05:16:20-06:00" level=info msg=ConnectionClosed connectionID=28
time="2026-03-04T05:19:53-06:00" level=info msg=NewConnection DisableClientMultiStatements=false connectionID=29
time="2026-03-04T05:19:53-06:00" level=info msg=ConnectionClosed connectionID=29
time="2026-03-04T05:19:53-06:00" level=info msg=NewConnection DisableClientMultiStatements=false connectionID=30
time="2026-03-04T05:19:53-06:00" level=info msg=NewConnection DisableClientMultiStatements=false connectionID=31
time="2026-03-04T05:19:53-06:00" level=info msg=ConnectionClosed connectionID=30
time="2026-03-04T05:19:53-06:00" level=info msg=ConnectionClosed connectionID=31
time="2026-03-04T05:23:24-06:00" level=info msg=NewConnection DisableClientMultiStatements=false connectionID=32
time="2026-03-04T05:23:24-06:00" level=info msg=ConnectionClosed connectionID=32
time="2026-03-04T05:23:24-06:00" level=info msg=NewConnection DisableClientMultiStatements=false connectionID=33
time="2026-03-04T05:23:24-06:00" level=info msg=NewConnection DisableClientMultiStatements=false connectionID=34
time="2026-03-04T05:23:24-06:00" level=info msg=ConnectionClosed connectionID=33
time="2026-03-04T05:23:24-06:00" level=info msg=ConnectionClosed connectionID=34
time="2026-03-04T05:25:04-06:00" level=info msg=NewConnection DisableClientMultiStatements=false connectionID=35
time="2026-03-04T05:25:04-06:00" level=info msg=ConnectionClosed connectionID=35
time="2026-03-04T05:25:04-06:00" level=info msg="Server closing listener. No longer accepting connections."
time="2026-03-04T05:25:04-06:00" level=info msg="stats stopped: context canceled"
Starting server with Config HP="127.0.0.1:13322"|T="28800000"|R="false"|L="info"
time="2026-03-04T05:26:22-06:00" level=info msg="Server ready. Accepting connections."
time="2026-03-04T05:26:22-06:00" level=warning msg="secure_file_priv is set to \"\", which is insecure."
time="2026-03-04T05:26:22-06:00" level=warning msg="Any user with GRANT FILE privileges will be able to read any file which the sql-server process can read."
time="2026-03-04T05:26:22-06:00" level=warning msg="Please consider restarting the server with secure_file_priv set to a safe (or non-existent) directory."
time="2026-03-04T05:26:22-06:00" level=info msg=NewConnection DisableClientMultiStatements=false connectionID=1
time="2026-03-04T05:26:22-06:00" level=info msg=ConnectionClosed connectionID=1
time="2026-03-04T05:26:22-06:00" level=info msg=NewConnection DisableClientMultiStatements=false connectionID=2
time="2026-03-04T05:26:22-06:00" level=info msg=ConnectionClosed connectionID=2
time="2026-03-04T05:26:22-06:00" level=info msg=NewConnection DisableClientMultiStatements=false connectionID=3
time="2026-03-04T05:26:22-06:00" level=info msg=NewConnection DisableClientMultiStatements=false connectionID=4
time="2026-03-04T05:26:22-06:00" level=info msg=ConnectionClosed connectionID=3
time="2026-03-04T05:26:22-06:00" level=info msg=ConnectionClosed connectionID=4
time="2026-03-04T05:26:50-06:00" level=info msg=NewConnection DisableClientMultiStatements=false connectionID=5
time="2026-03-04T05:26:50-06:00" level=info msg=ConnectionClosed connectionID=5
time="2026-03-04T05:26:50-06:00" level=info msg=NewConnection DisableClientMultiStatements=false connectionID=6
time="2026-03-04T05:26:50-06:00" level=info msg=NewConnection DisableClientMultiStatements=false connectionID=7
time="2026-03-04T05:26:50-06:00" level=info msg=ConnectionClosed connectionID=6
time="2026-03-04T05:26:50-06:00" level=info msg=ConnectionClosed connectionID=7
time="2026-03-04T05:26:55-06:00" level=info msg=NewConnection DisableClientMultiStatements=false connectionID=8
time="2026-03-04T05:26:55-06:00" level=info msg=NewConnection DisableClientMultiStatements=false connectionID=9
time="2026-03-04T05:26:55-06:00" level=info msg=ConnectionClosed connectionID=8
time="2026-03-04T05:26:55-06:00" level=info msg=NewConnection DisableClientMultiStatements=false connectionID=10
time="2026-03-04T05:26:55-06:00" level=info msg=ConnectionClosed connectionID=9
time="2026-03-04T05:26:55-06:00" level=info msg=ConnectionClosed connectionID=10
time="2026-03-04T05:30:25-06:00" level=info msg=NewConnection DisableClientMultiStatements=false connectionID=11
time="2026-03-04T05:30:25-06:00" level=info msg=NewConnection DisableClientMultiStatements=false connectionID=12
time="2026-03-04T05:30:25-06:00" level=info msg=ConnectionClosed connectionID=11
time="2026-03-04T05:30:25-06:00" level=info msg=NewConnection DisableClientMultiStatements=false connectionID=13
time="2026-03-04T05:30:25-06:00" level=info msg=ConnectionClosed connectionID=12
time="2026-03-04T05:30:25-06:00" level=info msg=ConnectionClosed connectionID=13
time="2026-03-04T05:33:55-06:00" level=info msg=NewConnection DisableClientMultiStatements=false connectionID=14
time="2026-03-04T05:33:55-06:00" level=info msg=NewConnection DisableClientMultiStatements=false connectionID=15
time="2026-03-04T05:33:55-06:00" level=info msg=ConnectionClosed connectionID=14
time="2026-03-04T05:33:55-06:00" level=info msg=NewConnection DisableClientMultiStatements=false connectionID=16
time="2026-03-04T05:33:55-06:00" level=info msg=ConnectionClosed connectionID=15
time="2026-03-04T05:33:55-06:00" level=info msg=ConnectionClosed connectionID=16
time="2026-03-04T05:37:26-06:00" level=info msg=NewConnection DisableClientMultiStatements=false connectionID=17
time="2026-03-04T05:37:26-06:00" level=info msg=NewConnection DisableClientMultiStatements=false connectionID=18
time="2026-03-04T05:37:26-06:00" level=info msg=ConnectionClosed connectionID=17
time="2026-03-04T05:37:26-06:00" level=info msg=NewConnection DisableClientMultiStatements=false connectionID=19
time="2026-03-04T05:37:26-06:00" level=info msg=ConnectionClosed connectionID=18
time="2026-03-04T05:37:26-06:00" level=info msg=ConnectionClosed connectionID=19
time="2026-03-04T05:40:57-06:00" level=info msg=NewConnection DisableClientMultiStatements=false connectionID=20
time="2026-03-04T05:40:57-06:00" level=info msg=NewConnection DisableClientMultiStatements=false connectionID=21
time="2026-03-04T05:40:57-06:00" level=info msg=ConnectionClosed connectionID=20
time="2026-03-04T05:40:57-06:00" level=info msg=NewConnection DisableClientMultiStatements=false connectionID=22
time="2026-03-04T05:40:57-06:00" level=info msg=ConnectionClosed connectionID=21
time="2026-03-04T05:40:57-06:00" level=info msg=ConnectionClosed connectionID=22
time="2026-03-04T05:44:27-06:00" level=info msg=NewConnection DisableClientMultiStatements=false connectionID=24
time="2026-03-04T05:44:27-06:00" level=info msg=NewConnection DisableClientMultiStatements=false connectionID=23
time="2026-03-04T05:44:27-06:00" level=info msg=ConnectionClosed connectionID=23
time="2026-03-04T05:44:27-06:00" level=info msg=NewConnection DisableClientMultiStatements=false connectionID=25
time="2026-03-04T05:44:27-06:00" level=info msg=ConnectionClosed connectionID=24
time="2026-03-04T05:44:27-06:00" level=info msg=ConnectionClosed connectionID=25
time="2026-03-04T05:47:57-06:00" level=info msg=NewConnection DisableClientMultiStatements=false connectionID=27
time="2026-03-04T05:47:57-06:00" level=info msg=NewConnection DisableClientMultiStatements=false connectionID=26
time="2026-03-04T05:47:57-06:00" level=info msg=ConnectionClosed connectionID=26
time="2026-03-04T05:47:57-06:00" level=info msg=NewConnection DisableClientMultiStatements=false connectionID=28
time="2026-03-04T05:47:57-06:00" level=info msg=ConnectionClosed connectionID=27
time="2026-03-04T05:47:57-06:00" level=info msg=ConnectionClosed connectionID=28
time="2026-03-04T05:51:28-06:00" level=info msg=NewConnection DisableClientMultiStatements=false connectionID=29
time="2026-03-04T05:51:28-06:00" level=info msg=NewConnection DisableClientMultiStatements=false connectionID=30
time="2026-03-04T05:51:28-06:00" level=info msg=ConnectionClosed connectionID=29
time="2026-03-04T05:51:28-06:00" level=info msg=NewConnection DisableClientMultiStatements=false connectionID=31
time="2026-03-04T05:51:28-06:00" level=info msg=ConnectionClosed connectionID=30
time="2026-03-04T05:51:28-06:00" level=info msg=ConnectionClosed connectionID=31
time="2026-03-04T05:55:00-06:00" level=info msg=NewConnection DisableClientMultiStatements=false connectionID=32
time="2026-03-04T05:55:00-06:00" level=info msg=NewConnection DisableClientMultiStatements=false connectionID=33
time="2026-03-04T05:55:00-06:00" level=info msg=ConnectionClosed connectionID=32
time="2026-03-04T05:55:00-06:00" level=info msg=NewConnection DisableClientMultiStatements=false connectionID=34
time="2026-03-04T05:55:00-06:00" level=info msg=ConnectionClosed connectionID=33
time="2026-03-04T05:55:00-06:00" level=info msg=ConnectionClosed connectionID=34
time="2026-03-04T05:56:25-06:00" level=info msg=NewConnection DisableClientMultiStatements=false connectionID=35
time="2026-03-04T05:56:25-06:00" level=info msg=ConnectionClosed connectionID=35
time="2026-03-04T05:56:25-06:00" level=info msg="Server closing listener. No longer accepting connections."
time="2026-03-04T05:56:25-06:00" level=info msg="stats stopped: context canceled"
Starting server with Config HP="127.0.0.1:13322"|T="28800000"|R="false"|L="info"
time="2026-03-04T05:58:31-06:00" level=info msg="Server ready. Accepting connections."
time="2026-03-04T05:58:31-06:00" level=warning msg="secure_file_priv is set to \"\", which is insecure."
time="2026-03-04T05:58:31-06:00" level=warning msg="Any user with GRANT FILE privileges will be able to read any file which the sql-server process can read."
time="2026-03-04T05:58:31-06:00" level=warning msg="Please consider restarting the server with secure_file_priv set to a safe (or non-existent) directory."
time="2026-03-04T05:58:32-06:00" level=info msg=NewConnection DisableClientMultiStatements=false connectionID=1
time="2026-03-04T05:58:32-06:00" level=info msg=ConnectionClosed connectionID=1
time="2026-03-04T05:58:32-06:00" level=info msg=NewConnection DisableClientMultiStatements=false connectionID=2
time="2026-03-04T05:58:32-06:00" level=info msg=ConnectionClosed connectionID=2
time="2026-03-04T05:58:32-06:00" level=info msg=NewConnection DisableClientMultiStatements=false connectionID=3
time="2026-03-04T05:58:32-06:00" level=info msg=NewConnection DisableClientMultiStatements=false connectionID=4
time="2026-03-04T05:58:32-06:00" level=info msg=ConnectionClosed connectionID=3
time="2026-03-04T05:58:32-06:00" level=info msg=ConnectionClosed connectionID=4
time="2026-03-04T06:02:03-06:00" level=info msg=NewConnection DisableClientMultiStatements=false connectionID=5
time="2026-03-04T06:02:03-06:00" level=info msg=ConnectionClosed connectionID=5
time="2026-03-04T06:02:03-06:00" level=info msg=NewConnection DisableClientMultiStatements=false connectionID=6
time="2026-03-04T06:02:03-06:00" level=info msg=NewConnection DisableClientMultiStatements=false connectionID=7
time="2026-03-04T06:02:03-06:00" level=info msg=ConnectionClosed connectionID=6
time="2026-03-04T06:02:03-06:00" level=info msg=ConnectionClosed connectionID=7
time="2026-03-04T06:05:34-06:00" level=info msg=NewConnection DisableClientMultiStatements=false connectionID=8
time="2026-03-04T06:05:34-06:00" level=info msg=ConnectionClosed connectionID=8
time="2026-03-04T06:05:34-06:00" level=info msg=NewConnection DisableClientMultiStatements=false connectionID=9
time="2026-03-04T06:05:34-06:00" level=info msg=NewConnection DisableClientMultiStatements=false connectionID=10
time="2026-03-04T06:05:34-06:00" level=info msg=ConnectionClosed connectionID=9
time="2026-03-04T06:05:34-06:00" level=info msg=ConnectionClosed connectionID=10
time="2026-03-04T06:09:07-06:00" level=info msg=NewConnection DisableClientMultiStatements=false connectionID=11
time="2026-03-04T06:09:07-06:00" level=info msg=ConnectionClosed connectionID=11
time="2026-03-04T06:09:07-06:00" level=info msg=NewConnection DisableClientMultiStatements=false connectionID=12
time="2026-03-04T06:09:07-06:00" level=info msg=NewConnection DisableClientMultiStatements=false connectionID=13
time="2026-03-04T06:09:07-06:00" level=info msg=ConnectionClosed connectionID=12
time="2026-03-04T06:09:07-06:00" level=info msg=ConnectionClosed connectionID=13
time="2026-03-04T06:12:39-06:00" level=info msg=NewConnection DisableClientMultiStatements=false connectionID=14
time="2026-03-04T06:12:39-06:00" level=info msg=ConnectionClosed connectionID=14
time="2026-03-04T06:12:39-06:00" level=info msg=NewConnection DisableClientMultiStatements=false connectionID=15
time="2026-03-04T06:12:39-06:00" level=info msg=NewConnection DisableClientMultiStatements=false connectionID=16
time="2026-03-04T06:12:39-06:00" level=info msg=ConnectionClosed connectionID=15
time="2026-03-04T06:12:39-06:00" level=info msg=ConnectionClosed connectionID=16
time="2026-03-04T06:16:11-06:00" level=info msg=NewConnection DisableClientMultiStatements=false connectionID=17
time="2026-03-04T06:16:11-06:00" level=info msg=ConnectionClosed connectionID=17
time="2026-03-04T06:16:11-06:00" level=info msg=NewConnection DisableClientMultiStatements=false connectionID=18
time="2026-03-04T06:16:11-06:00" level=info msg=NewConnection DisableClientMultiStatements=false connectionID=19
time="2026-03-04T06:16:11-06:00" level=info msg=ConnectionClosed connectionID=18
time="2026-03-04T06:16:11-06:00" level=info msg=ConnectionClosed connectionID=19
time="2026-03-04T06:19:42-06:00" level=info msg=NewConnection DisableClientMultiStatements=false connectionID=20
time="2026-03-04T06:19:42-06:00" level=info msg=ConnectionClosed connectionID=20
time="2026-03-04T06:19:42-06:00" level=info msg=NewConnection DisableClientMultiStatements=false connectionID=21
time="2026-03-04T06:19:42-06:00" level=info msg=NewConnection DisableClientMultiStatements=false connectionID=22
time="2026-03-04T06:19:42-06:00" level=info msg=ConnectionClosed connectionID=21
time="2026-03-04T06:19:42-06:00" level=info msg=ConnectionClosed connectionID=22
time="2026-03-04T06:23:16-06:00" level=info msg=NewConnection DisableClientMultiStatements=false connectionID=23
time="2026-03-04T06:23:16-06:00" level=info msg=ConnectionClosed connectionID=23
time="2026-03-04T06:23:16-06:00" level=info msg=NewConnection DisableClientMultiStatements=false connectionID=24
time="2026-03-04T06:23:16-06:00" level=info msg=NewConnection DisableClientMultiStatements=false connectionID=25
time="2026-03-04T06:23:16-06:00" level=info msg=ConnectionClosed connectionID=24
time="2026-03-04T06:23:16-06:00" level=info msg=ConnectionClosed connectionID=25
time="2026-03-04T06:26:46-06:00" level=info msg=NewConnection DisableClientMultiStatements=false connectionID=26
time="2026-03-04T06:26:46-06:00" level=info msg=ConnectionClosed connectionID=26
time="2026-03-04T06:26:46-06:00" level=info msg=NewConnection DisableClientMultiStatements=false connectionID=27
time="2026-03-04T06:26:46-06:00" level=info msg=NewConnection DisableClientMultiStatements=false connectionID=28
time="2026-03-04T06:26:46-06:00" level=info msg=ConnectionClosed connectionID=27
time="2026-03-04T06:26:46-06:00" level=info msg=ConnectionClosed connectionID=28
time="2026-03-04T06:28:33-06:00" level=info msg=NewConnection DisableClientMultiStatements=false connectionID=29
time="2026-03-04T06:28:33-06:00" level=info msg=ConnectionClosed connectionID=29
time="2026-03-04T06:28:33-06:00" level=info msg="Server closing listener. No longer accepting connections."
time="2026-03-04T06:28:33-06:00" level=info msg="stats stopped: context canceled"
Starting server with Config HP="127.0.0.1:13322"|T="28800000"|R="false"|L="info"
time="2026-03-04T06:30:18-06:00" level=info msg="Server ready. Accepting connections."
time="2026-03-04T06:30:18-06:00" level=warning msg="secure_file_priv is set to \"\", which is insecure."
time="2026-03-04T06:30:18-06:00" level=warning msg="Any user with GRANT FILE privileges will be able to read any file which the sql-server process can read."
time="2026-03-04T06:30:18-06:00" level=warning msg="Please consider restarting the server with secure_file_priv set to a safe (or non-existent) directory."
time="2026-03-04T06:30:18-06:00" level=info msg=NewConnection DisableClientMultiStatements=false connectionID=1
time="2026-03-04T06:30:18-06:00" level=info msg=ConnectionClosed connectionID=1
time="2026-03-04T06:30:18-06:00" level=info msg=NewConnection DisableClientMultiStatements=false connectionID=2
time="2026-03-04T06:30:18-06:00" level=info msg=ConnectionClosed connectionID=2
time="2026-03-04T06:30:18-06:00" level=info msg=NewConnection DisableClientMultiStatements=false connectionID=3
time="2026-03-04T06:30:18-06:00" level=info msg=NewConnection DisableClientMultiStatements=false connectionID=4
time="2026-03-04T06:30:18-06:00" level=info msg=ConnectionClosed connectionID=3
time="2026-03-04T06:30:18-06:00" level=info msg=ConnectionClosed connectionID=4
time="2026-03-04T06:33:50-06:00" level=info msg=NewConnection DisableClientMultiStatements=false connectionID=5
time="2026-03-04T06:33:50-06:00" level=info msg=ConnectionClosed connectionID=5
time="2026-03-04T06:33:50-06:00" level=info msg=NewConnection DisableClientMultiStatements=false connectionID=6
time="2026-03-04T06:33:50-06:00" level=info msg=NewConnection DisableClientMultiStatements=false connectionID=7
time="2026-03-04T06:33:50-06:00" level=info msg=ConnectionClosed connectionID=6
time="2026-03-04T06:33:50-06:00" level=info msg=ConnectionClosed connectionID=7
time="2026-03-04T06:37:22-06:00" level=info msg=NewConnection DisableClientMultiStatements=false connectionID=8
time="2026-03-04T06:37:22-06:00" level=info msg=ConnectionClosed connectionID=8
time="2026-03-04T06:37:22-06:00" level=info msg=NewConnection DisableClientMultiStatements=false connectionID=9
time="2026-03-04T06:37:22-06:00" level=info msg=NewConnection DisableClientMultiStatements=false connectionID=10
time="2026-03-04T06:37:22-06:00" level=info msg=ConnectionClosed connectionID=9
time="2026-03-04T06:37:22-06:00" level=info msg=ConnectionClosed connectionID=10
time="2026-03-04T06:40:53-06:00" level=info msg=NewConnection DisableClientMultiStatements=false connectionID=11
time="2026-03-04T06:40:53-06:00" level=info msg=ConnectionClosed connectionID=11
time="2026-03-04T06:40:53-06:00" level=info msg=NewConnection DisableClientMultiStatements=false connectionID=12
time="2026-03-04T06:40:53-06:00" level=info msg=NewConnection DisableClientMultiStatements=false connectionID=13
time="2026-03-04T06:40:53-06:00" level=info msg=ConnectionClosed connectionID=12
time="2026-03-04T06:40:53-06:00" level=info msg=ConnectionClosed connectionID=13
time="2026-03-04T06:44:24-06:00" level=info msg=NewConnection DisableClientMultiStatements=false connectionID=14
time="2026-03-04T06:44:24-06:00" level=info msg=ConnectionClosed connectionID=14
time="2026-03-04T06:44:24-06:00" level=info msg=NewConnection DisableClientMultiStatements=false connectionID=15
time="2026-03-04T06:44:24-06:00" level=info msg=NewConnection DisableClientMultiStatements=false connectionID=16
time="2026-03-04T06:44:24-06:00" level=info msg=ConnectionClosed connectionID=15
time="2026-03-04T06:44:24-06:00" level=info msg=ConnectionClosed connectionID=16
time="2026-03-04T06:47:55-06:00" level=info msg=NewConnection DisableClientMultiStatements=false connectionID=17
time="2026-03-04T06:47:55-06:00" level=info msg=ConnectionClosed connectionID=17
time="2026-03-04T06:47:55-06:00" level=info msg=NewConnection DisableClientMultiStatements=false connectionID=18
time="2026-03-04T06:47:55-06:00" level=info msg=NewConnection DisableClientMultiStatements=false connectionID=19
time="2026-03-04T06:47:55-06:00" level=info msg=ConnectionClosed connectionID=18
time="2026-03-04T06:47:55-06:00" level=info msg=ConnectionClosed connectionID=19
time="2026-03-04T06:51:26-06:00" level=info msg=NewConnection DisableClientMultiStatements=false connectionID=20
time="2026-03-04T06:51:26-06:00" level=info msg=ConnectionClosed connectionID=20
time="2026-03-04T06:51:26-06:00" level=info msg=NewConnection DisableClientMultiStatements=false connectionID=21
time="2026-03-04T06:51:26-06:00" level=info msg=NewConnection DisableClientMultiStatements=false connectionID=22
time="2026-03-04T06:51:26-06:00" level=info msg=ConnectionClosed connectionID=21
time="2026-03-04T06:51:26-06:00" level=info msg=ConnectionClosed connectionID=22
time="2026-03-04T06:54:57-06:00" level=info msg=NewConnection DisableClientMultiStatements=false connectionID=23
time="2026-03-04T06:54:57-06:00" level=info msg=ConnectionClosed connectionID=23
time="2026-03-04T06:54:57-06:00" level=info msg=NewConnection DisableClientMultiStatements=false connectionID=24
time="2026-03-04T06:54:57-06:00" level=info msg=NewConnection DisableClientMultiStatements=false connectionID=25
time="2026-03-04T06:54:57-06:00" level=info msg=ConnectionClosed connectionID=24
time="2026-03-04T06:54:57-06:00" level=info msg=ConnectionClosed connectionID=25
time="2026-03-04T06:58:30-06:00" level=info msg=NewConnection DisableClientMultiStatements=false connectionID=26
time="2026-03-04T06:58:30-06:00" level=info msg=ConnectionClosed connectionID=26
time="2026-03-04T06:58:30-06:00" level=info msg=NewConnection DisableClientMultiStatements=false connectionID=27
time="2026-03-04T06:58:30-06:00" level=info msg=NewConnection DisableClientMultiStatements=false connectionID=28
time="2026-03-04T06:58:30-06:00" level=info msg=ConnectionClosed connectionID=27
time="2026-03-04T06:58:30-06:00" level=info msg=ConnectionClosed connectionID=28
time="2026-03-04T06:59:47-06:00" level=info msg=NewConnection DisableClientMultiStatements=false connectionID=29
time="2026-03-04T06:59:47-06:00" level=info msg=NewConnection DisableClientMultiStatements=false connectionID=30
time="2026-03-04T06:59:47-06:00" level=info msg=ConnectionClosed connectionID=29
time="2026-03-04T06:59:47-06:00" level=info msg=NewConnection DisableClientMultiStatements=false connectionID=31
time="2026-03-04T06:59:47-06:00" level=info msg=ConnectionClosed connectionID=30
time="2026-03-04T06:59:47-06:00" level=info msg=ConnectionClosed connectionID=31
time="2026-03-04T07:00:20-06:00" level=info msg=NewConnection DisableClientMultiStatements=false connectionID=32
time="2026-03-04T07:00:20-06:00" level=info msg=ConnectionClosed connectionID=32
time="2026-03-04T07:00:20-06:00" level=info msg="Server closing listener. No longer accepting connections."
time="2026-03-04T07:00:20-06:00" level=info msg="stats stopped: context canceled"
Starting server with Config HP="127.0.0.1:13322"|T="28800000"|R="false"|L="info"
time="2026-03-04T07:02:01-06:00" level=info msg="Server ready. Accepting connections."
time="2026-03-04T07:02:01-06:00" level=warning msg="secure_file_priv is set to \"\", which is insecure."
time="2026-03-04T07:02:01-06:00" level=warning msg="Any user with GRANT FILE privileges will be able to read any file which the sql-server process can read."
time="2026-03-04T07:02:01-06:00" level=warning msg="Please consider restarting the server with secure_file_priv set to a safe (or non-existent) directory."
time="2026-03-04T07:02:01-06:00" level=info msg=NewConnection DisableClientMultiStatements=false connectionID=1
time="2026-03-04T07:02:01-06:00" level=info msg=ConnectionClosed connectionID=1
time="2026-03-04T07:02:01-06:00" level=info msg=NewConnection DisableClientMultiStatements=false connectionID=2
time="2026-03-04T07:02:01-06:00" level=info msg=ConnectionClosed connectionID=2
time="2026-03-04T07:02:01-06:00" level=info msg=NewConnection DisableClientMultiStatements=false connectionID=3
time="2026-03-04T07:02:01-06:00" level=info msg=NewConnection DisableClientMultiStatements=false connectionID=4
time="2026-03-04T07:02:01-06:00" level=info msg=ConnectionClosed connectionID=3
time="2026-03-04T07:02:01-06:00" level=info msg=ConnectionClosed connectionID=4
time="2026-03-04T07:05:32-06:00" level=info msg=NewConnection DisableClientMultiStatements=false connectionID=5
time="2026-03-04T07:05:32-06:00" level=info msg=ConnectionClosed connectionID=5
time="2026-03-04T07:05:32-06:00" level=info msg=NewConnection DisableClientMultiStatements=false connectionID=6
time="2026-03-04T07:05:32-06:00" level=info msg=NewConnection DisableClientMultiStatements=false connectionID=7
time="2026-03-04T07:05:32-06:00" level=info msg=ConnectionClosed connectionID=6
time="2026-03-04T07:05:32-06:00" level=info msg=ConnectionClosed connectionID=7
time="2026-03-04T07:09:02-06:00" level=info msg=NewConnection DisableClientMultiStatements=false connectionID=8
time="2026-03-04T07:09:02-06:00" level=info msg=ConnectionClosed connectionID=8
time="2026-03-04T07:09:02-06:00" level=info msg=NewConnection DisableClientMultiStatements=false connectionID=9
time="2026-03-04T07:09:02-06:00" level=info msg=NewConnection DisableClientMultiStatements=false connectionID=10
time="2026-03-04T07:09:02-06:00" level=info msg=ConnectionClosed connectionID=9
time="2026-03-04T07:09:02-06:00" level=info msg=ConnectionClosed connectionID=10
time="2026-03-04T07:12:36-06:00" level=info msg=NewConnection DisableClientMultiStatements=false connectionID=11
time="2026-03-04T07:12:36-06:00" level=info msg=ConnectionClosed connectionID=11
time="2026-03-04T07:12:36-06:00" level=info msg=NewConnection DisableClientMultiStatements=false connectionID=12
time="2026-03-04T07:12:36-06:00" level=info msg=NewConnection DisableClientMultiStatements=false connectionID=13
time="2026-03-04T07:12:36-06:00" level=info msg=ConnectionClosed connectionID=12
time="2026-03-04T07:12:36-06:00" level=info msg=ConnectionClosed connectionID=13
time="2026-03-04T07:16:06-06:00" level=info msg=NewConnection DisableClientMultiStatements=false connectionID=14
time="2026-03-04T07:16:06-06:00" level=info msg=ConnectionClosed connectionID=14
time="2026-03-04T07:16:06-06:00" level=info msg=NewConnection DisableClientMultiStatements=false connectionID=15
time="2026-03-04T07:16:06-06:00" level=info msg=NewConnection DisableClientMultiStatements=false connectionID=16
time="2026-03-04T07:16:06-06:00" level=info msg=ConnectionClosed connectionID=15
time="2026-03-04T07:16:06-06:00" level=info msg=ConnectionClosed connectionID=16
time="2026-03-04T07:19:38-06:00" level=info msg=NewConnection DisableClientMultiStatements=false connectionID=17
time="2026-03-04T07:19:38-06:00" level=info msg=ConnectionClosed connectionID=17
time="2026-03-04T07:19:38-06:00" level=info msg=NewConnection DisableClientMultiStatements=false connectionID=18
time="2026-03-04T07:19:38-06:00" level=info msg=NewConnection DisableClientMultiStatements=false connectionID=19
time="2026-03-04T07:19:38-06:00" level=info msg=ConnectionClosed connectionID=18
time="2026-03-04T07:19:38-06:00" level=info msg=ConnectionClosed connectionID=19
time="2026-03-04T07:23:11-06:00" level=info msg=NewConnection DisableClientMultiStatements=false connectionID=20
time="2026-03-04T07:23:11-06:00" level=info msg=ConnectionClosed connectionID=20
time="2026-03-04T07:23:11-06:00" level=info msg=NewConnection DisableClientMultiStatements=false connectionID=21
time="2026-03-04T07:23:11-06:00" level=info msg=NewConnection DisableClientMultiStatements=false connectionID=22
time="2026-03-04T07:23:11-06:00" level=info msg=ConnectionClosed connectionID=21
time="2026-03-04T07:23:11-06:00" level=info msg=ConnectionClosed connectionID=22
time="2026-03-04T07:26:41-06:00" level=info msg=NewConnection DisableClientMultiStatements=false connectionID=23
time="2026-03-04T07:26:41-06:00" level=info msg=ConnectionClosed connectionID=23
time="2026-03-04T07:26:41-06:00" level=info msg=NewConnection DisableClientMultiStatements=false connectionID=24
time="2026-03-04T07:26:41-06:00" level=info msg=NewConnection DisableClientMultiStatements=false connectionID=25
time="2026-03-04T07:26:41-06:00" level=info msg=ConnectionClosed connectionID=24
time="2026-03-04T07:26:41-06:00" level=info msg=ConnectionClosed connectionID=25
time="2026-03-04T07:28:11-06:00" level=info msg=NewConnection DisableClientMultiStatements=false connectionID=26
time="2026-03-04T07:28:11-06:00" level=info msg=ConnectionClosed connectionID=26
time="2026-03-04T07:28:11-06:00" level=info msg=NewConnection DisableClientMultiStatements=false connectionID=27
time="2026-03-04T07:28:11-06:00" level=info msg=NewConnection DisableClientMultiStatements=false connectionID=28
time="2026-03-04T07:28:11-06:00" level=info msg=ConnectionClosed connectionID=27
time="2026-03-04T07:28:11-06:00" level=info msg=ConnectionClosed connectionID=28
time="2026-03-04T07:30:11-06:00" level=info msg=NewConnection DisableClientMultiStatements=false connectionID=29
time="2026-03-04T07:30:11-06:00" level=info msg=ConnectionClosed connectionID=29
time="2026-03-04T07:30:11-06:00" level=info msg=NewConnection DisableClientMultiStatements=false connectionID=30
time="2026-03-04T07:30:11-06:00" level=info msg=NewConnection DisableClientMultiStatements=false connectionID=31
time="2026-03-04T07:30:11-06:00" level=info msg=ConnectionClosed connectionID=30
time="2026-03-04T07:30:11-06:00" level=info msg=ConnectionClosed connectionID=31
time="2026-03-04T07:32:03-06:00" level=info msg=NewConnection DisableClientMultiStatements=false connectionID=32
time="2026-03-04T07:32:03-06:00" level=info msg=ConnectionClosed connectionID=32
time="2026-03-04T07:32:03-06:00" level=info msg="Server closing listener. No longer accepting connections."
time="2026-03-04T07:32:03-06:00" level=info msg="stats stopped: context canceled"
Starting server with Config HP="127.0.0.1:13322"|T="28800000"|R="false"|L="info"
time="2026-03-04T07:33:43-06:00" level=info msg="Server ready. Accepting connections."
time="2026-03-04T07:33:43-06:00" level=warning msg="secure_file_priv is set to \"\", which is insecure."
time="2026-03-04T07:33:43-06:00" level=warning msg="Any user with GRANT FILE privileges will be able to read any file which the sql-server process can read."
time="2026-03-04T07:33:43-06:00" level=warning msg="Please consider restarting the server with secure_file_priv set to a safe (or non-existent) directory."
time="2026-03-04T07:33:43-06:00" level=info msg=NewConnection DisableClientMultiStatements=false connectionID=1
time="2026-03-04T07:33:43-06:00" level=info msg=ConnectionClosed connectionID=1
time="2026-03-04T07:33:43-06:00" level=info msg=NewConnection DisableClientMultiStatements=false connectionID=2
time="2026-03-04T07:33:43-06:00" level=info msg=ConnectionClosed connectionID=2
time="2026-03-04T07:33:43-06:00" level=info msg=NewConnection DisableClientMultiStatements=false connectionID=3
time="2026-03-04T07:33:43-06:00" level=info msg=NewConnection DisableClientMultiStatements=false connectionID=4
time="2026-03-04T07:33:43-06:00" level=info msg=ConnectionClosed connectionID=3
time="2026-03-04T07:33:43-06:00" level=info msg=ConnectionClosed connectionID=4
time="2026-03-04T07:37:14-06:00" level=info msg=NewConnection DisableClientMultiStatements=false connectionID=5
time="2026-03-04T07:37:14-06:00" level=info msg=ConnectionClosed connectionID=5
time="2026-03-04T07:37:14-06:00" level=info msg=NewConnection DisableClientMultiStatements=false connectionID=6
time="2026-03-04T07:37:14-06:00" level=info msg=NewConnection DisableClientMultiStatements=false connectionID=7
time="2026-03-04T07:37:14-06:00" level=info msg=ConnectionClosed connectionID=6
time="2026-03-04T07:37:14-06:00" level=info msg=ConnectionClosed connectionID=7
time="2026-03-04T07:40:45-06:00" level=info msg=NewConnection DisableClientMultiStatements=false connectionID=8
time="2026-03-04T07:40:45-06:00" level=info msg=ConnectionClosed connectionID=8
time="2026-03-04T07:40:45-06:00" level=info msg=NewConnection DisableClientMultiStatements=false connectionID=9
time="2026-03-04T07:40:45-06:00" level=info msg=NewConnection DisableClientMultiStatements=false connectionID=10
time="2026-03-04T07:40:45-06:00" level=info msg=ConnectionClosed connectionID=9
time="2026-03-04T07:40:45-06:00" level=info msg=ConnectionClosed connectionID=10
time="2026-03-04T07:44:15-06:00" level=info msg=NewConnection DisableClientMultiStatements=false connectionID=11
time="2026-03-04T07:44:15-06:00" level=info msg=NewConnection DisableClientMultiStatements=false connectionID=12
time="2026-03-04T07:44:15-06:00" level=info msg=ConnectionClosed connectionID=11
time="2026-03-04T07:44:15-06:00" level=info msg=NewConnection DisableClientMultiStatements=false connectionID=13
time="2026-03-04T07:44:15-06:00" level=info msg=ConnectionClosed connectionID=12
time="2026-03-04T07:44:15-06:00" level=info msg=ConnectionClosed connectionID=13
time="2026-03-04T07:47:45-06:00" level=info msg=NewConnection DisableClientMultiStatements=false connectionID=14
time="2026-03-04T07:47:45-06:00" level=info msg=ConnectionClosed connectionID=14
time="2026-03-04T07:47:45-06:00" level=info msg=NewConnection DisableClientMultiStatements=false connectionID=15
time="2026-03-04T07:47:45-06:00" level=info msg=NewConnection DisableClientMultiStatements=false connectionID=16
time="2026-03-04T07:47:45-06:00" level=info msg=ConnectionClosed connectionID=15
time="2026-03-04T07:47:45-06:00" level=info msg=ConnectionClosed connectionID=16
time="2026-03-04T07:51:17-06:00" level=info msg=NewConnection DisableClientMultiStatements=false connectionID=17
time="2026-03-04T07:51:17-06:00" level=info msg=ConnectionClosed connectionID=17
time="2026-03-04T07:51:17-06:00" level=info msg=NewConnection DisableClientMultiStatements=false connectionID=18
time="2026-03-04T07:51:17-06:00" level=info msg=NewConnection DisableClientMultiStatements=false connectionID=19
time="2026-03-04T07:51:17-06:00" level=info msg=ConnectionClosed connectionID=18
time="2026-03-04T07:51:17-06:00" level=info msg=ConnectionClosed connectionID=19
time="2026-03-04T07:54:49-06:00" level=info msg=NewConnection DisableClientMultiStatements=false connectionID=20
time="2026-03-04T07:54:49-06:00" level=info msg=ConnectionClosed connectionID=20
time="2026-03-04T07:54:49-06:00" level=info msg=NewConnection DisableClientMultiStatements=false connectionID=21
time="2026-03-04T07:54:49-06:00" level=info msg=NewConnection DisableClientMultiStatements=false connectionID=22
time="2026-03-04T07:54:49-06:00" level=info msg=ConnectionClosed connectionID=21
time="2026-03-04T07:54:49-06:00" level=info msg=ConnectionClosed connectionID=22
time="2026-03-04T07:58:21-06:00" level=info msg=NewConnection DisableClientMultiStatements=false connectionID=23
time="2026-03-04T07:58:21-06:00" level=info msg=ConnectionClosed connectionID=23
time="2026-03-04T07:58:21-06:00" level=info msg=NewConnection DisableClientMultiStatements=false connectionID=24
time="2026-03-04T07:58:21-06:00" level=info msg=NewConnection DisableClientMultiStatements=false connectionID=25
time="2026-03-04T07:58:21-06:00" level=info msg=ConnectionClosed connectionID=24
time="2026-03-04T07:58:21-06:00" level=info msg=ConnectionClosed connectionID=25
time="2026-03-04T07:58:42-06:00" level=info msg=NewConnection DisableClientMultiStatements=false connectionID=26
time="2026-03-04T07:58:42-06:00" level=info msg=ConnectionClosed connectionID=26
time="2026-03-04T07:58:42-06:00" level=info msg=NewConnection DisableClientMultiStatements=false connectionID=27
time="2026-03-04T07:58:42-06:00" level=info msg=NewConnection DisableClientMultiStatements=false connectionID=28
time="2026-03-04T07:58:42-06:00" level=info msg=ConnectionClosed connectionID=27
time="2026-03-04T07:58:42-06:00" level=info msg=ConnectionClosed connectionID=28
time="2026-03-04T07:59:18-06:00" level=info msg=NewConnection DisableClientMultiStatements=false connectionID=30
time="2026-03-04T07:59:18-06:00" level=info msg=NewConnection DisableClientMultiStatements=false connectionID=29
time="2026-03-04T07:59:18-06:00" level=info msg=ConnectionClosed connectionID=29
time="2026-03-04T07:59:18-06:00" level=info msg=NewConnection DisableClientMultiStatements=false connectionID=31
time="2026-03-04T07:59:18-06:00" level=info msg=ConnectionClosed connectionID=30
time="2026-03-04T07:59:18-06:00" level=info msg=ConnectionClosed connectionID=31
time="2026-03-04T08:01:52-06:00" level=info msg=NewConnection DisableClientMultiStatements=false connectionID=32
time="2026-03-04T08:01:52-06:00" level=info msg=ConnectionClosed connectionID=32
time="2026-03-04T08:01:52-06:00" level=info msg=NewConnection DisableClientMultiStatements=false connectionID=33
time="2026-03-04T08:01:52-06:00" level=info msg=NewConnection DisableClientMultiStatements=false connectionID=34
time="2026-03-04T08:01:52-06:00" level=info msg=ConnectionClosed connectionID=33
time="2026-03-04T08:01:52-06:00" level=info msg=ConnectionClosed connectionID=34
time="2026-03-04T08:03:45-06:00" level=info msg=NewConnection DisableClientMultiStatements=false connectionID=35
time="2026-03-04T08:03:45-06:00" level=info msg=ConnectionClosed connectionID=35
time="2026-03-04T08:03:45-06:00" level=info msg="Server closing listener. No longer accepting connections."
time="2026-03-04T08:03:45-06:00" level=info msg="stats stopped: context canceled"
Starting server with Config HP="127.0.0.1:13322"|T="28800000"|R="false"|L="info"
time="2026-03-04T08:05:25-06:00" level=info msg="Server ready. Accepting connections."
time="2026-03-04T08:05:25-06:00" level=warning msg="secure_file_priv is set to \"\", which is insecure."
time="2026-03-04T08:05:25-06:00" level=warning msg="Any user with GRANT FILE privileges will be able to read any file which the sql-server process can read."
time="2026-03-04T08:05:25-06:00" level=warning msg="Please consider restarting the server with secure_file_priv set to a safe (or non-existent) directory."
time="2026-03-04T08:05:25-06:00" level=info msg=NewConnection DisableClientMultiStatements=false connectionID=1
time="2026-03-04T08:05:25-06:00" level=info msg=ConnectionClosed connectionID=1
time="2026-03-04T08:05:25-06:00" level=info msg=NewConnection DisableClientMultiStatements=false connectionID=2
time="2026-03-04T08:05:25-06:00" level=info msg=ConnectionClosed connectionID=2
time="2026-03-04T08:05:25-06:00" level=info msg=NewConnection DisableClientMultiStatements=false connectionID=3
time="2026-03-04T08:05:25-06:00" level=info msg=NewConnection DisableClientMultiStatements=false connectionID=4
time="2026-03-04T08:05:25-06:00" level=info msg=ConnectionClosed connectionID=3
time="2026-03-04T08:05:25-06:00" level=info msg=ConnectionClosed connectionID=4
time="2026-03-04T08:08:56-06:00" level=info msg=NewConnection DisableClientMultiStatements=false connectionID=5
time="2026-03-04T08:08:56-06:00" level=info msg=ConnectionClosed connectionID=5
time="2026-03-04T08:08:56-06:00" level=info msg=NewConnection DisableClientMultiStatements=false connectionID=6
time="2026-03-04T08:08:56-06:00" level=info msg=NewConnection DisableClientMultiStatements=false connectionID=7
time="2026-03-04T08:08:56-06:00" level=info msg=ConnectionClosed connectionID=6
time="2026-03-04T08:08:56-06:00" level=info msg=ConnectionClosed connectionID=7
time="2026-03-04T08:12:28-06:00" level=info msg=NewConnection DisableClientMultiStatements=false connectionID=8
time="2026-03-04T08:12:28-06:00" level=info msg=ConnectionClosed connectionID=8
time="2026-03-04T08:12:28-06:00" level=info msg=NewConnection DisableClientMultiStatements=false connectionID=9
time="2026-03-04T08:12:28-06:00" level=info msg=NewConnection DisableClientMultiStatements=false connectionID=10
time="2026-03-04T08:12:28-06:00" level=info msg=ConnectionClosed connectionID=9
time="2026-03-04T08:12:28-06:00" level=info msg=ConnectionClosed connectionID=10
time="2026-03-04T08:15:59-06:00" level=info msg=NewConnection DisableClientMultiStatements=false connectionID=11
time="2026-03-04T08:15:59-06:00" level=info msg=ConnectionClosed connectionID=11
time="2026-03-04T08:15:59-06:00" level=info msg=NewConnection DisableClientMultiStatements=false connectionID=12
time="2026-03-04T08:15:59-06:00" level=info msg=NewConnection DisableClientMultiStatements=false connectionID=13
time="2026-03-04T08:15:59-06:00" level=info msg=ConnectionClosed connectionID=12
time="2026-03-04T08:15:59-06:00" level=info msg=ConnectionClosed connectionID=13
time="2026-03-04T08:19:29-06:00" level=info msg=NewConnection DisableClientMultiStatements=false connectionID=14
time="2026-03-04T08:19:29-06:00" level=info msg=ConnectionClosed connectionID=14
time="2026-03-04T08:19:29-06:00" level=info msg=NewConnection DisableClientMultiStatements=false connectionID=15
time="2026-03-04T08:19:29-06:00" level=info msg=NewConnection DisableClientMultiStatements=false connectionID=16
time="2026-03-04T08:19:29-06:00" level=info msg=ConnectionClosed connectionID=15
time="2026-03-04T08:19:29-06:00" level=info msg=ConnectionClosed connectionID=16
time="2026-03-04T08:23:00-06:00" level=info msg=NewConnection DisableClientMultiStatements=false connectionID=17
time="2026-03-04T08:23:00-06:00" level=info msg=ConnectionClosed connectionID=17
time="2026-03-04T08:23:00-06:00" level=info msg=NewConnection DisableClientMultiStatements=false connectionID=18
time="2026-03-04T08:23:00-06:00" level=info msg=NewConnection DisableClientMultiStatements=false connectionID=19
time="2026-03-04T08:23:00-06:00" level=info msg=ConnectionClosed connectionID=18
time="2026-03-04T08:23:00-06:00" level=info msg=ConnectionClosed connectionID=19
time="2026-03-04T08:26:31-06:00" level=info msg=NewConnection DisableClientMultiStatements=false connectionID=20
time="2026-03-04T08:26:31-06:00" level=info msg=ConnectionClosed connectionID=20
time="2026-03-04T08:26:31-06:00" level=info msg=NewConnection DisableClientMultiStatements=false connectionID=21
time="2026-03-04T08:26:31-06:00" level=info msg=NewConnection DisableClientMultiStatements=false connectionID=22
time="2026-03-04T08:26:31-06:00" level=info msg=ConnectionClosed connectionID=21
time="2026-03-04T08:26:31-06:00" level=info msg=ConnectionClosed connectionID=22
time="2026-03-04T08:27:28-06:00" level=info msg=NewConnection DisableClientMultiStatements=false connectionID=23
time="2026-03-04T08:27:28-06:00" level=info msg=ConnectionClosed connectionID=23
time="2026-03-04T08:27:28-06:00" level=info msg=NewConnection DisableClientMultiStatements=false connectionID=24
time="2026-03-04T08:27:28-06:00" level=info msg=NewConnection DisableClientMultiStatements=false connectionID=25
time="2026-03-04T08:27:28-06:00" level=info msg=ConnectionClosed connectionID=24
time="2026-03-04T08:27:28-06:00" level=info msg=ConnectionClosed connectionID=25
time="2026-03-04T08:30:02-06:00" level=info msg=NewConnection DisableClientMultiStatements=false connectionID=26
time="2026-03-04T08:30:02-06:00" level=info msg=ConnectionClosed connectionID=26
time="2026-03-04T08:30:02-06:00" level=info msg=NewConnection DisableClientMultiStatements=false connectionID=27
time="2026-03-04T08:30:02-06:00" level=info msg=NewConnection DisableClientMultiStatements=false connectionID=28
time="2026-03-04T08:30:02-06:00" level=info msg=ConnectionClosed connectionID=27
time="2026-03-04T08:30:02-06:00" level=info msg=ConnectionClosed connectionID=28
time="2026-03-04T08:33:33-06:00" level=info msg=NewConnection DisableClientMultiStatements=false connectionID=29
time="2026-03-04T08:33:33-06:00" level=info msg=ConnectionClosed connectionID=29
time="2026-03-04T08:33:33-06:00" level=info msg=NewConnection DisableClientMultiStatements=false connectionID=30
time="2026-03-04T08:33:33-06:00" level=info msg=NewConnection DisableClientMultiStatements=false connectionID=31
time="2026-03-04T08:33:33-06:00" level=info msg=ConnectionClosed connectionID=30
time="2026-03-04T08:33:33-06:00" level=info msg=ConnectionClosed connectionID=31
time="2026-03-04T08:35:28-06:00" level=info msg=NewConnection DisableClientMultiStatements=false connectionID=32
time="2026-03-04T08:35:28-06:00" level=info msg=ConnectionClosed connectionID=32
time="2026-03-04T08:35:28-06:00" level=info msg="Server closing listener. No longer accepting connections."
time="2026-03-04T08:35:28-06:00" level=info msg="stats stopped: context canceled"
Starting server with Config HP="127.0.0.1:13322"|T="28800000"|R="false"|L="info"
time="2026-03-04T08:37:05-06:00" level=info msg="Server ready. Accepting connections."
time="2026-03-04T08:37:05-06:00" level=warning msg="secure_file_priv is set to \"\", which is insecure."
time="2026-03-04T08:37:05-06:00" level=warning msg="Any user with GRANT FILE privileges will be able to read any file which the sql-server process can read."
time="2026-03-04T08:37:05-06:00" level=warning msg="Please consider restarting the server with secure_file_priv set to a safe (or non-existent) directory."
time="2026-03-04T08:37:06-06:00" level=info msg=NewConnection DisableClientMultiStatements=false connectionID=1
time="2026-03-04T08:37:06-06:00" level=info msg=ConnectionClosed connectionID=1
time="2026-03-04T08:37:06-06:00" level=info msg=NewConnection DisableClientMultiStatements=false connectionID=2
time="2026-03-04T08:37:06-06:00" level=info msg=ConnectionClosed connectionID=2
time="2026-03-04T08:37:06-06:00" level=info msg=NewConnection DisableClientMultiStatements=false connectionID=3
time="2026-03-04T08:37:06-06:00" level=info msg=NewConnection DisableClientMultiStatements=false connectionID=4
time="2026-03-04T08:37:06-06:00" level=info msg=ConnectionClosed connectionID=3
time="2026-03-04T08:37:06-06:00" level=info msg=ConnectionClosed connectionID=4
time="2026-03-04T08:40:38-06:00" level=info msg=NewConnection DisableClientMultiStatements=false connectionID=5
time="2026-03-04T08:40:38-06:00" level=info msg=ConnectionClosed connectionID=5
time="2026-03-04T08:40:38-06:00" level=info msg=NewConnection DisableClientMultiStatements=false connectionID=6
time="2026-03-04T08:40:38-06:00" level=info msg=NewConnection DisableClientMultiStatements=false connectionID=7
time="2026-03-04T08:40:38-06:00" level=info msg=ConnectionClosed connectionID=6
time="2026-03-04T08:40:38-06:00" level=info msg=ConnectionClosed connectionID=7
time="2026-03-04T08:44:09-06:00" level=info msg=NewConnection DisableClientMultiStatements=false connectionID=8
time="2026-03-04T08:44:09-06:00" level=info msg=ConnectionClosed connectionID=8
time="2026-03-04T08:44:09-06:00" level=info msg=NewConnection DisableClientMultiStatements=false connectionID=9
time="2026-03-04T08:44:09-06:00" level=info msg=NewConnection DisableClientMultiStatements=false connectionID=10
time="2026-03-04T08:44:09-06:00" level=info msg=ConnectionClosed connectionID=9
time="2026-03-04T08:44:09-06:00" level=info msg=ConnectionClosed connectionID=10
time="2026-03-04T08:47:41-06:00" level=info msg=NewConnection DisableClientMultiStatements=false connectionID=11
time="2026-03-04T08:47:41-06:00" level=info msg=ConnectionClosed connectionID=11
time="2026-03-04T08:47:41-06:00" level=info msg=NewConnection DisableClientMultiStatements=false connectionID=12
time="2026-03-04T08:47:41-06:00" level=info msg=NewConnection DisableClientMultiStatements=false connectionID=13
time="2026-03-04T08:47:41-06:00" level=info msg=ConnectionClosed connectionID=12
time="2026-03-04T08:47:41-06:00" level=info msg=ConnectionClosed connectionID=13
time="2026-03-04T08:51:12-06:00" level=info msg=NewConnection DisableClientMultiStatements=false connectionID=14
time="2026-03-04T08:51:12-06:00" level=info msg=ConnectionClosed connectionID=14
time="2026-03-04T08:51:12-06:00" level=info msg=NewConnection DisableClientMultiStatements=false connectionID=15
time="2026-03-04T08:51:12-06:00" level=info msg=NewConnection DisableClientMultiStatements=false connectionID=16
time="2026-03-04T08:51:12-06:00" level=info msg=ConnectionClosed connectionID=15
time="2026-03-04T08:51:12-06:00" level=info msg=ConnectionClosed connectionID=16
time="2026-03-04T08:54:43-06:00" level=info msg=NewConnection DisableClientMultiStatements=false connectionID=17
time="2026-03-04T08:54:43-06:00" level=info msg=ConnectionClosed connectionID=17
time="2026-03-04T08:54:43-06:00" level=info msg=NewConnection DisableClientMultiStatements=false connectionID=18
time="2026-03-04T08:54:43-06:00" level=info msg=NewConnection DisableClientMultiStatements=false connectionID=19
time="2026-03-04T08:54:43-06:00" level=info msg=ConnectionClosed connectionID=18
time="2026-03-04T08:54:43-06:00" level=info msg=ConnectionClosed connectionID=19
time="2026-03-04T08:57:43-06:00" level=info msg=NewConnection DisableClientMultiStatements=false connectionID=20
time="2026-03-04T08:57:43-06:00" level=info msg=NewConnection DisableClientMultiStatements=false connectionID=21
time="2026-03-04T08:57:43-06:00" level=info msg=ConnectionClosed connectionID=20
time="2026-03-04T08:57:43-06:00" level=info msg=NewConnection DisableClientMultiStatements=false connectionID=22
time="2026-03-04T08:57:43-06:00" level=info msg=ConnectionClosed connectionID=21
time="2026-03-04T08:57:43-06:00" level=info msg=ConnectionClosed connectionID=22
time="2026-03-04T08:58:14-06:00" level=info msg=NewConnection DisableClientMultiStatements=false connectionID=23
time="2026-03-04T08:58:14-06:00" level=info msg=ConnectionClosed connectionID=23
time="2026-03-04T08:58:14-06:00" level=info msg=NewConnection DisableClientMultiStatements=false connectionID=24
time="2026-03-04T08:58:14-06:00" level=info msg=NewConnection DisableClientMultiStatements=false connectionID=25
time="2026-03-04T08:58:14-06:00" level=info msg=ConnectionClosed connectionID=24
time="2026-03-04T08:58:14-06:00" level=info msg=ConnectionClosed connectionID=25
time="2026-03-04T08:58:23-06:00" level=info msg=NewConnection DisableClientMultiStatements=false connectionID=26
time="2026-03-04T08:58:23-06:00" level=info msg=ConnectionClosed connectionID=26
time="2026-03-04T08:58:23-06:00" level=info msg=NewConnection DisableClientMultiStatements=false connectionID=27
time="2026-03-04T08:58:23-06:00" level=info msg=NewConnection DisableClientMultiStatements=false connectionID=28
time="2026-03-04T08:58:23-06:00" level=info msg=ConnectionClosed connectionID=27
time="2026-03-04T08:58:23-06:00" level=info msg=ConnectionClosed connectionID=28
time="2026-03-04T09:00:49-06:00" level=info msg=NewConnection DisableClientMultiStatements=false connectionID=29
time="2026-03-04T09:00:49-06:00" level=info msg=ConnectionClosed connectionID=29
time="2026-03-04T09:00:49-06:00" level=info msg=NewConnection DisableClientMultiStatements=false connectionID=30
time="2026-03-04T09:00:49-06:00" level=info msg=NewConnection DisableClientMultiStatements=false connectionID=31
time="2026-03-04T09:00:49-06:00" level=info msg=ConnectionClosed connectionID=30
time="2026-03-04T09:00:49-06:00" level=info msg=ConnectionClosed connectionID=31
time="2026-03-04T09:01:45-06:00" level=info msg=NewConnection DisableClientMultiStatements=false connectionID=32
time="2026-03-04T09:01:45-06:00" level=info msg=ConnectionClosed connectionID=32
time="2026-03-04T09:01:45-06:00" level=info msg=NewConnection DisableClientMultiStatements=false connectionID=33
time="2026-03-04T09:01:45-06:00" level=info msg=NewConnection DisableClientMultiStatements=false connectionID=34
time="2026-03-04T09:01:45-06:00" level=info msg=ConnectionClosed connectionID=33
time="2026-03-04T09:01:45-06:00" level=info msg=ConnectionClosed connectionID=34
time="2026-03-04T09:02:45-06:00" level=info msg=NewConnection DisableClientMultiStatements=false connectionID=35
time="2026-03-04T09:02:45-06:00" level=info msg=ConnectionClosed connectionID=35
time="2026-03-04T09:02:45-06:00" level=info msg=NewConnection DisableClientMultiStatements=false connectionID=36
time="2026-03-04T09:02:45-06:00" level=info msg=NewConnection DisableClientMultiStatements=false connectionID=37
time="2026-03-04T09:02:45-06:00" level=info msg=ConnectionClosed connectionID=36
time="2026-03-04T09:02:45-06:00" level=info msg=ConnectionClosed connectionID=37
time="2026-03-04T09:05:16-06:00" level=info msg=NewConnection DisableClientMultiStatements=false connectionID=38
time="2026-03-04T09:05:16-06:00" level=info msg=ConnectionClosed connectionID=38
time="2026-03-04T09:05:16-06:00" level=info msg=NewConnection DisableClientMultiStatements=false connectionID=39
time="2026-03-04T09:05:16-06:00" level=info msg=NewConnection DisableClientMultiStatements=false connectionID=40
time="2026-03-04T09:05:16-06:00" level=info msg=ConnectionClosed connectionID=39
time="2026-03-04T09:05:16-06:00" level=info msg=ConnectionClosed connectionID=40
time="2026-03-04T09:07:08-06:00" level=info msg=NewConnection DisableClientMultiStatements=false connectionID=41
time="2026-03-04T09:07:08-06:00" level=info msg="Server closing listener. No longer accepting connections."
time="2026-03-04T09:07:08-06:00" level=info msg=ConnectionClosed connectionID=41
time="2026-03-04T09:07:08-06:00" level=info msg="stats stopped: context canceled"
Starting server with Config HP="127.0.0.1:13322"|T="28800000"|R="false"|L="info"
time="2026-03-04T09:08:48-06:00" level=info msg="Server ready. Accepting connections."
time="2026-03-04T09:08:48-06:00" level=warning msg="secure_file_priv is set to \"\", which is insecure."
time="2026-03-04T09:08:48-06:00" level=warning msg="Any user with GRANT FILE privileges will be able to read any file which the sql-server process can read."
time="2026-03-04T09:08:48-06:00" level=warning msg="Please consider restarting the server with secure_file_priv set to a safe (or non-existent) directory."
time="2026-03-04T09:08:48-06:00" level=info msg=NewConnection DisableClientMultiStatements=false connectionID=1
time="2026-03-04T09:08:48-06:00" level=info msg=ConnectionClosed connectionID=1
time="2026-03-04T09:08:48-06:00" level=info msg=NewConnection DisableClientMultiStatements=false connectionID=2
time="2026-03-04T09:08:48-06:00" level=info msg=ConnectionClosed connectionID=2
time="2026-03-04T09:08:48-06:00" level=info msg=NewConnection DisableClientMultiStatements=false connectionID=3
time="2026-03-04T09:08:48-06:00" level=info msg=NewConnection DisableClientMultiStatements=false connectionID=4
time="2026-03-04T09:08:48-06:00" level=info msg=ConnectionClosed connectionID=3
time="2026-03-04T09:08:48-06:00" level=info msg=ConnectionClosed connectionID=4
time="2026-03-04T09:09:37-06:00" level=info msg=NewConnection DisableClientMultiStatements=false connectionID=5
time="2026-03-04T09:09:37-06:00" level=info msg=ConnectionClosed connectionID=5
time="2026-03-04T09:09:37-06:00" level=info msg=NewConnection DisableClientMultiStatements=false connectionID=6
time="2026-03-04T09:09:37-06:00" level=info msg=NewConnection DisableClientMultiStatements=false connectionID=7
time="2026-03-04T09:09:37-06:00" level=info msg=ConnectionClosed connectionID=6
time="2026-03-04T09:09:37-06:00" level=info msg=ConnectionClosed connectionID=7
time="2026-03-04T09:12:20-06:00" level=info msg=NewConnection DisableClientMultiStatements=false connectionID=8
time="2026-03-04T09:12:20-06:00" level=info msg=ConnectionClosed connectionID=8
time="2026-03-04T09:12:20-06:00" level=info msg=NewConnection DisableClientMultiStatements=false connectionID=9
time="2026-03-04T09:12:20-06:00" level=info msg=NewConnection DisableClientMultiStatements=false connectionID=10
time="2026-03-04T09:12:20-06:00" level=info msg=ConnectionClosed connectionID=9
time="2026-03-04T09:12:20-06:00" level=info msg=ConnectionClosed connectionID=10
time="2026-03-04T09:15:51-06:00" level=info msg=NewConnection DisableClientMultiStatements=false connectionID=11
time="2026-03-04T09:15:51-06:00" level=info msg=ConnectionClosed connectionID=11
time="2026-03-04T09:15:51-06:00" level=info msg=NewConnection DisableClientMultiStatements=false connectionID=12
time="2026-03-04T09:15:51-06:00" level=info msg=NewConnection DisableClientMultiStatements=false connectionID=13
time="2026-03-04T09:15:51-06:00" level=info msg=ConnectionClosed connectionID=12
time="2026-03-04T09:15:51-06:00" level=info msg=ConnectionClosed connectionID=13
time="2026-03-04T09:19:22-06:00" level=info msg=NewConnection DisableClientMultiStatements=false connectionID=14
time="2026-03-04T09:19:22-06:00" level=info msg=ConnectionClosed connectionID=14
time="2026-03-04T09:19:22-06:00" level=info msg=NewConnection DisableClientMultiStatements=false connectionID=15
time="2026-03-04T09:19:22-06:00" level=info msg=NewConnection DisableClientMultiStatements=false connectionID=16
time="2026-03-04T09:19:22-06:00" level=info msg=ConnectionClosed connectionID=15
time="2026-03-04T09:19:22-06:00" level=info msg=ConnectionClosed connectionID=16
time="2026-03-04T09:22:54-06:00" level=info msg=NewConnection DisableClientMultiStatements=false connectionID=17
time="2026-03-04T09:22:54-06:00" level=info msg=ConnectionClosed connectionID=17
time="2026-03-04T09:22:54-06:00" level=info msg=NewConnection DisableClientMultiStatements=false connectionID=18
time="2026-03-04T09:22:54-06:00" level=info msg=NewConnection DisableClientMultiStatements=false connectionID=19
time="2026-03-04T09:22:54-06:00" level=info msg=ConnectionClosed connectionID=18
time="2026-03-04T09:22:54-06:00" level=info msg=ConnectionClosed connectionID=19
time="2026-03-04T09:26:24-06:00" level=info msg=NewConnection DisableClientMultiStatements=false connectionID=20
time="2026-03-04T09:26:24-06:00" level=info msg=ConnectionClosed connectionID=20
time="2026-03-04T09:26:24-06:00" level=info msg=NewConnection DisableClientMultiStatements=false connectionID=21
time="2026-03-04T09:26:24-06:00" level=info msg=NewConnection DisableClientMultiStatements=false connectionID=22
time="2026-03-04T09:26:24-06:00" level=info msg=ConnectionClosed connectionID=21
time="2026-03-04T09:26:24-06:00" level=info msg=ConnectionClosed connectionID=22
time="2026-03-04T09:29:56-06:00" level=info msg=NewConnection DisableClientMultiStatements=false connectionID=23
time="2026-03-04T09:29:56-06:00" level=info msg=ConnectionClosed connectionID=23
time="2026-03-04T09:29:56-06:00" level=info msg=NewConnection DisableClientMultiStatements=false connectionID=24
time="2026-03-04T09:29:56-06:00" level=info msg=NewConnection DisableClientMultiStatements=false connectionID=25
time="2026-03-04T09:29:56-06:00" level=info msg=ConnectionClosed connectionID=24
time="2026-03-04T09:29:56-06:00" level=info msg=ConnectionClosed connectionID=25
time="2026-03-04T09:33:26-06:00" level=info msg=NewConnection DisableClientMultiStatements=false connectionID=26
time="2026-03-04T09:33:26-06:00" level=info msg=ConnectionClosed connectionID=26
time="2026-03-04T09:33:26-06:00" level=info msg=NewConnection DisableClientMultiStatements=false connectionID=27
time="2026-03-04T09:33:26-06:00" level=info msg=NewConnection DisableClientMultiStatements=false connectionID=28
time="2026-03-04T09:33:26-06:00" level=info msg=ConnectionClosed connectionID=27
time="2026-03-04T09:33:26-06:00" level=info msg=ConnectionClosed connectionID=28
time="2026-03-04T09:35:16-06:00" level=info msg=NewConnection DisableClientMultiStatements=false connectionID=29
time="2026-03-04T09:35:16-06:00" level=info msg=ConnectionClosed connectionID=29
time="2026-03-04T09:35:16-06:00" level=info msg=NewConnection DisableClientMultiStatements=false connectionID=30
time="2026-03-04T09:35:16-06:00" level=info msg=NewConnection DisableClientMultiStatements=false connectionID=31
time="2026-03-04T09:35:16-06:00" level=info msg=ConnectionClosed connectionID=30
time="2026-03-04T09:35:16-06:00" level=info msg=ConnectionClosed connectionID=31
time="2026-03-04T09:36:58-06:00" level=info msg=NewConnection DisableClientMultiStatements=false connectionID=32
time="2026-03-04T09:36:58-06:00" level=info msg=ConnectionClosed connectionID=32
time="2026-03-04T09:36:58-06:00" level=info msg=NewConnection DisableClientMultiStatements=false connectionID=33
time="2026-03-04T09:36:58-06:00" level=info msg=NewConnection DisableClientMultiStatements=false connectionID=34
time="2026-03-04T09:36:58-06:00" level=info msg=ConnectionClosed connectionID=33
time="2026-03-04T09:36:58-06:00" level=info msg=ConnectionClosed connectionID=34
time="2026-03-04T09:38:50-06:00" level=info msg=NewConnection DisableClientMultiStatements=false connectionID=35
time="2026-03-04T09:38:50-06:00" level=info msg=ConnectionClosed connectionID=35
time="2026-03-04T09:38:50-06:00" level=info msg="Server closing listener. No longer accepting connections."
time="2026-03-04T09:38:50-06:00" level=info msg="stats stopped: context canceled"
Starting server with Config HP="127.0.0.1:13322"|T="28800000"|R="false"|L="info"
time="2026-03-04T09:40:31-06:00" level=info msg="Server ready. Accepting connections."
time="2026-03-04T09:40:31-06:00" level=warning msg="secure_file_priv is set to \"\", which is insecure."
time="2026-03-04T09:40:31-06:00" level=warning msg="Any user with GRANT FILE privileges will be able to read any file which the sql-server process can read."
time="2026-03-04T09:40:31-06:00" level=warning msg="Please consider restarting the server with secure_file_priv set to a safe (or non-existent) directory."
time="2026-03-04T09:40:31-06:00" level=info msg=NewConnection DisableClientMultiStatements=false connectionID=1
time="2026-03-04T09:40:31-06:00" level=info msg=ConnectionClosed connectionID=1
time="2026-03-04T09:40:31-06:00" level=info msg=NewConnection DisableClientMultiStatements=false connectionID=2
time="2026-03-04T09:40:31-06:00" level=info msg=ConnectionClosed connectionID=2
time="2026-03-04T09:40:31-06:00" level=info msg=NewConnection DisableClientMultiStatements=false connectionID=3
time="2026-03-04T09:40:31-06:00" level=info msg=NewConnection DisableClientMultiStatements=false connectionID=4
time="2026-03-04T09:40:31-06:00" level=info msg=ConnectionClosed connectionID=3
time="2026-03-04T09:40:31-06:00" level=info msg=ConnectionClosed connectionID=4
time="2026-03-04T09:44:01-06:00" level=info msg=NewConnection DisableClientMultiStatements=false connectionID=5
time="2026-03-04T09:44:01-06:00" level=info msg=ConnectionClosed connectionID=5
time="2026-03-04T09:44:01-06:00" level=info msg=NewConnection DisableClientMultiStatements=false connectionID=6
time="2026-03-04T09:44:01-06:00" level=info msg=NewConnection DisableClientMultiStatements=false connectionID=7
time="2026-03-04T09:44:01-06:00" level=info msg=ConnectionClosed connectionID=6
time="2026-03-04T09:44:01-06:00" level=info msg=ConnectionClosed connectionID=7
time="2026-03-04T09:47:32-06:00" level=info msg=NewConnection DisableClientMultiStatements=false connectionID=8
time="2026-03-04T09:47:32-06:00" level=info msg=ConnectionClosed connectionID=8
time="2026-03-04T09:47:32-06:00" level=info msg=NewConnection DisableClientMultiStatements=false connectionID=9
time="2026-03-04T09:47:32-06:00" level=info msg=NewConnection DisableClientMultiStatements=false connectionID=10
time="2026-03-04T09:47:32-06:00" level=info msg=ConnectionClosed connectionID=9
time="2026-03-04T09:47:32-06:00" level=info msg=ConnectionClosed connectionID=10
time="2026-03-04T09:51:04-06:00" level=info msg=NewConnection DisableClientMultiStatements=false connectionID=11
time="2026-03-04T09:51:04-06:00" level=info msg=ConnectionClosed connectionID=11
time="2026-03-04T09:51:04-06:00" level=info msg=NewConnection DisableClientMultiStatements=false connectionID=12
time="2026-03-04T09:51:04-06:00" level=info msg=NewConnection DisableClientMultiStatements=false connectionID=13
time="2026-03-04T09:51:04-06:00" level=info msg=ConnectionClosed connectionID=12
time="2026-03-04T09:51:04-06:00" level=info msg=ConnectionClosed connectionID=13
time="2026-03-04T09:54:36-06:00" level=info msg=NewConnection DisableClientMultiStatements=false connectionID=14
time="2026-03-04T09:54:36-06:00" level=info msg=ConnectionClosed connectionID=14
time="2026-03-04T09:54:36-06:00" level=info msg=NewConnection DisableClientMultiStatements=false connectionID=15
time="2026-03-04T09:54:36-06:00" level=info msg=NewConnection DisableClientMultiStatements=false connectionID=16
time="2026-03-04T09:54:36-06:00" level=info msg=ConnectionClosed connectionID=15
time="2026-03-04T09:54:36-06:00" level=info msg=ConnectionClosed connectionID=16
time="2026-03-04T09:58:08-06:00" level=info msg=NewConnection DisableClientMultiStatements=false connectionID=17
time="2026-03-04T09:58:08-06:00" level=info msg=ConnectionClosed connectionID=17
time="2026-03-04T09:58:08-06:00" level=info msg=NewConnection DisableClientMultiStatements=false connectionID=18
time="2026-03-04T09:58:08-06:00" level=info msg=NewConnection DisableClientMultiStatements=false connectionID=19
time="2026-03-04T09:58:08-06:00" level=info msg=ConnectionClosed connectionID=18
time="2026-03-04T09:58:08-06:00" level=info msg=ConnectionClosed connectionID=19
time="2026-03-04T10:01:41-06:00" level=info msg=NewConnection DisableClientMultiStatements=false connectionID=20
time="2026-03-04T10:01:41-06:00" level=info msg=ConnectionClosed connectionID=20
time="2026-03-04T10:01:41-06:00" level=info msg=NewConnection DisableClientMultiStatements=false connectionID=21
time="2026-03-04T10:01:41-06:00" level=info msg=NewConnection DisableClientMultiStatements=false connectionID=22
time="2026-03-04T10:01:41-06:00" level=info msg=ConnectionClosed connectionID=21
time="2026-03-04T10:01:41-06:00" level=info msg=ConnectionClosed connectionID=22
time="2026-03-04T10:04:33-06:00" level=info msg=NewConnection DisableClientMultiStatements=false connectionID=23
time="2026-03-04T10:04:33-06:00" level=info msg=ConnectionClosed connectionID=23
time="2026-03-04T10:04:33-06:00" level=info msg=NewConnection DisableClientMultiStatements=false connectionID=24
time="2026-03-04T10:04:33-06:00" level=info msg=NewConnection DisableClientMultiStatements=false connectionID=25
time="2026-03-04T10:04:33-06:00" level=info msg=ConnectionClosed connectionID=24
time="2026-03-04T10:04:33-06:00" level=info msg=ConnectionClosed connectionID=25
time="2026-03-04T10:05:11-06:00" level=info msg=NewConnection DisableClientMultiStatements=false connectionID=26
time="2026-03-04T10:05:11-06:00" level=info msg=ConnectionClosed connectionID=26
time="2026-03-04T10:05:11-06:00" level=info msg=NewConnection DisableClientMultiStatements=false connectionID=27
time="2026-03-04T10:05:11-06:00" level=info msg=NewConnection DisableClientMultiStatements=false connectionID=28
time="2026-03-04T10:05:11-06:00" level=info msg=ConnectionClosed connectionID=27
time="2026-03-04T10:05:11-06:00" level=info msg=ConnectionClosed connectionID=28
time="2026-03-04T10:08:42-06:00" level=info msg=NewConnection DisableClientMultiStatements=false connectionID=29
time="2026-03-04T10:08:42-06:00" level=info msg=ConnectionClosed connectionID=29
time="2026-03-04T10:08:42-06:00" level=info msg=NewConnection DisableClientMultiStatements=false connectionID=30
time="2026-03-04T10:08:42-06:00" level=info msg=NewConnection DisableClientMultiStatements=false connectionID=31
time="2026-03-04T10:08:42-06:00" level=info msg=ConnectionClosed connectionID=30
time="2026-03-04T10:08:42-06:00" level=info msg=ConnectionClosed connectionID=31
time="2026-03-04T10:10:33-06:00" level=info msg=NewConnection DisableClientMultiStatements=false connectionID=32
time="2026-03-04T10:10:33-06:00" level=info msg=ConnectionClosed connectionID=32
time="2026-03-04T10:10:33-06:00" level=info msg="Server closing listener. No longer accepting connections."
time="2026-03-04T10:10:33-06:00" level=info msg="stats stopped: context canceled"
Starting server with Config HP="127.0.0.1:13322"|T="28800000"|R="false"|L="info"
time="2026-03-04T10:12:12-06:00" level=info msg="Server ready. Accepting connections."
time="2026-03-04T10:12:12-06:00" level=warning msg="secure_file_priv is set to \"\", which is insecure."
time="2026-03-04T10:12:12-06:00" level=warning msg="Any user with GRANT FILE privileges will be able to read any file which the sql-server process can read."
time="2026-03-04T10:12:12-06:00" level=warning msg="Please consider restarting the server with secure_file_priv set to a safe (or non-existent) directory."
time="2026-03-04T10:12:12-06:00" level=info msg=NewConnection DisableClientMultiStatements=false connectionID=1
time="2026-03-04T10:12:12-06:00" level=info msg=ConnectionClosed connectionID=1
time="2026-03-04T10:12:12-06:00" level=info msg=NewConnection DisableClientMultiStatements=false connectionID=2
time="2026-03-04T10:12:12-06:00" level=info msg=ConnectionClosed connectionID=2
time="2026-03-04T10:12:12-06:00" level=info msg=NewConnection DisableClientMultiStatements=false connectionID=3
time="2026-03-04T10:12:12-06:00" level=info msg=NewConnection DisableClientMultiStatements=false connectionID=4
time="2026-03-04T10:12:12-06:00" level=info msg=ConnectionClosed connectionID=3
time="2026-03-04T10:12:12-06:00" level=info msg=ConnectionClosed connectionID=4
time="2026-03-04T10:15:43-06:00" level=info msg=NewConnection DisableClientMultiStatements=false connectionID=5
time="2026-03-04T10:15:43-06:00" level=info msg=ConnectionClosed connectionID=5
time="2026-03-04T10:15:43-06:00" level=info msg=NewConnection DisableClientMultiStatements=false connectionID=6
time="2026-03-04T10:15:43-06:00" level=info msg=NewConnection DisableClientMultiStatements=false connectionID=7
time="2026-03-04T10:15:43-06:00" level=info msg=ConnectionClosed connectionID=6
time="2026-03-04T10:15:43-06:00" level=info msg=ConnectionClosed connectionID=7
time="2026-03-04T10:19:16-06:00" level=info msg=NewConnection DisableClientMultiStatements=false connectionID=8
time="2026-03-04T10:19:16-06:00" level=info msg=ConnectionClosed connectionID=8
time="2026-03-04T10:19:16-06:00" level=info msg=NewConnection DisableClientMultiStatements=false connectionID=9
time="2026-03-04T10:19:16-06:00" level=info msg=NewConnection DisableClientMultiStatements=false connectionID=10
time="2026-03-04T10:19:16-06:00" level=info msg=ConnectionClosed connectionID=9
time="2026-03-04T10:19:16-06:00" level=info msg=ConnectionClosed connectionID=10
time="2026-03-04T10:22:47-06:00" level=info msg=NewConnection DisableClientMultiStatements=false connectionID=11
time="2026-03-04T10:22:47-06:00" level=info msg=ConnectionClosed connectionID=11
time="2026-03-04T10:22:47-06:00" level=info msg=NewConnection DisableClientMultiStatements=false connectionID=12
time="2026-03-04T10:22:47-06:00" level=info msg=NewConnection DisableClientMultiStatements=false connectionID=13
time="2026-03-04T10:22:47-06:00" level=info msg=ConnectionClosed connectionID=12
time="2026-03-04T10:22:47-06:00" level=info msg=ConnectionClosed connectionID=13
time="2026-03-04T10:26:18-06:00" level=info msg=NewConnection DisableClientMultiStatements=false connectionID=14
time="2026-03-04T10:26:18-06:00" level=info msg=ConnectionClosed connectionID=14
time="2026-03-04T10:26:18-06:00" level=info msg=NewConnection DisableClientMultiStatements=false connectionID=15
time="2026-03-04T10:26:18-06:00" level=info msg=NewConnection DisableClientMultiStatements=false connectionID=16
time="2026-03-04T10:26:18-06:00" level=info msg=ConnectionClosed connectionID=15
time="2026-03-04T10:26:18-06:00" level=info msg=ConnectionClosed connectionID=16
time="2026-03-04T10:29:48-06:00" level=info msg=NewConnection DisableClientMultiStatements=false connectionID=17
time="2026-03-04T10:29:48-06:00" level=info msg=ConnectionClosed connectionID=17
time="2026-03-04T10:29:48-06:00" level=info msg=NewConnection DisableClientMultiStatements=false connectionID=18
time="2026-03-04T10:29:48-06:00" level=info msg=NewConnection DisableClientMultiStatements=false connectionID=19
time="2026-03-04T10:29:48-06:00" level=info msg=ConnectionClosed connectionID=18
time="2026-03-04T10:29:48-06:00" level=info msg=ConnectionClosed connectionID=19
time="2026-03-04T10:33:18-06:00" level=info msg=NewConnection DisableClientMultiStatements=false connectionID=20
time="2026-03-04T10:33:18-06:00" level=info msg=ConnectionClosed connectionID=20
time="2026-03-04T10:33:18-06:00" level=info msg=NewConnection DisableClientMultiStatements=false connectionID=21
time="2026-03-04T10:33:18-06:00" level=info msg=NewConnection DisableClientMultiStatements=false connectionID=22
time="2026-03-04T10:33:18-06:00" level=info msg=ConnectionClosed connectionID=21
time="2026-03-04T10:33:18-06:00" level=info msg=ConnectionClosed connectionID=22
time="2026-03-04T10:35:24-06:00" level=info msg=NewConnection DisableClientMultiStatements=false connectionID=23
time="2026-03-04T10:35:24-06:00" level=info msg=ConnectionClosed connectionID=23
time="2026-03-04T10:35:24-06:00" level=info msg=NewConnection DisableClientMultiStatements=false connectionID=24
time="2026-03-04T10:35:24-06:00" level=info msg=NewConnection DisableClientMultiStatements=false connectionID=25
time="2026-03-04T10:35:24-06:00" level=info msg=ConnectionClosed connectionID=24
time="2026-03-04T10:35:24-06:00" level=info msg=ConnectionClosed connectionID=25
time="2026-03-04T10:36:51-06:00" level=info msg=NewConnection DisableClientMultiStatements=false connectionID=26
time="2026-03-04T10:36:51-06:00" level=info msg=ConnectionClosed connectionID=26
time="2026-03-04T10:36:51-06:00" level=info msg=NewConnection DisableClientMultiStatements=false connectionID=27
time="2026-03-04T10:36:51-06:00" level=info msg=NewConnection DisableClientMultiStatements=false connectionID=28
time="2026-03-04T10:36:51-06:00" level=info msg=ConnectionClosed connectionID=27
time="2026-03-04T10:36:51-06:00" level=info msg=ConnectionClosed connectionID=28
time="2026-03-04T10:40:21-06:00" level=info msg=NewConnection DisableClientMultiStatements=false connectionID=29
time="2026-03-04T10:40:21-06:00" level=info msg=ConnectionClosed connectionID=29
time="2026-03-04T10:40:21-06:00" level=info msg=NewConnection DisableClientMultiStatements=false connectionID=30
time="2026-03-04T10:40:21-06:00" level=info msg=NewConnection DisableClientMultiStatements=false connectionID=31
time="2026-03-04T10:40:21-06:00" level=info msg=ConnectionClosed connectionID=30
time="2026-03-04T10:40:21-06:00" level=info msg=ConnectionClosed connectionID=31
time="2026-03-04T10:42:14-06:00" level=info msg=NewConnection DisableClientMultiStatements=false connectionID=32
time="2026-03-04T10:42:14-06:00" level=info msg=ConnectionClosed connectionID=32
time="2026-03-04T10:42:14-06:00" level=info msg="Server closing listener. No longer accepting connections."
time="2026-03-04T10:42:14-06:00" level=info msg="stats stopped: context canceled"
Starting server with Config HP="127.0.0.1:13322"|T="28800000"|R="false"|L="info"
time="2026-03-04T10:43:52-06:00" level=info msg="Server ready. Accepting connections."
time="2026-03-04T10:43:52-06:00" level=warning msg="secure_file_priv is set to \"\", which is insecure."
time="2026-03-04T10:43:52-06:00" level=warning msg="Any user with GRANT FILE privileges will be able to read any file which the sql-server process can read."
time="2026-03-04T10:43:52-06:00" level=warning msg="Please consider restarting the server with secure_file_priv set to a safe (or non-existent) directory."
time="2026-03-04T10:43:52-06:00" level=info msg=NewConnection DisableClientMultiStatements=false connectionID=1
time="2026-03-04T10:43:52-06:00" level=info msg=ConnectionClosed connectionID=1
time="2026-03-04T10:43:52-06:00" level=info msg=NewConnection DisableClientMultiStatements=false connectionID=2
time="2026-03-04T10:43:52-06:00" level=info msg=ConnectionClosed connectionID=2
time="2026-03-04T10:43:52-06:00" level=info msg=NewConnection DisableClientMultiStatements=false connectionID=3
time="2026-03-04T10:43:52-06:00" level=info msg=NewConnection DisableClientMultiStatements=false connectionID=4
time="2026-03-04T10:43:52-06:00" level=info msg=ConnectionClosed connectionID=3
time="2026-03-04T10:43:52-06:00" level=info msg=ConnectionClosed connectionID=4
time="2026-03-04T10:47:23-06:00" level=info msg=NewConnection DisableClientMultiStatements=false connectionID=5
time="2026-03-04T10:47:23-06:00" level=info msg=ConnectionClosed connectionID=5
time="2026-03-04T10:47:23-06:00" level=info msg=NewConnection DisableClientMultiStatements=false connectionID=6
time="2026-03-04T10:47:23-06:00" level=info msg=NewConnection DisableClientMultiStatements=false connectionID=7
time="2026-03-04T10:47:23-06:00" level=info msg=ConnectionClosed connectionID=6
time="2026-03-04T10:47:23-06:00" level=info msg=ConnectionClosed connectionID=7
time="2026-03-04T10:50:54-06:00" level=info msg=NewConnection DisableClientMultiStatements=false connectionID=8
time="2026-03-04T10:50:54-06:00" level=info msg=ConnectionClosed connectionID=8
time="2026-03-04T10:50:54-06:00" level=info msg=NewConnection DisableClientMultiStatements=false connectionID=9
time="2026-03-04T10:50:54-06:00" level=info msg=NewConnection DisableClientMultiStatements=false connectionID=10
time="2026-03-04T10:50:54-06:00" level=info msg=ConnectionClosed connectionID=9
time="2026-03-04T10:50:54-06:00" level=info msg=ConnectionClosed connectionID=10
time="2026-03-04T10:54:24-06:00" level=info msg=NewConnection DisableClientMultiStatements=false connectionID=11
time="2026-03-04T10:54:24-06:00" level=info msg=ConnectionClosed connectionID=11
time="2026-03-04T10:54:24-06:00" level=info msg=NewConnection DisableClientMultiStatements=false connectionID=12
time="2026-03-04T10:54:24-06:00" level=info msg=NewConnection DisableClientMultiStatements=false connectionID=13
time="2026-03-04T10:54:24-06:00" level=info msg=ConnectionClosed connectionID=12
time="2026-03-04T10:54:24-06:00" level=info msg=ConnectionClosed connectionID=13
time="2026-03-04T10:57:56-06:00" level=info msg=NewConnection DisableClientMultiStatements=false connectionID=14
time="2026-03-04T10:57:56-06:00" level=info msg=ConnectionClosed connectionID=14
time="2026-03-04T10:57:56-06:00" level=info msg=NewConnection DisableClientMultiStatements=false connectionID=15
time="2026-03-04T10:57:56-06:00" level=info msg=NewConnection DisableClientMultiStatements=false connectionID=16
time="2026-03-04T10:57:56-06:00" level=info msg=ConnectionClosed connectionID=15
time="2026-03-04T10:57:56-06:00" level=info msg=ConnectionClosed connectionID=16
time="2026-03-04T11:01:28-06:00" level=info msg=NewConnection DisableClientMultiStatements=false connectionID=17
time="2026-03-04T11:01:28-06:00" level=info msg=ConnectionClosed connectionID=17
time="2026-03-04T11:01:28-06:00" level=info msg=NewConnection DisableClientMultiStatements=false connectionID=18
time="2026-03-04T11:01:28-06:00" level=info msg=NewConnection DisableClientMultiStatements=false connectionID=19
time="2026-03-04T11:01:28-06:00" level=info msg=ConnectionClosed connectionID=18
time="2026-03-04T11:01:28-06:00" level=info msg=ConnectionClosed connectionID=19
time="2026-03-04T11:05:00-06:00" level=info msg=NewConnection DisableClientMultiStatements=false connectionID=20
time="2026-03-04T11:05:00-06:00" level=info msg=ConnectionClosed connectionID=20
time="2026-03-04T11:05:00-06:00" level=info msg=NewConnection DisableClientMultiStatements=false connectionID=21
time="2026-03-04T11:05:00-06:00" level=info msg=NewConnection DisableClientMultiStatements=false connectionID=22
time="2026-03-04T11:05:00-06:00" level=info msg=ConnectionClosed connectionID=21
time="2026-03-04T11:05:00-06:00" level=info msg=ConnectionClosed connectionID=22
time="2026-03-04T11:05:16-06:00" level=info msg=NewConnection DisableClientMultiStatements=false connectionID=23
time="2026-03-04T11:05:16-06:00" level=info msg=ConnectionClosed connectionID=23
time="2026-03-04T11:05:16-06:00" level=info msg=NewConnection DisableClientMultiStatements=false connectionID=24
time="2026-03-04T11:05:16-06:00" level=info msg=NewConnection DisableClientMultiStatements=false connectionID=25
time="2026-03-04T11:05:16-06:00" level=info msg=ConnectionClosed connectionID=24
time="2026-03-04T11:05:16-06:00" level=info msg=ConnectionClosed connectionID=25
time="2026-03-04T11:08:30-06:00" level=info msg=NewConnection DisableClientMultiStatements=false connectionID=26
time="2026-03-04T11:08:30-06:00" level=info msg=ConnectionClosed connectionID=26
time="2026-03-04T11:08:30-06:00" level=info msg=NewConnection DisableClientMultiStatements=false connectionID=27
time="2026-03-04T11:08:30-06:00" level=info msg=NewConnection DisableClientMultiStatements=false connectionID=28
time="2026-03-04T11:08:30-06:00" level=info msg=ConnectionClosed connectionID=27
time="2026-03-04T11:08:30-06:00" level=info msg=ConnectionClosed connectionID=28
time="2026-03-04T11:12:00-06:00" level=info msg=NewConnection DisableClientMultiStatements=false connectionID=29
time="2026-03-04T11:12:00-06:00" level=info msg=ConnectionClosed connectionID=29
time="2026-03-04T11:12:00-06:00" level=info msg=NewConnection DisableClientMultiStatements=false connectionID=30
time="2026-03-04T11:12:00-06:00" level=info msg=NewConnection DisableClientMultiStatements=false connectionID=31
time="2026-03-04T11:12:00-06:00" level=info msg=ConnectionClosed connectionID=30
time="2026-03-04T11:12:00-06:00" level=info msg=ConnectionClosed connectionID=31
time="2026-03-04T11:13:54-06:00" level=info msg=NewConnection DisableClientMultiStatements=false connectionID=32
time="2026-03-04T11:13:54-06:00" level=info msg=ConnectionClosed connectionID=32
time="2026-03-04T11:13:54-06:00" level=info msg="Server closing listener. No longer accepting connections."
time="2026-03-04T11:13:54-06:00" level=info msg="stats stopped: context canceled"
Starting server with Config HP="127.0.0.1:13322"|T="28800000"|R="false"|L="info"
time="2026-03-04T11:15:33-06:00" level=info msg="Server ready. Accepting connections."
time="2026-03-04T11:15:33-06:00" level=warning msg="secure_file_priv is set to \"\", which is insecure."
time="2026-03-04T11:15:33-06:00" level=warning msg="Any user with GRANT FILE privileges will be able to read any file which the sql-server process can read."
time="2026-03-04T11:15:33-06:00" level=warning msg="Please consider restarting the server with secure_file_priv set to a safe (or non-existent) directory."
time="2026-03-04T11:15:33-06:00" level=info msg=NewConnection DisableClientMultiStatements=false connectionID=1
time="2026-03-04T11:15:33-06:00" level=info msg=ConnectionClosed connectionID=1
time="2026-03-04T11:15:33-06:00" level=info msg=NewConnection DisableClientMultiStatements=false connectionID=2
time="2026-03-04T11:15:33-06:00" level=info msg=ConnectionClosed connectionID=2
time="2026-03-04T11:15:33-06:00" level=info msg=NewConnection DisableClientMultiStatements=false connectionID=3
time="2026-03-04T11:15:33-06:00" level=info msg=NewConnection DisableClientMultiStatements=false connectionID=4
time="2026-03-04T11:15:33-06:00" level=info msg=ConnectionClosed connectionID=3
time="2026-03-04T11:15:33-06:00" level=info msg=ConnectionClosed connectionID=4
time="2026-03-04T11:19:04-06:00" level=info msg=NewConnection DisableClientMultiStatements=false connectionID=5
time="2026-03-04T11:19:04-06:00" level=info msg=ConnectionClosed connectionID=5
time="2026-03-04T11:19:04-06:00" level=info msg=NewConnection DisableClientMultiStatements=false connectionID=6
time="2026-03-04T11:19:04-06:00" level=info msg=NewConnection DisableClientMultiStatements=false connectionID=7
time="2026-03-04T11:19:04-06:00" level=info msg=ConnectionClosed connectionID=6
time="2026-03-04T11:19:04-06:00" level=info msg=ConnectionClosed connectionID=7
time="2026-03-04T11:22:34-06:00" level=info msg=NewConnection DisableClientMultiStatements=false connectionID=8
time="2026-03-04T11:22:34-06:00" level=info msg=ConnectionClosed connectionID=8
time="2026-03-04T11:22:34-06:00" level=info msg=NewConnection DisableClientMultiStatements=false connectionID=9
time="2026-03-04T11:22:34-06:00" level=info msg=NewConnection DisableClientMultiStatements=false connectionID=10
time="2026-03-04T11:22:34-06:00" level=info msg=ConnectionClosed connectionID=9
time="2026-03-04T11:22:34-06:00" level=info msg=ConnectionClosed connectionID=10
time="2026-03-04T11:26:04-06:00" level=info msg=NewConnection DisableClientMultiStatements=false connectionID=11
time="2026-03-04T11:26:04-06:00" level=info msg=ConnectionClosed connectionID=11
time="2026-03-04T11:26:04-06:00" level=info msg=NewConnection DisableClientMultiStatements=false connectionID=12
time="2026-03-04T11:26:04-06:00" level=info msg=NewConnection DisableClientMultiStatements=false connectionID=13
time="2026-03-04T11:26:04-06:00" level=info msg=ConnectionClosed connectionID=12
time="2026-03-04T11:26:04-06:00" level=info msg=ConnectionClosed connectionID=13
time="2026-03-04T11:29:35-06:00" level=info msg=NewConnection DisableClientMultiStatements=false connectionID=14
time="2026-03-04T11:29:35-06:00" level=info msg=ConnectionClosed connectionID=14
time="2026-03-04T11:29:35-06:00" level=info msg=NewConnection DisableClientMultiStatements=false connectionID=15
time="2026-03-04T11:29:35-06:00" level=info msg=NewConnection DisableClientMultiStatements=false connectionID=16
time="2026-03-04T11:29:35-06:00" level=info msg=ConnectionClosed connectionID=15
time="2026-03-04T11:29:35-06:00" level=info msg=ConnectionClosed connectionID=16
time="2026-03-04T11:33:08-06:00" level=info msg=NewConnection DisableClientMultiStatements=false connectionID=17
time="2026-03-04T11:33:08-06:00" level=info msg=ConnectionClosed connectionID=17
time="2026-03-04T11:33:08-06:00" level=info msg=NewConnection DisableClientMultiStatements=false connectionID=18
time="2026-03-04T11:33:08-06:00" level=info msg=NewConnection DisableClientMultiStatements=false connectionID=19
time="2026-03-04T11:33:08-06:00" level=info msg=ConnectionClosed connectionID=18
time="2026-03-04T11:33:08-06:00" level=info msg=ConnectionClosed connectionID=19
time="2026-03-04T11:36:18-06:00" level=info msg=NewConnection DisableClientMultiStatements=false connectionID=20
time="2026-03-04T11:36:18-06:00" level=info msg=ConnectionClosed connectionID=20
time="2026-03-04T11:36:18-06:00" level=info msg=NewConnection DisableClientMultiStatements=false connectionID=21
time="2026-03-04T11:36:18-06:00" level=info msg=NewConnection DisableClientMultiStatements=false connectionID=22
time="2026-03-04T11:36:18-06:00" level=info msg=ConnectionClosed connectionID=21
time="2026-03-04T11:36:18-06:00" level=info msg=ConnectionClosed connectionID=22
time="2026-03-04T11:36:41-06:00" level=info msg=NewConnection DisableClientMultiStatements=false connectionID=23
time="2026-03-04T11:36:41-06:00" level=info msg=ConnectionClosed connectionID=23
time="2026-03-04T11:36:41-06:00" level=info msg=NewConnection DisableClientMultiStatements=false connectionID=24
time="2026-03-04T11:36:41-06:00" level=info msg=NewConnection DisableClientMultiStatements=false connectionID=25
time="2026-03-04T11:36:41-06:00" level=info msg=ConnectionClosed connectionID=24
time="2026-03-04T11:36:41-06:00" level=info msg=ConnectionClosed connectionID=25
time="2026-03-04T11:40:11-06:00" level=info msg=NewConnection DisableClientMultiStatements=false connectionID=26
time="2026-03-04T11:40:11-06:00" level=info msg=NewConnection DisableClientMultiStatements=false connectionID=27
time="2026-03-04T11:40:11-06:00" level=info msg=ConnectionClosed connectionID=26
time="2026-03-04T11:40:11-06:00" level=info msg=NewConnection DisableClientMultiStatements=false connectionID=28
time="2026-03-04T11:40:11-06:00" level=info msg=ConnectionClosed connectionID=27
time="2026-03-04T11:40:11-06:00" level=info msg=ConnectionClosed connectionID=28
time="2026-03-04T11:43:43-06:00" level=info msg=NewConnection DisableClientMultiStatements=false connectionID=29
time="2026-03-04T11:43:43-06:00" level=info msg=ConnectionClosed connectionID=29
time="2026-03-04T11:43:43-06:00" level=info msg=NewConnection DisableClientMultiStatements=false connectionID=30
time="2026-03-04T11:43:43-06:00" level=info msg=NewConnection DisableClientMultiStatements=false connectionID=31
time="2026-03-04T11:43:43-06:00" level=info msg=ConnectionClosed connectionID=30
time="2026-03-04T11:43:43-06:00" level=info msg=ConnectionClosed connectionID=31
time="2026-03-04T11:45:36-06:00" level=info msg=NewConnection DisableClientMultiStatements=false connectionID=32
time="2026-03-04T11:45:36-06:00" level=info msg=ConnectionClosed connectionID=32
time="2026-03-04T11:45:36-06:00" level=info msg="Server closing listener. No longer accepting connections."
time="2026-03-04T11:45:36-06:00" level=info msg="stats stopped: context canceled"
Starting server with Config HP="127.0.0.1:13322"|T="28800000"|R="false"|L="info"
time="2026-03-04T11:47:16-06:00" level=info msg="Server ready. Accepting connections."
time="2026-03-04T11:47:16-06:00" level=warning msg="secure_file_priv is set to \"\", which is insecure."
time="2026-03-04T11:47:16-06:00" level=warning msg="Any user with GRANT FILE privileges will be able to read any file which the sql-server process can read."
time="2026-03-04T11:47:16-06:00" level=warning msg="Please consider restarting the server with secure_file_priv set to a safe (or non-existent) directory."
time="2026-03-04T11:47:17-06:00" level=info msg=NewConnection DisableClientMultiStatements=false connectionID=1
time="2026-03-04T11:47:17-06:00" level=info msg=ConnectionClosed connectionID=1
time="2026-03-04T11:47:17-06:00" level=info msg=NewConnection DisableClientMultiStatements=false connectionID=2
time="2026-03-04T11:47:17-06:00" level=info msg=ConnectionClosed connectionID=2
time="2026-03-04T11:47:17-06:00" level=info msg=NewConnection DisableClientMultiStatements=false connectionID=3
time="2026-03-04T11:47:17-06:00" level=info msg=NewConnection DisableClientMultiStatements=false connectionID=4
time="2026-03-04T11:47:17-06:00" level=info msg=ConnectionClosed connectionID=3
time="2026-03-04T11:47:17-06:00" level=info msg=ConnectionClosed connectionID=4
time="2026-03-04T11:50:48-06:00" level=info msg=NewConnection DisableClientMultiStatements=false connectionID=5
time="2026-03-04T11:50:48-06:00" level=info msg=NewConnection DisableClientMultiStatements=false connectionID=6
time="2026-03-04T11:50:48-06:00" level=info msg=ConnectionClosed connectionID=5
time="2026-03-04T11:50:48-06:00" level=info msg=NewConnection DisableClientMultiStatements=false connectionID=7
time="2026-03-04T11:50:48-06:00" level=info msg=ConnectionClosed connectionID=6
time="2026-03-04T11:50:48-06:00" level=info msg=ConnectionClosed connectionID=7
time="2026-03-04T11:54:18-06:00" level=info msg=NewConnection DisableClientMultiStatements=false connectionID=8
time="2026-03-04T11:54:18-06:00" level=info msg=ConnectionClosed connectionID=8
time="2026-03-04T11:54:18-06:00" level=info msg=NewConnection DisableClientMultiStatements=false connectionID=9
time="2026-03-04T11:54:18-06:00" level=info msg=NewConnection DisableClientMultiStatements=false connectionID=10
time="2026-03-04T11:54:18-06:00" level=info msg=ConnectionClosed connectionID=9
time="2026-03-04T11:54:18-06:00" level=info msg=ConnectionClosed connectionID=10
time="2026-03-04T11:57:50-06:00" level=info msg=NewConnection DisableClientMultiStatements=false connectionID=11
time="2026-03-04T11:57:50-06:00" level=info msg=NewConnection DisableClientMultiStatements=false connectionID=12
time="2026-03-04T11:57:50-06:00" level=info msg=ConnectionClosed connectionID=11
time="2026-03-04T11:57:50-06:00" level=info msg=NewConnection DisableClientMultiStatements=false connectionID=13
time="2026-03-04T11:57:50-06:00" level=info msg=ConnectionClosed connectionID=12
time="2026-03-04T11:57:50-06:00" level=info msg=ConnectionClosed connectionID=13
time="2026-03-04T12:02:02-06:00" level=info msg=NewConnection DisableClientMultiStatements=false connectionID=15
time="2026-03-04T12:02:02-06:00" level=info msg=NewConnection DisableClientMultiStatements=false connectionID=14
time="2026-03-04T12:02:02-06:00" level=info msg=ConnectionClosed connectionID=14
time="2026-03-04T12:02:02-06:00" level=info msg=NewConnection DisableClientMultiStatements=false connectionID=16
time="2026-03-04T12:02:02-06:00" level=info msg=ConnectionClosed connectionID=15
time="2026-03-04T12:02:02-06:00" level=info msg=ConnectionClosed connectionID=16
time="2026-03-04T12:04:26-06:00" level=info msg=NewConnection DisableClientMultiStatements=false connectionID=17
time="2026-03-04T12:04:26-06:00" level=info msg=NewConnection DisableClientMultiStatements=false connectionID=18
time="2026-03-04T12:04:26-06:00" level=info msg=ConnectionClosed connectionID=17
time="2026-03-04T12:04:26-06:00" level=info msg=NewConnection DisableClientMultiStatements=false connectionID=19
time="2026-03-04T12:04:26-06:00" level=info msg=ConnectionClosed connectionID=18
time="2026-03-04T12:04:26-06:00" level=info msg=ConnectionClosed connectionID=19
time="2026-03-04T12:05:41-06:00" level=info msg=NewConnection DisableClientMultiStatements=false connectionID=20
time="2026-03-04T12:05:41-06:00" level=info msg=ConnectionClosed connectionID=20
time="2026-03-04T12:05:41-06:00" level=info msg=NewConnection DisableClientMultiStatements=false connectionID=21
time="2026-03-04T12:05:41-06:00" level=info msg=NewConnection DisableClientMultiStatements=false connectionID=22
time="2026-03-04T12:05:41-06:00" level=info msg=ConnectionClosed connectionID=21
time="2026-03-04T12:05:41-06:00" level=info msg=ConnectionClosed connectionID=22
time="2026-03-04T12:09:11-06:00" level=info msg=NewConnection DisableClientMultiStatements=false connectionID=23
time="2026-03-04T12:09:11-06:00" level=info msg=ConnectionClosed connectionID=23
time="2026-03-04T12:09:11-06:00" level=info msg=NewConnection DisableClientMultiStatements=false connectionID=24
time="2026-03-04T12:09:11-06:00" level=info msg=NewConnection DisableClientMultiStatements=false connectionID=25
time="2026-03-04T12:09:11-06:00" level=info msg=ConnectionClosed connectionID=24
time="2026-03-04T12:09:11-06:00" level=info msg=ConnectionClosed connectionID=25
time="2026-03-04T12:12:42-06:00" level=info msg=NewConnection DisableClientMultiStatements=false connectionID=26
time="2026-03-04T12:12:42-06:00" level=info msg=ConnectionClosed connectionID=26
time="2026-03-04T12:12:42-06:00" level=info msg=NewConnection DisableClientMultiStatements=false connectionID=27
time="2026-03-04T12:12:42-06:00" level=info msg=NewConnection DisableClientMultiStatements=false connectionID=28
time="2026-03-04T12:12:42-06:00" level=info msg=ConnectionClosed connectionID=27
time="2026-03-04T12:12:42-06:00" level=info msg=ConnectionClosed connectionID=28
time="2026-03-04T12:16:13-06:00" level=info msg=NewConnection DisableClientMultiStatements=false connectionID=29
time="2026-03-04T12:16:13-06:00" level=info msg=ConnectionClosed connectionID=29
time="2026-03-04T12:16:13-06:00" level=info msg=NewConnection DisableClientMultiStatements=false connectionID=30
time="2026-03-04T12:16:13-06:00" level=info msg=NewConnection DisableClientMultiStatements=false connectionID=31
time="2026-03-04T12:16:13-06:00" level=info msg=ConnectionClosed connectionID=30
time="2026-03-04T12:16:13-06:00" level=info msg=ConnectionClosed connectionID=31
time="2026-03-04T12:17:19-06:00" level=info msg=NewConnection DisableClientMultiStatements=false connectionID=32
time="2026-03-04T12:17:19-06:00" level=info msg=ConnectionClosed connectionID=32
time="2026-03-04T12:17:19-06:00" level=info msg="Server closing listener. No longer accepting connections."
time="2026-03-04T12:17:19-06:00" level=info msg="stats stopped: context canceled"
Starting server with Config HP="127.0.0.1:13322"|T="28800000"|R="false"|L="info"
time="2026-03-04T13:41:50-06:00" level=info msg="Server ready. Accepting connections."
time="2026-03-04T13:41:50-06:00" level=warning msg="secure_file_priv is set to \"\", which is insecure."
time="2026-03-04T13:41:50-06:00" level=warning msg="Any user with GRANT FILE privileges will be able to read any file which the sql-server process can read."
time="2026-03-04T13:41:50-06:00" level=warning msg="Please consider restarting the server with secure_file_priv set to a safe (or non-existent) directory."
time="2026-03-04T13:41:50-06:00" level=info msg=NewConnection DisableClientMultiStatements=false connectionID=1
time="2026-03-04T13:41:50-06:00" level=info msg=ConnectionClosed connectionID=1
time="2026-03-04T13:41:50-06:00" level=info msg=NewConnection DisableClientMultiStatements=false connectionID=2
time="2026-03-04T13:41:50-06:00" level=info msg=ConnectionClosed connectionID=2
time="2026-03-04T13:41:50-06:00" level=info msg=NewConnection DisableClientMultiStatements=false connectionID=3
time="2026-03-04T13:41:50-06:00" level=info msg=NewConnection DisableClientMultiStatements=false connectionID=4
time="2026-03-04T13:41:50-06:00" level=info msg=ConnectionClosed connectionID=3
time="2026-03-04T13:41:50-06:00" level=info msg=ConnectionClosed connectionID=4
time="2026-03-04T14:10:36-06:00" level=info msg=NewConnection DisableClientMultiStatements=false connectionID=5
time="2026-03-04T14:10:36-06:00" level=info msg=ConnectionClosed connectionID=5
time="2026-03-04T14:10:36-06:00" level=info msg=NewConnection DisableClientMultiStatements=false connectionID=6
time="2026-03-04T14:10:36-06:00" level=info msg=NewConnection DisableClientMultiStatements=false connectionID=7
time="2026-03-04T14:10:36-06:00" level=info msg=ConnectionClosed connectionID=6
time="2026-03-04T14:10:36-06:00" level=info msg=ConnectionClosed connectionID=7
time="2026-03-04T14:11:52-06:00" level=info msg=NewConnection DisableClientMultiStatements=false connectionID=8
time="2026-03-04T14:11:52-06:00" level=info msg=ConnectionClosed connectionID=8
time="2026-03-04T14:11:52-06:00" level=info msg="Server closing listener. No longer accepting connections."
time="2026-03-04T14:11:52-06:00" level=info msg="stats stopped: context canceled"
Starting server with Config HP="127.0.0.1:13322"|T="28800000"|R="false"|L="info"
time="2026-03-04T14:41:31-06:00" level=info msg="Server ready. Accepting connections."
time="2026-03-04T14:41:31-06:00" level=warning msg="secure_file_priv is set to \"\", which is insecure."
time="2026-03-04T14:41:31-06:00" level=warning msg="Any user with GRANT FILE privileges will be able to read any file which the sql-server process can read."
time="2026-03-04T14:41:31-06:00" level=warning msg="Please consider restarting the server with secure_file_priv set to a safe (or non-existent) directory."
time="2026-03-04T14:41:31-06:00" level=info msg=NewConnection DisableClientMultiStatements=false connectionID=1
time="2026-03-04T14:41:31-06:00" level=info msg=ConnectionClosed connectionID=1
time="2026-03-04T14:41:31-06:00" level=info msg=NewConnection DisableClientMultiStatements=false connectionID=2
time="2026-03-04T14:41:31-06:00" level=info msg=ConnectionClosed connectionID=2
time="2026-03-04T14:41:31-06:00" level=info msg=NewConnection DisableClientMultiStatements=false connectionID=3
time="2026-03-04T14:41:31-06:00" level=info msg=NewConnection DisableClientMultiStatements=false connectionID=4
time="2026-03-04T14:41:31-06:00" level=info msg=ConnectionClosed connectionID=3
time="2026-03-04T14:41:31-06:00" level=info msg=ConnectionClosed connectionID=4
time="2026-03-04T15:11:33-06:00" level=info msg=NewConnection DisableClientMultiStatements=false connectionID=5
time="2026-03-04T15:11:33-06:00" level=info msg=ConnectionClosed connectionID=5
time="2026-03-04T15:11:33-06:00" level=info msg="Server closing listener. No longer accepting connections."
time="2026-03-04T15:11:33-06:00" level=info msg="stats stopped: context canceled"
Starting server with Config HP="127.0.0.1:13322"|T="28800000"|R="false"|L="info"
time="2026-03-04T15:12:13-06:00" level=info msg="Server ready. Accepting connections."
time="2026-03-04T15:12:13-06:00" level=warning msg="secure_file_priv is set to \"\", which is insecure."
time="2026-03-04T15:12:13-06:00" level=warning msg="Any user with GRANT FILE privileges will be able to read any file which the sql-server process can read."
time="2026-03-04T15:12:13-06:00" level=warning msg="Please consider restarting the server with secure_file_priv set to a safe (or non-existent) directory."
time="2026-03-04T15:12:14-06:00" level=info msg=NewConnection DisableClientMultiStatements=false connectionID=1
time="2026-03-04T15:12:14-06:00" level=info msg=ConnectionClosed connectionID=1
time="2026-03-04T15:12:14-06:00" level=info msg=NewConnection DisableClientMultiStatements=false connectionID=2
time="2026-03-04T15:12:14-06:00" level=info msg=ConnectionClosed connectionID=2
time="2026-03-04T15:12:14-06:00" level=info msg=NewConnection DisableClientMultiStatements=false connectionID=3
time="2026-03-04T15:12:14-06:00" level=info msg=NewConnection DisableClientMultiStatements=false connectionID=4
time="2026-03-04T15:12:14-06:00" level=info msg=ConnectionClosed connectionID=3
time="2026-03-04T15:12:14-06:00" level=info msg=ConnectionClosed connectionID=4
time="2026-03-04T15:12:40-06:00" level=info msg=NewConnection DisableClientMultiStatements=false connectionID=5
time="2026-03-04T15:12:40-06:00" level=info msg=ConnectionClosed connectionID=5
time="2026-03-04T15:12:40-06:00" level=info msg=NewConnection DisableClientMultiStatements=false connectionID=6
time="2026-03-04T15:12:40-06:00" level=info msg=NewConnection DisableClientMultiStatements=false connectionID=7
time="2026-03-04T15:12:40-06:00" level=info msg=ConnectionClosed connectionID=6
time="2026-03-04T15:12:40-06:00" level=info msg=ConnectionClosed connectionID=7
time="2026-03-04T15:24:00-06:00" level=info msg=NewConnection DisableClientMultiStatements=false connectionID=8
time="2026-03-04T15:24:00-06:00" level=info msg=ConnectionClosed connectionID=8
time="2026-03-04T15:24:00-06:00" level=info msg=NewConnection DisableClientMultiStatements=false connectionID=9
time="2026-03-04T15:24:00-06:00" level=info msg=NewConnection DisableClientMultiStatements=false connectionID=10
time="2026-03-04T15:24:00-06:00" level=info msg=ConnectionClosed connectionID=9
time="2026-03-04T15:24:00-06:00" level=info msg=ConnectionClosed connectionID=10
time="2026-03-04T15:24:31-06:00" level=info msg=NewConnection DisableClientMultiStatements=false connectionID=11
time="2026-03-04T15:24:31-06:00" level=info msg=ConnectionClosed connectionID=11
time="2026-03-04T15:24:31-06:00" level=info msg=NewConnection DisableClientMultiStatements=false connectionID=12
time="2026-03-04T15:24:31-06:00" level=info msg=NewConnection DisableClientMultiStatements=false connectionID=13
time="2026-03-04T15:24:31-06:00" level=info msg=ConnectionClosed connectionID=12
time="2026-03-04T15:24:31-06:00" level=info msg=ConnectionClosed connectionID=13
time="2026-03-04T15:36:26-06:00" level=info msg=NewConnection DisableClientMultiStatements=false connectionID=14
time="2026-03-04T15:36:26-06:00" level=info msg=ConnectionClosed connectionID=14
time="2026-03-04T15:36:26-06:00" level=info msg=NewConnection DisableClientMultiStatements=false connectionID=15
time="2026-03-04T15:36:26-06:00" level=info msg=NewConnection DisableClientMultiStatements=false connectionID=16
time="2026-03-04T15:36:26-06:00" level=info msg=ConnectionClosed connectionID=15
time="2026-03-04T15:36:26-06:00" level=info msg=ConnectionClosed connectionID=16
time="2026-03-04T15:42:15-06:00" level=info msg=NewConnection DisableClientMultiStatements=false connectionID=17
time="2026-03-04T15:42:15-06:00" level=info msg=ConnectionClosed connectionID=17
time="2026-03-04T15:42:15-06:00" level=info msg="Server closing listener. No longer accepting connections."
time="2026-03-04T15:42:15-06:00" level=info msg="stats stopped: context canceled"
Starting server with Config HP="127.0.0.1:13322"|T="28800000"|R="false"|L="info"
time="2026-03-04T16:36:54-06:00" level=info msg="Server ready. Accepting connections."
time="2026-03-04T16:36:54-06:00" level=warning msg="secure_file_priv is set to \"\", which is insecure."
time="2026-03-04T16:36:54-06:00" level=warning msg="Any user with GRANT FILE privileges will be able to read any file which the sql-server process can read."
time="2026-03-04T16:36:54-06:00" level=warning msg="Please consider restarting the server with secure_file_priv set to a safe (or non-existent) directory."
time="2026-03-04T16:36:54-06:00" level=info msg=NewConnection DisableClientMultiStatements=false connectionID=1
time="2026-03-04T16:36:54-06:00" level=info msg=ConnectionClosed connectionID=1
time="2026-03-04T16:36:54-06:00" level=info msg=NewConnection DisableClientMultiStatements=false connectionID=2
time="2026-03-04T16:36:54-06:00" level=info msg=ConnectionClosed connectionID=2
time="2026-03-04T16:36:54-06:00" level=info msg=NewConnection DisableClientMultiStatements=false connectionID=3
time="2026-03-04T16:36:54-06:00" level=info msg=NewConnection DisableClientMultiStatements=false connectionID=4
time="2026-03-04T16:36:54-06:00" level=info msg=ConnectionClosed connectionID=3
time="2026-03-04T16:36:54-06:00" level=info msg=ConnectionClosed connectionID=4
time="2026-03-04T17:06:56-06:00" level=info msg=NewConnection DisableClientMultiStatements=false connectionID=5
time="2026-03-04T17:06:56-06:00" level=info msg="Server closing listener. No longer accepting connections."
time="2026-03-04T17:06:56-06:00" level=info msg=ConnectionClosed connectionID=5
time="2026-03-04T17:06:56-06:00" level=info msg="stats stopped: context canceled"
Starting server with Config HP="127.0.0.1:13322"|T="28800000"|R="false"|L="info"
time="2026-03-04T17:36:28-06:00" level=info msg="Server ready. Accepting connections."
time="2026-03-04T17:36:28-06:00" level=warning msg="secure_file_priv is set to \"\", which is insecure."
time="2026-03-04T17:36:28-06:00" level=warning msg="Any user with GRANT FILE privileges will be able to read any file which the sql-server process can read."
time="2026-03-04T17:36:28-06:00" level=warning msg="Please consider restarting the server with secure_file_priv set to a safe (or non-existent) directory."
time="2026-03-04T17:36:28-06:00" level=info msg=NewConnection DisableClientMultiStatements=false connectionID=1
time="2026-03-04T17:36:28-06:00" level=info msg=ConnectionClosed connectionID=1
time="2026-03-04T17:36:28-06:00" level=info msg=NewConnection DisableClientMultiStatements=false connectionID=2
time="2026-03-04T17:36:28-06:00" level=info msg=ConnectionClosed connectionID=2
time="2026-03-04T17:36:28-06:00" level=info msg=NewConnection DisableClientMultiStatements=false connectionID=3
time="2026-03-04T17:36:28-06:00" level=info msg=NewConnection DisableClientMultiStatements=false connectionID=4
time="2026-03-04T17:36:28-06:00" level=info msg=ConnectionClosed connectionID=3
time="2026-03-04T17:36:28-06:00" level=info msg=ConnectionClosed connectionID=4
time="2026-03-04T18:06:30-06:00" level=info msg=NewConnection DisableClientMultiStatements=false connectionID=5
time="2026-03-04T18:06:30-06:00" level=info msg="Server closing listener. No longer accepting connections."
time="2026-03-04T18:06:30-06:00" level=info msg=ConnectionClosed connectionID=5
time="2026-03-04T18:06:30-06:00" level=info msg="stats stopped: context canceled"
Starting server with Config HP="127.0.0.1:13322"|T="28800000"|R="false"|L="info"
time="2026-03-04T18:07:32-06:00" level=info msg="Server ready. Accepting connections."
time="2026-03-04T18:07:32-06:00" level=warning msg="secure_file_priv is set to \"\", which is insecure."
time="2026-03-04T18:07:32-06:00" level=warning msg="Any user with GRANT FILE privileges will be able to read any file which the sql-server process can read."
time="2026-03-04T18:07:32-06:00" level=warning msg="Please consider restarting the server with secure_file_priv set to a safe (or non-existent) directory."
time="2026-03-04T18:07:33-06:00" level=info msg=NewConnection DisableClientMultiStatements=false connectionID=1
time="2026-03-04T18:07:33-06:00" level=info msg=ConnectionClosed connectionID=1
time="2026-03-04T18:07:33-06:00" level=info msg=NewConnection DisableClientMultiStatements=false connectionID=2
time="2026-03-04T18:07:33-06:00" level=info msg=ConnectionClosed connectionID=2
time="2026-03-04T18:07:33-06:00" level=info msg=NewConnection DisableClientMultiStatements=false connectionID=3
time="2026-03-04T18:07:33-06:00" level=info msg=NewConnection DisableClientMultiStatements=false connectionID=4
time="2026-03-04T18:07:33-06:00" level=info msg=ConnectionClosed connectionID=3
time="2026-03-04T18:07:33-06:00" level=info msg=ConnectionClosed connectionID=4
time="2026-03-04T18:37:34-06:00" level=info msg=NewConnection DisableClientMultiStatements=false connectionID=5
time="2026-03-04T18:37:34-06:00" level=info msg=ConnectionClosed connectionID=5
time="2026-03-04T18:37:34-06:00" level=info msg="Server closing listener. No longer accepting connections."
time="2026-03-04T18:37:34-06:00" level=info msg="stats stopped: context canceled"
Starting server with Config HP="127.0.0.1:13322"|T="28800000"|R="false"|L="info"
time="2026-03-04T18:54:46-06:00" level=info msg="Server ready. Accepting connections."
time="2026-03-04T18:54:46-06:00" level=warning msg="secure_file_priv is set to \"\", which is insecure."
time="2026-03-04T18:54:46-06:00" level=warning msg="Any user with GRANT FILE privileges will be able to read any file which the sql-server process can read."
time="2026-03-04T18:54:46-06:00" level=warning msg="Please consider restarting the server with secure_file_priv set to a safe (or non-existent) directory."
time="2026-03-04T18:54:46-06:00" level=info msg=NewConnection DisableClientMultiStatements=false connectionID=1
time="2026-03-04T18:54:46-06:00" level=info msg=ConnectionClosed connectionID=1
time="2026-03-04T18:54:46-06:00" level=info msg=NewConnection DisableClientMultiStatements=false connectionID=2
time="2026-03-04T18:54:46-06:00" level=info msg=ConnectionClosed connectionID=2
time="2026-03-04T18:54:46-06:00" level=info msg=NewConnection DisableClientMultiStatements=false connectionID=3
time="2026-03-04T18:54:46-06:00" level=info msg=NewConnection DisableClientMultiStatements=false connectionID=4
time="2026-03-04T18:54:46-06:00" level=info msg=ConnectionClosed connectionID=3
time="2026-03-04T18:54:46-06:00" level=info msg=ConnectionClosed connectionID=4
time="2026-03-04T18:56:20-06:00" level=info msg=NewConnection DisableClientMultiStatements=false connectionID=5
time="2026-03-04T18:56:20-06:00" level=info msg=ConnectionClosed connectionID=5
time="2026-03-04T18:56:20-06:00" level=info msg=NewConnection DisableClientMultiStatements=false connectionID=6
time="2026-03-04T18:56:20-06:00" level=info msg=NewConnection DisableClientMultiStatements=false connectionID=7
time="2026-03-04T18:56:20-06:00" level=info msg=ConnectionClosed connectionID=6
time="2026-03-04T18:56:20-06:00" level=info msg=ConnectionClosed connectionID=7
time="2026-03-04T19:24:48-06:00" level=info msg=NewConnection DisableClientMultiStatements=false connectionID=8
time="2026-03-04T19:24:48-06:00" level=info msg=ConnectionClosed connectionID=8
time="2026-03-04T19:24:48-06:00" level=info msg="Server closing listener. No longer accepting connections."
time="2026-03-04T19:24:48-06:00" level=info msg="stats stopped: context canceled"
Starting server with Config HP="127.0.0.1:13322"|T="28800000"|R="false"|L="info"
time="2026-03-04T20:05:41-06:00" level=info msg="Server ready. Accepting connections."
time="2026-03-04T20:05:41-06:00" level=warning msg="secure_file_priv is set to \"\", which is insecure."
time="2026-03-04T20:05:41-06:00" level=warning msg="Any user with GRANT FILE privileges will be able to read any file which the sql-server process can read."
time="2026-03-04T20:05:41-06:00" level=warning msg="Please consider restarting the server with secure_file_priv set to a safe (or non-existent) directory."
time="2026-03-04T20:05:41-06:00" level=info msg=NewConnection DisableClientMultiStatements=false connectionID=1
time="2026-03-04T20:05:41-06:00" level=info msg=ConnectionClosed connectionID=1
time="2026-03-04T20:05:41-06:00" level=info msg=NewConnection DisableClientMultiStatements=false connectionID=2
time="2026-03-04T20:05:41-06:00" level=info msg=ConnectionClosed connectionID=2
time="2026-03-04T20:05:41-06:00" level=info msg=NewConnection DisableClientMultiStatements=false connectionID=3
time="2026-03-04T20:05:41-06:00" level=info msg=NewConnection DisableClientMultiStatements=false connectionID=4
time="2026-03-04T20:05:41-06:00" level=info msg=ConnectionClosed connectionID=3
time="2026-03-04T20:05:41-06:00" level=info msg=ConnectionClosed connectionID=4
time="2026-03-04T20:35:43-06:00" level=info msg=NewConnection DisableClientMultiStatements=false connectionID=5
time="2026-03-04T20:35:43-06:00" level=info msg=ConnectionClosed connectionID=5
time="2026-03-04T20:35:43-06:00" level=info msg="Server closing listener. No longer accepting connections."
time="2026-03-04T20:35:43-06:00" level=info msg="stats stopped: context canceled"
Starting server with Config HP="127.0.0.1:13322"|T="28800000"|R="false"|L="info"
time="2026-03-04T21:19:38-06:00" level=info msg="Server ready. Accepting connections."
time="2026-03-04T21:19:38-06:00" level=warning msg="secure_file_priv is set to \"\", which is insecure."
time="2026-03-04T21:19:38-06:00" level=warning msg="Any user with GRANT FILE privileges will be able to read any file which the sql-server process can read."
time="2026-03-04T21:19:38-06:00" level=warning msg="Please consider restarting the server with secure_file_priv set to a safe (or non-existent) directory."
time="2026-03-04T21:19:38-06:00" level=info msg=NewConnection DisableClientMultiStatements=false connectionID=1
time="2026-03-04T21:19:38-06:00" level=info msg=ConnectionClosed connectionID=1
time="2026-03-04T21:19:38-06:00" level=info msg=NewConnection DisableClientMultiStatements=false connectionID=2
time="2026-03-04T21:19:38-06:00" level=info msg=ConnectionClosed connectionID=2
time="2026-03-04T21:19:38-06:00" level=info msg=NewConnection DisableClientMultiStatements=false connectionID=3
time="2026-03-04T21:19:38-06:00" level=info msg=NewConnection DisableClientMultiStatements=false connectionID=4
time="2026-03-04T21:19:38-06:00" level=info msg=ConnectionClosed connectionID=3
time="2026-03-04T21:19:38-06:00" level=info msg=ConnectionClosed connectionID=4
time="2026-03-04T21:49:40-06:00" level=info msg=NewConnection DisableClientMultiStatements=false connectionID=5
time="2026-03-04T21:49:40-06:00" level=info msg=ConnectionClosed connectionID=5
time="2026-03-04T21:49:40-06:00" level=info msg="Server closing listener. No longer accepting connections."
time="2026-03-04T21:49:40-06:00" level=info msg="stats stopped: context canceled"
Starting server with Config HP="127.0.0.1:13322"|T="28800000"|R="false"|L="info"
time="2026-03-04T22:57:44-06:00" level=info msg="Server ready. Accepting connections."
time="2026-03-04T22:57:44-06:00" level=warning msg="secure_file_priv is set to \"\", which is insecure."
time="2026-03-04T22:57:44-06:00" level=warning msg="Any user with GRANT FILE privileges will be able to read any file which the sql-server process can read."
time="2026-03-04T22:57:44-06:00" level=warning msg="Please consider restarting the server with secure_file_priv set to a safe (or non-existent) directory."
time="2026-03-04T22:57:44-06:00" level=info msg=NewConnection DisableClientMultiStatements=false connectionID=1
time="2026-03-04T22:57:44-06:00" level=info msg=ConnectionClosed connectionID=1
time="2026-03-04T22:57:44-06:00" level=info msg=NewConnection DisableClientMultiStatements=false connectionID=2
time="2026-03-04T22:57:44-06:00" level=info msg=ConnectionClosed connectionID=2
time="2026-03-04T22:57:44-06:00" level=info msg=NewConnection DisableClientMultiStatements=false connectionID=3
time="2026-03-04T22:57:44-06:00" level=info msg=NewConnection DisableClientMultiStatements=false connectionID=4
time="2026-03-04T22:57:44-06:00" level=info msg=ConnectionClosed connectionID=3
time="2026-03-04T22:57:44-06:00" level=info msg=ConnectionClosed connectionID=4
time="2026-03-04T22:57:44-06:00" level=info msg=NewConnection DisableClientMultiStatements=false connectionID=5
time="2026-03-04T22:57:44-06:00" level=info msg=ConnectionClosed connectionID=5
time="2026-03-04T22:57:44-06:00" level=info msg=NewConnection DisableClientMultiStatements=false connectionID=6
time="2026-03-04T22:57:44-06:00" level=info msg=NewConnection DisableClientMultiStatements=false connectionID=7
time="2026-03-04T22:57:44-06:00" level=info msg=ConnectionClosed connectionID=6
time="2026-03-04T22:57:44-06:00" level=info msg=ConnectionClosed connectionID=7
time="2026-03-04T23:12:43-06:00" level=info msg=NewConnection DisableClientMultiStatements=false connectionID=8
time="2026-03-04T23:12:43-06:00" level=info msg=NewConnection DisableClientMultiStatements=false connectionID=9
time="2026-03-04T23:12:43-06:00" level=info msg=ConnectionClosed connectionID=8
time="2026-03-04T23:12:43-06:00" level=info msg=NewConnection DisableClientMultiStatements=false connectionID=10
time="2026-03-04T23:12:43-06:00" level=info msg=ConnectionClosed connectionID=9
time="2026-03-04T23:12:43-06:00" level=info msg=ConnectionClosed connectionID=10
time="2026-03-04T23:27:46-06:00" level=info msg=NewConnection DisableClientMultiStatements=false connectionID=11
time="2026-03-04T23:27:46-06:00" level=info msg=ConnectionClosed connectionID=11
time="2026-03-04T23:27:46-06:00" level=info msg="Server closing listener. No longer accepting connections."
time="2026-03-04T23:27:46-06:00" level=info msg="stats stopped: context canceled"
Starting server with Config HP="127.0.0.1:13322"|T="28800000"|R="false"|L="info"
time="2026-03-06T15:43:26-06:00" level=info msg="Server ready. Accepting connections."
time="2026-03-06T15:43:26-06:00" level=warning msg="secure_file_priv is set to \"\", which is insecure."
time="2026-03-06T15:43:26-06:00" level=warning msg="Any user with GRANT FILE privileges will be able to read any file which the sql-server process can read."
time="2026-03-06T15:43:26-06:00" level=warning msg="Please consider restarting the server with secure_file_priv set to a safe (or non-existent) directory."
time="2026-03-06T15:43:26-06:00" level=info msg=NewConnection DisableClientMultiStatements=false connectionID=1
time="2026-03-06T15:43:26-06:00" level=info msg=ConnectionClosed connectionID=1
time="2026-03-06T15:43:26-06:00" level=info msg=NewConnection DisableClientMultiStatements=false connectionID=2
time="2026-03-06T15:43:26-06:00" level=info msg=ConnectionClosed connectionID=2
time="2026-03-06T15:43:26-06:00" level=info msg=NewConnection DisableClientMultiStatements=false connectionID=3
time="2026-03-06T15:43:26-06:00" level=info msg=NewConnection DisableClientMultiStatements=false connectionID=4
time="2026-03-06T15:43:26-06:00" level=info msg=ConnectionClosed connectionID=3
time="2026-03-06T15:43:26-06:00" level=warning msg="error running query" connectTime="2026-03-06 15:43:26.844964 -0600 CST m=+0.505477334" connectionDb=beads_GrowWise connectionID=4 error="nothing to commit" queryTime="2026-03-06 15:43:26.858264 -0600 CST m=+0.518777542"
time="2026-03-06T15:43:26-06:00" level=info msg=ConnectionClosed connectionID=4
time="2026-03-06T15:43:26-06:00" level=info msg=NewConnection DisableClientMultiStatements=false connectionID=5
time="2026-03-06T15:43:26-06:00" level=info msg=ConnectionClosed connectionID=5
time="2026-03-06T15:43:26-06:00" level=info msg=NewConnection DisableClientMultiStatements=false connectionID=6
time="2026-03-06T15:43:26-06:00" level=info msg=NewConnection DisableClientMultiStatements=false connectionID=7
time="2026-03-06T15:43:26-06:00" level=info msg=ConnectionClosed connectionID=6
time="2026-03-06T15:43:26-06:00" level=info msg=ConnectionClosed connectionID=7
time="2026-03-06T16:13:28-06:00" level=info msg=NewConnection DisableClientMultiStatements=false connectionID=8
time="2026-03-06T16:13:28-06:00" level=info msg="Server closing listener. No longer accepting connections."
time="2026-03-06T16:13:28-06:00" level=info msg=ConnectionClosed connectionID=8
time="2026-03-06T16:13:28-06:00" level=info msg="stats stopped: context canceled"
Starting server with Config HP="127.0.0.1:13322"|T="28800000"|R="false"|L="info"
time="2026-03-06T19:52:35-06:00" level=info msg="Server ready. Accepting connections."
time="2026-03-06T19:52:35-06:00" level=warning msg="secure_file_priv is set to \"\", which is insecure."
time="2026-03-06T19:52:35-06:00" level=warning msg="Any user with GRANT FILE privileges will be able to read any file which the sql-server process can read."
time="2026-03-06T19:52:35-06:00" level=warning msg="Please consider restarting the server with secure_file_priv set to a safe (or non-existent) directory."
time="2026-03-06T19:52:35-06:00" level=info msg=NewConnection DisableClientMultiStatements=false connectionID=1
time="2026-03-06T19:52:35-06:00" level=info msg=ConnectionClosed connectionID=1
time="2026-03-06T19:52:35-06:00" level=info msg=NewConnection DisableClientMultiStatements=false connectionID=2
time="2026-03-06T19:52:35-06:00" level=info msg=ConnectionClosed connectionID=2
time="2026-03-06T19:52:35-06:00" level=info msg=NewConnection DisableClientMultiStatements=false connectionID=3
time="2026-03-06T19:52:35-06:00" level=info msg=NewConnection DisableClientMultiStatements=false connectionID=4
time="2026-03-06T19:52:35-06:00" level=info msg=ConnectionClosed connectionID=3
time="2026-03-06T19:52:35-06:00" level=info msg=ConnectionClosed connectionID=4
time="2026-03-06T20:22:37-06:00" level=info msg=NewConnection DisableClientMultiStatements=false connectionID=5
time="2026-03-06T20:22:37-06:00" level=info msg="Server closing listener. No longer accepting connections."
time="2026-03-06T20:22:37-06:00" level=info msg=ConnectionClosed connectionID=5
time="2026-03-06T20:22:37-06:00" level=info msg="stats stopped: context canceled"
Starting server with Config HP="127.0.0.1:13322"|T="28800000"|R="false"|L="info"
time="2026-03-06T22:04:54-06:00" level=info msg="Server ready. Accepting connections."
time="2026-03-06T22:04:54-06:00" level=warning msg="secure_file_priv is set to \"\", which is insecure."
time="2026-03-06T22:04:54-06:00" level=warning msg="Any user with GRANT FILE privileges will be able to read any file which the sql-server process can read."
time="2026-03-06T22:04:54-06:00" level=warning msg="Please consider restarting the server with secure_file_priv set to a safe (or non-existent) directory."
time="2026-03-06T22:04:54-06:00" level=info msg=NewConnection DisableClientMultiStatements=false connectionID=1
time="2026-03-06T22:04:54-06:00" level=info msg=ConnectionClosed connectionID=1
time="2026-03-06T22:04:54-06:00" level=info msg=NewConnection DisableClientMultiStatements=false connectionID=2
time="2026-03-06T22:04:54-06:00" level=info msg=ConnectionClosed connectionID=2
time="2026-03-06T22:04:54-06:00" level=info msg=NewConnection DisableClientMultiStatements=false connectionID=3
time="2026-03-06T22:04:54-06:00" level=info msg=NewConnection DisableClientMultiStatements=false connectionID=4
time="2026-03-06T22:04:54-06:00" level=info msg=ConnectionClosed connectionID=3
time="2026-03-06T22:04:54-06:00" level=info msg=ConnectionClosed connectionID=4
time="2026-03-06T22:34:57-06:00" level=info msg=NewConnection DisableClientMultiStatements=false connectionID=5
time="2026-03-06T22:34:57-06:00" level=info msg="Server closing listener. No longer accepting connections."
time="2026-03-06T22:34:57-06:00" level=info msg=ConnectionClosed connectionID=5
time="2026-03-06T22:34:57-06:00" level=info msg="stats stopped: context canceled"
Starting server with Config HP="127.0.0.1:13322"|T="28800000"|R="false"|L="info"
time="2026-03-06T23:04:27-06:00" level=info msg="Server ready. Accepting connections."
time="2026-03-06T23:04:27-06:00" level=warning msg="secure_file_priv is set to \"\", which is insecure."
time="2026-03-06T23:04:27-06:00" level=warning msg="Any user with GRANT FILE privileges will be able to read any file which the sql-server process can read."
time="2026-03-06T23:04:27-06:00" level=warning msg="Please consider restarting the server with secure_file_priv set to a safe (or non-existent) directory."
time="2026-03-06T23:04:28-06:00" level=info msg=NewConnection DisableClientMultiStatements=false connectionID=1
time="2026-03-06T23:04:28-06:00" level=info msg=ConnectionClosed connectionID=1
time="2026-03-06T23:04:28-06:00" level=info msg=NewConnection DisableClientMultiStatements=false connectionID=2
time="2026-03-06T23:04:28-06:00" level=info msg=ConnectionClosed connectionID=2
time="2026-03-06T23:04:28-06:00" level=info msg=NewConnection DisableClientMultiStatements=false connectionID=3
time="2026-03-06T23:04:28-06:00" level=info msg=NewConnection DisableClientMultiStatements=false connectionID=4
time="2026-03-06T23:04:28-06:00" level=info msg=ConnectionClosed connectionID=3
time="2026-03-06T23:04:28-06:00" level=info msg=ConnectionClosed connectionID=4
time="2026-03-06T23:35:00-06:00" level=info msg=NewConnection DisableClientMultiStatements=false connectionID=5
time="2026-03-06T23:35:00-06:00" level=info msg=ConnectionClosed connectionID=5
time="2026-03-06T23:35:00-06:00" level=info msg="Server closing listener. No longer accepting connections."
time="2026-03-06T23:35:00-06:00" level=info msg="stats stopped: context canceled"
Starting server with Config HP="127.0.0.1:13322"|T="28800000"|R="false"|L="info"
time="2026-03-06T23:59:52-06:00" level=info msg="Server ready. Accepting connections."
time="2026-03-06T23:59:52-06:00" level=warning msg="secure_file_priv is set to \"\", which is insecure."
time="2026-03-06T23:59:52-06:00" level=warning msg="Any user with GRANT FILE privileges will be able to read any file which the sql-server process can read."
time="2026-03-06T23:59:52-06:00" level=warning msg="Please consider restarting the server with secure_file_priv set to a safe (or non-existent) directory."
time="2026-03-06T23:59:52-06:00" level=info msg=NewConnection DisableClientMultiStatements=false connectionID=1
time="2026-03-06T23:59:52-06:00" level=info msg=ConnectionClosed connectionID=1
time="2026-03-06T23:59:52-06:00" level=info msg=NewConnection DisableClientMultiStatements=false connectionID=2
time="2026-03-06T23:59:52-06:00" level=info msg=ConnectionClosed connectionID=2
time="2026-03-06T23:59:52-06:00" level=info msg=NewConnection DisableClientMultiStatements=false connectionID=3
time="2026-03-06T23:59:52-06:00" level=info msg=NewConnection DisableClientMultiStatements=false connectionID=4
time="2026-03-06T23:59:52-06:00" level=info msg=ConnectionClosed connectionID=3
time="2026-03-06T23:59:52-06:00" level=info msg=ConnectionClosed connectionID=4
time="2026-03-07T00:05:23-06:00" level=info msg=NewConnection DisableClientMultiStatements=false connectionID=5
time="2026-03-07T00:05:23-06:00" level=info msg=ConnectionClosed connectionID=5
time="2026-03-07T00:05:23-06:00" level=info msg=NewConnection DisableClientMultiStatements=false connectionID=6
time="2026-03-07T00:05:23-06:00" level=info msg=NewConnection DisableClientMultiStatements=false connectionID=7
time="2026-03-07T00:05:23-06:00" level=info msg=ConnectionClosed connectionID=6
time="2026-03-07T00:05:24-06:00" level=info msg=ConnectionClosed connectionID=7
time="2026-03-07T00:30:03-06:00" level=info msg=NewConnection DisableClientMultiStatements=false connectionID=8
time="2026-03-07T00:30:03-06:00" level=info msg=ConnectionClosed connectionID=8
time="2026-03-07T00:30:03-06:00" level=info msg="Server closing listener. No longer accepting connections."
time="2026-03-07T00:30:03-06:00" level=info msg="stats stopped: context canceled"
Starting server with Config HP="127.0.0.1:13322"|T="28800000"|R="false"|L="info"
time="2026-03-07T01:05:09-06:00" level=info msg="Server ready. Accepting connections."
time="2026-03-07T01:05:09-06:00" level=warning msg="secure_file_priv is set to \"\", which is insecure."
time="2026-03-07T01:05:09-06:00" level=warning msg="Any user with GRANT FILE privileges will be able to read any file which the sql-server process can read."
time="2026-03-07T01:05:09-06:00" level=warning msg="Please consider restarting the server with secure_file_priv set to a safe (or non-existent) directory."
time="2026-03-07T01:05:09-06:00" level=info msg=NewConnection DisableClientMultiStatements=false connectionID=1
time="2026-03-07T01:05:09-06:00" level=info msg=ConnectionClosed connectionID=1
time="2026-03-07T01:05:09-06:00" level=info msg=NewConnection DisableClientMultiStatements=false connectionID=2
time="2026-03-07T01:05:09-06:00" level=info msg=ConnectionClosed connectionID=2
time="2026-03-07T01:05:09-06:00" level=info msg=NewConnection DisableClientMultiStatements=false connectionID=3
time="2026-03-07T01:05:09-06:00" level=info msg=NewConnection DisableClientMultiStatements=false connectionID=4
time="2026-03-07T01:05:09-06:00" level=info msg=ConnectionClosed connectionID=3
time="2026-03-07T01:05:09-06:00" level=info msg=ConnectionClosed connectionID=4
time="2026-03-07T01:35:12-06:00" level=info msg=NewConnection DisableClientMultiStatements=false connectionID=5
time="2026-03-07T01:35:12-06:00" level=info msg="Server closing listener. No longer accepting connections."
time="2026-03-07T01:35:12-06:00" level=info msg=ConnectionClosed connectionID=5
time="2026-03-07T01:35:12-06:00" level=info msg="stats stopped: context canceled"
Starting server with Config HP="127.0.0.1:13322"|T="28800000"|R="false"|L="info"
time="2026-03-07T02:05:08-06:00" level=info msg="Server ready. Accepting connections."
time="2026-03-07T02:05:08-06:00" level=warning msg="secure_file_priv is set to \"\", which is insecure."
time="2026-03-07T02:05:08-06:00" level=warning msg="Any user with GRANT FILE privileges will be able to read any file which the sql-server process can read."
time="2026-03-07T02:05:08-06:00" level=warning msg="Please consider restarting the server with secure_file_priv set to a safe (or non-existent) directory."
time="2026-03-07T02:05:08-06:00" level=info msg=NewConnection DisableClientMultiStatements=false connectionID=1
time="2026-03-07T02:05:08-06:00" level=info msg=ConnectionClosed connectionID=1
time="2026-03-07T02:05:08-06:00" level=info msg=NewConnection DisableClientMultiStatements=false connectionID=2
time="2026-03-07T02:05:08-06:00" level=info msg=ConnectionClosed connectionID=2
time="2026-03-07T02:05:08-06:00" level=info msg=NewConnection DisableClientMultiStatements=false connectionID=3
time="2026-03-07T02:05:08-06:00" level=info msg=NewConnection DisableClientMultiStatements=false connectionID=4
time="2026-03-07T02:05:08-06:00" level=info msg=ConnectionClosed connectionID=3
time="2026-03-07T02:05:09-06:00" level=info msg=ConnectionClosed connectionID=4
time="2026-03-07T02:35:14-06:00" level=info msg=NewConnection DisableClientMultiStatements=false connectionID=5
time="2026-03-07T02:35:14-06:00" level=info msg=ConnectionClosed connectionID=5
time="2026-03-07T02:35:14-06:00" level=info msg="Server closing listener. No longer accepting connections."
time="2026-03-07T02:35:14-06:00" level=info msg="stats stopped: context canceled"
Starting server with Config HP="127.0.0.1:13322"|T="28800000"|R="false"|L="info"
time="2026-03-07T03:05:16-06:00" level=info msg="Server ready. Accepting connections."
time="2026-03-07T03:05:16-06:00" level=warning msg="secure_file_priv is set to \"\", which is insecure."
time="2026-03-07T03:05:16-06:00" level=warning msg="Any user with GRANT FILE privileges will be able to read any file which the sql-server process can read."
time="2026-03-07T03:05:16-06:00" level=warning msg="Please consider restarting the server with secure_file_priv set to a safe (or non-existent) directory."
time="2026-03-07T03:05:16-06:00" level=info msg=NewConnection DisableClientMultiStatements=false connectionID=1
time="2026-03-07T03:05:16-06:00" level=info msg=ConnectionClosed connectionID=1
time="2026-03-07T03:05:16-06:00" level=info msg=NewConnection DisableClientMultiStatements=false connectionID=2
time="2026-03-07T03:05:16-06:00" level=info msg=ConnectionClosed connectionID=2
time="2026-03-07T03:05:16-06:00" level=info msg=NewConnection DisableClientMultiStatements=false connectionID=3
time="2026-03-07T03:05:16-06:00" level=info msg=NewConnection DisableClientMultiStatements=false connectionID=4
time="2026-03-07T03:05:16-06:00" level=info msg=ConnectionClosed connectionID=3
time="2026-03-07T03:05:16-06:00" level=info msg=ConnectionClosed connectionID=4
time="2026-03-07T03:35:19-06:00" level=info msg=NewConnection DisableClientMultiStatements=false connectionID=5
time="2026-03-07T03:35:19-06:00" level=info msg="Server closing listener. No longer accepting connections."
time="2026-03-07T03:35:19-06:00" level=info msg=ConnectionClosed connectionID=5
time="2026-03-07T03:35:19-06:00" level=info msg="stats stopped: context canceled"
Starting server with Config HP="127.0.0.1:13322"|T="28800000"|R="false"|L="info"
time="2026-03-07T04:05:24-06:00" level=info msg="Server ready. Accepting connections."
time="2026-03-07T04:05:24-06:00" level=warning msg="secure_file_priv is set to \"\", which is insecure."
time="2026-03-07T04:05:24-06:00" level=warning msg="Any user with GRANT FILE privileges will be able to read any file which the sql-server process can read."
time="2026-03-07T04:05:24-06:00" level=warning msg="Please consider restarting the server with secure_file_priv set to a safe (or non-existent) directory."
time="2026-03-07T04:05:24-06:00" level=info msg=NewConnection DisableClientMultiStatements=false connectionID=1
time="2026-03-07T04:05:24-06:00" level=info msg=ConnectionClosed connectionID=1
time="2026-03-07T04:05:24-06:00" level=info msg=NewConnection DisableClientMultiStatements=false connectionID=2
time="2026-03-07T04:05:24-06:00" level=info msg=ConnectionClosed connectionID=2
time="2026-03-07T04:05:24-06:00" level=info msg=NewConnection DisableClientMultiStatements=false connectionID=3
time="2026-03-07T04:05:24-06:00" level=info msg=NewConnection DisableClientMultiStatements=false connectionID=4
time="2026-03-07T04:05:24-06:00" level=info msg=ConnectionClosed connectionID=3
time="2026-03-07T04:05:24-06:00" level=info msg=ConnectionClosed connectionID=4
time="2026-03-07T04:06:30-06:00" level=info msg=NewConnection DisableClientMultiStatements=false connectionID=5
time="2026-03-07T04:06:30-06:00" level=info msg=ConnectionClosed connectionID=5
time="2026-03-07T04:06:30-06:00" level=info msg=NewConnection DisableClientMultiStatements=false connectionID=6
time="2026-03-07T04:06:30-06:00" level=info msg=NewConnection DisableClientMultiStatements=false connectionID=7
time="2026-03-07T04:06:30-06:00" level=info msg=ConnectionClosed connectionID=6
time="2026-03-07T04:06:30-06:00" level=info msg=ConnectionClosed connectionID=7
time="2026-03-07T04:35:26-06:00" level=info msg=NewConnection DisableClientMultiStatements=false connectionID=8
time="2026-03-07T04:35:26-06:00" level=info msg=ConnectionClosed connectionID=8
time="2026-03-07T04:35:26-06:00" level=info msg="Server closing listener. No longer accepting connections."
time="2026-03-07T04:35:26-06:00" level=info msg="stats stopped: context canceled"
Starting server with Config HP="127.0.0.1:13322"|T="28800000"|R="false"|L="info"
time="2026-03-07T05:05:20-06:00" level=info msg="Server ready. Accepting connections."
time="2026-03-07T05:05:20-06:00" level=warning msg="secure_file_priv is set to \"\", which is insecure."
time="2026-03-07T05:05:20-06:00" level=warning msg="Any user with GRANT FILE privileges will be able to read any file which the sql-server process can read."
time="2026-03-07T05:05:20-06:00" level=warning msg="Please consider restarting the server with secure_file_priv set to a safe (or non-existent) directory."
time="2026-03-07T05:05:20-06:00" level=info msg=NewConnection DisableClientMultiStatements=false connectionID=1
time="2026-03-07T05:05:20-06:00" level=info msg=ConnectionClosed connectionID=1
time="2026-03-07T05:05:20-06:00" level=info msg=NewConnection DisableClientMultiStatements=false connectionID=2
time="2026-03-07T05:05:20-06:00" level=info msg=ConnectionClosed connectionID=2
time="2026-03-07T05:05:20-06:00" level=info msg=NewConnection DisableClientMultiStatements=false connectionID=3
time="2026-03-07T05:05:20-06:00" level=info msg=NewConnection DisableClientMultiStatements=false connectionID=4
time="2026-03-07T05:05:20-06:00" level=info msg=ConnectionClosed connectionID=3
time="2026-03-07T05:05:20-06:00" level=info msg=ConnectionClosed connectionID=4
time="2026-03-07T05:35:29-06:00" level=info msg=NewConnection DisableClientMultiStatements=false connectionID=5
time="2026-03-07T05:35:29-06:00" level=info msg="Server closing listener. No longer accepting connections."
time="2026-03-07T05:35:29-06:00" level=info msg=ConnectionClosed connectionID=5
time="2026-03-07T05:35:29-06:00" level=info msg="stats stopped: context canceled"
Starting server with Config HP="127.0.0.1:13322"|T="28800000"|R="false"|L="info"
time="2026-03-07T06:05:09-06:00" level=info msg="Server ready. Accepting connections."
time="2026-03-07T06:05:09-06:00" level=warning msg="secure_file_priv is set to \"\", which is insecure."
time="2026-03-07T06:05:09-06:00" level=warning msg="Any user with GRANT FILE privileges will be able to read any file which the sql-server process can read."
time="2026-03-07T06:05:09-06:00" level=warning msg="Please consider restarting the server with secure_file_priv set to a safe (or non-existent) directory."
time="2026-03-07T06:05:09-06:00" level=info msg=NewConnection DisableClientMultiStatements=false connectionID=1
time="2026-03-07T06:05:09-06:00" level=info msg=ConnectionClosed connectionID=1
time="2026-03-07T06:05:09-06:00" level=info msg=NewConnection DisableClientMultiStatements=false connectionID=2
time="2026-03-07T06:05:09-06:00" level=info msg=ConnectionClosed connectionID=2
time="2026-03-07T06:05:09-06:00" level=info msg=NewConnection DisableClientMultiStatements=false connectionID=3
time="2026-03-07T06:05:09-06:00" level=info msg=NewConnection DisableClientMultiStatements=false connectionID=4
time="2026-03-07T06:05:09-06:00" level=info msg=ConnectionClosed connectionID=3
time="2026-03-07T06:05:09-06:00" level=info msg=ConnectionClosed connectionID=4
time="2026-03-07T06:35:32-06:00" level=info msg=NewConnection DisableClientMultiStatements=false connectionID=5
time="2026-03-07T06:35:32-06:00" level=info msg=ConnectionClosed connectionID=5
time="2026-03-07T06:35:32-06:00" level=info msg="Server closing listener. No longer accepting connections."
time="2026-03-07T06:35:32-06:00" level=info msg="stats stopped: context canceled"
Starting server with Config HP="127.0.0.1:13322"|T="28800000"|R="false"|L="info"
time="2026-03-07T07:05:14-06:00" level=info msg="Server ready. Accepting connections."
time="2026-03-07T07:05:14-06:00" level=warning msg="secure_file_priv is set to \"\", which is insecure."
time="2026-03-07T07:05:14-06:00" level=warning msg="Any user with GRANT FILE privileges will be able to read any file which the sql-server process can read."
time="2026-03-07T07:05:14-06:00" level=warning msg="Please consider restarting the server with secure_file_priv set to a safe (or non-existent) directory."
time="2026-03-07T07:05:14-06:00" level=info msg=NewConnection DisableClientMultiStatements=false connectionID=1
time="2026-03-07T07:05:14-06:00" level=info msg=ConnectionClosed connectionID=1
time="2026-03-07T07:05:14-06:00" level=info msg=NewConnection DisableClientMultiStatements=false connectionID=2
time="2026-03-07T07:05:14-06:00" level=info msg=ConnectionClosed connectionID=2
time="2026-03-07T07:05:14-06:00" level=info msg=NewConnection DisableClientMultiStatements=false connectionID=3
time="2026-03-07T07:05:14-06:00" level=info msg=NewConnection DisableClientMultiStatements=false connectionID=4
time="2026-03-07T07:05:14-06:00" level=info msg=ConnectionClosed connectionID=3
time="2026-03-07T07:05:14-06:00" level=info msg=ConnectionClosed connectionID=4
time="2026-03-07T07:35:35-06:00" level=info msg=NewConnection DisableClientMultiStatements=false connectionID=5
time="2026-03-07T07:35:35-06:00" level=info msg="Server closing listener. No longer accepting connections."
time="2026-03-07T07:35:35-06:00" level=info msg=ConnectionClosed connectionID=5
time="2026-03-07T07:35:35-06:00" level=info msg="stats stopped: context canceled"
Starting server with Config HP="127.0.0.1:13322"|T="28800000"|R="false"|L="info"
time="2026-03-07T08:05:29-06:00" level=info msg="Server ready. Accepting connections."
time="2026-03-07T08:05:29-06:00" level=warning msg="secure_file_priv is set to \"\", which is insecure."
time="2026-03-07T08:05:29-06:00" level=warning msg="Any user with GRANT FILE privileges will be able to read any file which the sql-server process can read."
time="2026-03-07T08:05:29-06:00" level=warning msg="Please consider restarting the server with secure_file_priv set to a safe (or non-existent) directory."
time="2026-03-07T08:05:29-06:00" level=info msg=NewConnection DisableClientMultiStatements=false connectionID=1
time="2026-03-07T08:05:29-06:00" level=info msg=ConnectionClosed connectionID=1
time="2026-03-07T08:05:29-06:00" level=info msg=NewConnection DisableClientMultiStatements=false connectionID=2
time="2026-03-07T08:05:29-06:00" level=info msg=ConnectionClosed connectionID=2
time="2026-03-07T08:05:29-06:00" level=info msg=NewConnection DisableClientMultiStatements=false connectionID=3
time="2026-03-07T08:05:29-06:00" level=info msg=NewConnection DisableClientMultiStatements=false connectionID=4
time="2026-03-07T08:05:29-06:00" level=info msg=ConnectionClosed connectionID=3
time="2026-03-07T08:05:29-06:00" level=info msg=ConnectionClosed connectionID=4
time="2026-03-07T08:35:37-06:00" level=info msg=NewConnection DisableClientMultiStatements=false connectionID=5
time="2026-03-07T08:35:37-06:00" level=info msg="Server closing listener. No longer accepting connections."
time="2026-03-07T08:35:37-06:00" level=info msg=ConnectionClosed connectionID=5
time="2026-03-07T08:35:37-06:00" level=info msg="stats stopped: context canceled"
Starting server with Config HP="127.0.0.1:13322"|T="28800000"|R="false"|L="info"
time="2026-03-07T09:00:43-06:00" level=info msg="Server ready. Accepting connections."
time="2026-03-07T09:00:43-06:00" level=warning msg="secure_file_priv is set to \"\", which is insecure."
time="2026-03-07T09:00:43-06:00" level=warning msg="Any user with GRANT FILE privileges will be able to read any file which the sql-server process can read."
time="2026-03-07T09:00:43-06:00" level=warning msg="Please consider restarting the server with secure_file_priv set to a safe (or non-existent) directory."
time="2026-03-07T09:00:44-06:00" level=info msg=NewConnection DisableClientMultiStatements=false connectionID=1
time="2026-03-07T09:00:44-06:00" level=info msg=ConnectionClosed connectionID=1
time="2026-03-07T09:00:44-06:00" level=info msg=NewConnection DisableClientMultiStatements=false connectionID=2
time="2026-03-07T09:00:44-06:00" level=info msg=ConnectionClosed connectionID=2
time="2026-03-07T09:00:44-06:00" level=info msg=NewConnection DisableClientMultiStatements=false connectionID=3
time="2026-03-07T09:00:44-06:00" level=info msg=NewConnection DisableClientMultiStatements=false connectionID=4
time="2026-03-07T09:00:44-06:00" level=info msg=ConnectionClosed connectionID=3
time="2026-03-07T09:00:44-06:00" level=info msg=ConnectionClosed connectionID=4
time="2026-03-07T09:02:52-06:00" level=info msg=NewConnection DisableClientMultiStatements=false connectionID=5
time="2026-03-07T09:02:52-06:00" level=info msg=ConnectionClosed connectionID=5
time="2026-03-07T09:02:52-06:00" level=info msg=NewConnection DisableClientMultiStatements=false connectionID=6
time="2026-03-07T09:02:52-06:00" level=info msg=NewConnection DisableClientMultiStatements=false connectionID=7
time="2026-03-07T09:02:52-06:00" level=info msg=ConnectionClosed connectionID=6
time="2026-03-07T09:02:52-06:00" level=info msg=ConnectionClosed connectionID=7
time="2026-03-07T09:04:42-06:00" level=info msg=NewConnection DisableClientMultiStatements=false connectionID=8
time="2026-03-07T09:04:42-06:00" level=info msg=ConnectionClosed connectionID=8
time="2026-03-07T09:04:42-06:00" level=info msg=NewConnection DisableClientMultiStatements=false connectionID=9
time="2026-03-07T09:04:42-06:00" level=info msg=NewConnection DisableClientMultiStatements=false connectionID=10
time="2026-03-07T09:04:42-06:00" level=info msg=ConnectionClosed connectionID=9
time="2026-03-07T09:04:42-06:00" level=info msg=ConnectionClosed connectionID=10
time="2026-03-07T09:26:16-06:00" level=info msg="Server closing listener. No longer accepting connections."
time="2026-03-07T09:26:16-06:00" level=info msg="stats stopped: context canceled"
Starting server with Config HP="127.0.0.1:13322"|T="28800000"|R="false"|L="info"
time="2026-03-07T10:27:59-06:00" level=info msg="Server ready. Accepting connections."
time="2026-03-07T10:27:59-06:00" level=warning msg="secure_file_priv is set to \"\", which is insecure."
time="2026-03-07T10:27:59-06:00" level=warning msg="Any user with GRANT FILE privileges will be able to read any file which the sql-server process can read."
time="2026-03-07T10:27:59-06:00" level=warning msg="Please consider restarting the server with secure_file_priv set to a safe (or non-existent) directory."
time="2026-03-07T10:27:59-06:00" level=info msg=NewConnection DisableClientMultiStatements=false connectionID=1
time="2026-03-07T10:27:59-06:00" level=info msg=ConnectionClosed connectionID=1
time="2026-03-07T10:27:59-06:00" level=info msg=NewConnection DisableClientMultiStatements=false connectionID=2
time="2026-03-07T10:27:59-06:00" level=info msg=ConnectionClosed connectionID=2
time="2026-03-07T10:27:59-06:00" level=info msg=NewConnection DisableClientMultiStatements=false connectionID=3
time="2026-03-07T10:27:59-06:00" level=info msg=NewConnection DisableClientMultiStatements=false connectionID=4
time="2026-03-07T10:27:59-06:00" level=info msg=ConnectionClosed connectionID=3
time="2026-03-07T10:27:59-06:00" level=info msg=ConnectionClosed connectionID=4
time="2026-03-07T10:58:01-06:00" level=info msg=NewConnection DisableClientMultiStatements=false connectionID=5
time="2026-03-07T10:58:01-06:00" level=info msg=ConnectionClosed connectionID=5
time="2026-03-07T10:58:01-06:00" level=info msg="Server closing listener. No longer accepting connections."
time="2026-03-07T10:58:01-06:00" level=info msg="stats stopped: context canceled"
Starting server with Config HP="127.0.0.1:13322"|T="28800000"|R="false"|L="info"
time="2026-03-07T11:21:53-06:00" level=info msg="Server ready. Accepting connections."
time="2026-03-07T11:21:53-06:00" level=warning msg="secure_file_priv is set to \"\", which is insecure."
time="2026-03-07T11:21:53-06:00" level=warning msg="Any user with GRANT FILE privileges will be able to read any file which the sql-server process can read."
time="2026-03-07T11:21:53-06:00" level=warning msg="Please consider restarting the server with secure_file_priv set to a safe (or non-existent) directory."
time="2026-03-07T11:21:53-06:00" level=info msg=NewConnection DisableClientMultiStatements=false connectionID=1
time="2026-03-07T11:21:53-06:00" level=info msg=ConnectionClosed connectionID=1
time="2026-03-07T11:21:53-06:00" level=info msg=NewConnection DisableClientMultiStatements=false connectionID=2
time="2026-03-07T11:21:53-06:00" level=info msg=ConnectionClosed connectionID=2
time="2026-03-07T11:21:53-06:00" level=info msg=NewConnection DisableClientMultiStatements=false connectionID=3
time="2026-03-07T11:21:53-06:00" level=info msg=NewConnection DisableClientMultiStatements=false connectionID=4
time="2026-03-07T11:21:53-06:00" level=info msg=ConnectionClosed connectionID=3
time="2026-03-07T11:21:53-06:00" level=info msg=ConnectionClosed connectionID=4
time="2026-03-07T11:52:03-06:00" level=info msg=NewConnection DisableClientMultiStatements=false connectionID=5
time="2026-03-07T11:52:03-06:00" level=info msg=ConnectionClosed connectionID=5
time="2026-03-07T11:52:03-06:00" level=info msg="Server closing listener. No longer accepting connections."
time="2026-03-07T11:52:03-06:00" level=info msg="stats stopped: context canceled"
Starting server with Config HP="127.0.0.1:13322"|T="28800000"|R="false"|L="info"
time="2026-03-07T12:55:00-06:00" level=info msg="Server ready. Accepting connections."
time="2026-03-07T12:55:00-06:00" level=warning msg="secure_file_priv is set to \"\", which is insecure."
time="2026-03-07T12:55:00-06:00" level=warning msg="Any user with GRANT FILE privileges will be able to read any file which the sql-server process can read."
time="2026-03-07T12:55:00-06:00" level=warning msg="Please consider restarting the server with secure_file_priv set to a safe (or non-existent) directory."
time="2026-03-07T12:55:01-06:00" level=info msg=NewConnection DisableClientMultiStatements=false connectionID=1
time="2026-03-07T12:55:01-06:00" level=info msg=ConnectionClosed connectionID=1
time="2026-03-07T12:55:01-06:00" level=info msg=NewConnection DisableClientMultiStatements=false connectionID=2
time="2026-03-07T12:55:01-06:00" level=info msg=ConnectionClosed connectionID=2
time="2026-03-07T12:55:01-06:00" level=info msg=NewConnection DisableClientMultiStatements=false connectionID=3
time="2026-03-07T12:55:01-06:00" level=info msg=NewConnection DisableClientMultiStatements=false connectionID=4
time="2026-03-07T12:55:01-06:00" level=info msg=ConnectionClosed connectionID=3
time="2026-03-07T12:55:01-06:00" level=info msg=ConnectionClosed connectionID=4
time="2026-03-07T13:25:03-06:00" level=info msg=NewConnection DisableClientMultiStatements=false connectionID=5
time="2026-03-07T13:25:03-06:00" level=info msg=ConnectionClosed connectionID=5
time="2026-03-07T13:25:03-06:00" level=info msg="Server closing listener. No longer accepting connections."
time="2026-03-07T13:25:03-06:00" level=info msg="stats stopped: context canceled"
Starting server with Config HP="127.0.0.1:13322"|T="28800000"|R="false"|L="info"
time="2026-03-07T13:55:00-06:00" level=info msg="Server ready. Accepting connections."
time="2026-03-07T13:55:00-06:00" level=warning msg="secure_file_priv is set to \"\", which is insecure."
time="2026-03-07T13:55:00-06:00" level=warning msg="Any user with GRANT FILE privileges will be able to read any file which the sql-server process can read."
time="2026-03-07T13:55:00-06:00" level=warning msg="Please consider restarting the server with secure_file_priv set to a safe (or non-existent) directory."
time="2026-03-07T13:55:01-06:00" level=info msg=NewConnection DisableClientMultiStatements=false connectionID=1
time="2026-03-07T13:55:01-06:00" level=info msg=ConnectionClosed connectionID=1
time="2026-03-07T13:55:01-06:00" level=info msg=NewConnection DisableClientMultiStatements=false connectionID=2
time="2026-03-07T13:55:01-06:00" level=info msg=ConnectionClosed connectionID=2
time="2026-03-07T13:55:01-06:00" level=info msg=NewConnection DisableClientMultiStatements=false connectionID=3
time="2026-03-07T13:55:01-06:00" level=info msg=NewConnection DisableClientMultiStatements=false connectionID=4
time="2026-03-07T13:55:01-06:00" level=info msg=ConnectionClosed connectionID=3
time="2026-03-07T13:55:01-06:00" level=info msg=ConnectionClosed connectionID=4
time="2026-03-07T14:25:05-06:00" level=info msg=NewConnection DisableClientMultiStatements=false connectionID=5
time="2026-03-07T14:25:05-06:00" level=info msg=ConnectionClosed connectionID=5
time="2026-03-07T14:25:05-06:00" level=info msg="Server closing listener. No longer accepting connections."
time="2026-03-07T14:25:05-06:00" level=info msg="stats stopped: context canceled"
Starting server with Config HP="127.0.0.1:13322"|T="28800000"|R="false"|L="info"
time="2026-03-07T14:56:24-06:00" level=info msg="Server ready. Accepting connections."
time="2026-03-07T14:56:24-06:00" level=warning msg="secure_file_priv is set to \"\", which is insecure."
time="2026-03-07T14:56:24-06:00" level=warning msg="Any user with GRANT FILE privileges will be able to read any file which the sql-server process can read."
time="2026-03-07T14:56:24-06:00" level=warning msg="Please consider restarting the server with secure_file_priv set to a safe (or non-existent) directory."
time="2026-03-07T14:56:25-06:00" level=info msg=NewConnection DisableClientMultiStatements=false connectionID=1
time="2026-03-07T14:56:25-06:00" level=info msg=ConnectionClosed connectionID=1
time="2026-03-07T14:56:25-06:00" level=info msg=NewConnection DisableClientMultiStatements=false connectionID=2
time="2026-03-07T14:56:25-06:00" level=info msg=ConnectionClosed connectionID=2
time="2026-03-07T14:56:25-06:00" level=info msg=NewConnection DisableClientMultiStatements=false connectionID=3
time="2026-03-07T14:56:25-06:00" level=info msg=NewConnection DisableClientMultiStatements=false connectionID=4
time="2026-03-07T14:56:25-06:00" level=info msg=ConnectionClosed connectionID=3
time="2026-03-07T14:56:25-06:00" level=info msg=ConnectionClosed connectionID=4
time="2026-03-07T15:26:27-06:00" level=info msg=NewConnection DisableClientMultiStatements=false connectionID=5
time="2026-03-07T15:26:27-06:00" level=info msg="Server closing listener. No longer accepting connections."
time="2026-03-07T15:26:27-06:00" level=info msg=ConnectionClosed connectionID=5
time="2026-03-07T15:26:27-06:00" level=info msg="stats stopped: context canceled"
Starting server with Config HP="127.0.0.1:13322"|T="28800000"|R="false"|L="info"
time="2026-03-07T21:09:05-06:00" level=info msg="Server ready. Accepting connections."
time="2026-03-07T21:09:05-06:00" level=warning msg="secure_file_priv is set to \"\", which is insecure."
time="2026-03-07T21:09:05-06:00" level=warning msg="Any user with GRANT FILE privileges will be able to read any file which the sql-server process can read."
time="2026-03-07T21:09:05-06:00" level=warning msg="Please consider restarting the server with secure_file_priv set to a safe (or non-existent) directory."
time="2026-03-07T21:09:05-06:00" level=info msg=NewConnection DisableClientMultiStatements=false connectionID=1
time="2026-03-07T21:09:05-06:00" level=info msg=ConnectionClosed connectionID=1
time="2026-03-07T21:09:05-06:00" level=info msg=NewConnection DisableClientMultiStatements=false connectionID=2
time="2026-03-07T21:09:05-06:00" level=info msg=ConnectionClosed connectionID=2
time="2026-03-07T21:09:05-06:00" level=info msg=NewConnection DisableClientMultiStatements=false connectionID=3
time="2026-03-07T21:09:05-06:00" level=info msg=NewConnection DisableClientMultiStatements=false connectionID=4
time="2026-03-07T21:09:05-06:00" level=info msg=ConnectionClosed connectionID=3
time="2026-03-07T21:09:05-06:00" level=info msg=ConnectionClosed connectionID=4
time="2026-03-07T21:39:07-06:00" level=info msg=NewConnection DisableClientMultiStatements=false connectionID=5
time="2026-03-07T21:39:07-06:00" level=info msg=ConnectionClosed connectionID=5
time="2026-03-07T21:39:07-06:00" level=info msg="Server closing listener. No longer accepting connections."
time="2026-03-07T21:39:07-06:00" level=info msg="stats stopped: context canceled"
Starting server with Config HP="127.0.0.1:13322"|T="28800000"|R="false"|L="info"
time="2026-03-07T22:07:29-06:00" level=info msg="Server ready. Accepting connections."
time="2026-03-07T22:07:29-06:00" level=warning msg="secure_file_priv is set to \"\", which is insecure."
time="2026-03-07T22:07:29-06:00" level=warning msg="Any user with GRANT FILE privileges will be able to read any file which the sql-server process can read."
time="2026-03-07T22:07:29-06:00" level=warning msg="Please consider restarting the server with secure_file_priv set to a safe (or non-existent) directory."
time="2026-03-07T22:07:30-06:00" level=info msg=NewConnection DisableClientMultiStatements=false connectionID=1
time="2026-03-07T22:07:30-06:00" level=info msg=ConnectionClosed connectionID=1
time="2026-03-07T22:07:30-06:00" level=info msg=NewConnection DisableClientMultiStatements=false connectionID=2
time="2026-03-07T22:07:30-06:00" level=info msg=ConnectionClosed connectionID=2
time="2026-03-07T22:07:30-06:00" level=info msg=NewConnection DisableClientMultiStatements=false connectionID=3
time="2026-03-07T22:07:30-06:00" level=info msg=NewConnection DisableClientMultiStatements=false connectionID=4
time="2026-03-07T22:07:30-06:00" level=info msg=ConnectionClosed connectionID=3
time="2026-03-07T22:07:30-06:00" level=info msg=ConnectionClosed connectionID=4
time="2026-03-07T22:38:10-06:00" level=info msg=NewConnection DisableClientMultiStatements=false connectionID=5
time="2026-03-07T22:38:10-06:00" level=info msg=ConnectionClosed connectionID=5
time="2026-03-07T22:38:10-06:00" level=info msg="Server closing listener. No longer accepting connections."
time="2026-03-07T22:38:10-06:00" level=info msg="stats stopped: context canceled"
Starting server with Config HP="127.0.0.1:13322"|T="28800000"|R="false"|L="info"
time="2026-03-07T23:07:37-06:00" level=info msg="Server ready. Accepting connections."
time="2026-03-07T23:07:37-06:00" level=warning msg="secure_file_priv is set to \"\", which is insecure."
time="2026-03-07T23:07:37-06:00" level=warning msg="Any user with GRANT FILE privileges will be able to read any file which the sql-server process can read."
time="2026-03-07T23:07:37-06:00" level=warning msg="Please consider restarting the server with secure_file_priv set to a safe (or non-existent) directory."
time="2026-03-07T23:07:38-06:00" level=info msg=NewConnection DisableClientMultiStatements=false connectionID=1
time="2026-03-07T23:07:38-06:00" level=info msg=ConnectionClosed connectionID=1
time="2026-03-07T23:07:38-06:00" level=info msg=NewConnection DisableClientMultiStatements=false connectionID=2
time="2026-03-07T23:07:38-06:00" level=info msg=ConnectionClosed connectionID=2
time="2026-03-07T23:07:38-06:00" level=info msg=NewConnection DisableClientMultiStatements=false connectionID=3
time="2026-03-07T23:07:38-06:00" level=info msg=NewConnection DisableClientMultiStatements=false connectionID=4
time="2026-03-07T23:07:38-06:00" level=info msg=ConnectionClosed connectionID=3
time="2026-03-07T23:07:38-06:00" level=info msg=ConnectionClosed connectionID=4
time="2026-03-07T23:38:12-06:00" level=info msg=NewConnection DisableClientMultiStatements=false connectionID=5
time="2026-03-07T23:38:12-06:00" level=info msg=ConnectionClosed connectionID=5
time="2026-03-07T23:38:12-06:00" level=info msg="Server closing listener. No longer accepting connections."
time="2026-03-07T23:38:12-06:00" level=info msg="stats stopped: context canceled"
Starting server with Config HP="127.0.0.1:13322"|T="28800000"|R="false"|L="info"
time="2026-03-08T00:08:14-06:00" level=info msg="Server ready. Accepting connections."
time="2026-03-08T00:08:14-06:00" level=warning msg="secure_file_priv is set to \"\", which is insecure."
time="2026-03-08T00:08:14-06:00" level=warning msg="Any user with GRANT FILE privileges will be able to read any file which the sql-server process can read."
time="2026-03-08T00:08:14-06:00" level=warning msg="Please consider restarting the server with secure_file_priv set to a safe (or non-existent) directory."
time="2026-03-08T00:08:14-06:00" level=info msg=NewConnection DisableClientMultiStatements=false connectionID=1
time="2026-03-08T00:08:14-06:00" level=info msg=ConnectionClosed connectionID=1
time="2026-03-08T00:08:14-06:00" level=info msg=NewConnection DisableClientMultiStatements=false connectionID=2
time="2026-03-08T00:08:14-06:00" level=info msg=ConnectionClosed connectionID=2
time="2026-03-08T00:08:14-06:00" level=info msg=NewConnection DisableClientMultiStatements=false connectionID=3
time="2026-03-08T00:08:14-06:00" level=info msg=NewConnection DisableClientMultiStatements=false connectionID=4
time="2026-03-08T00:08:14-06:00" level=info msg=ConnectionClosed connectionID=3
time="2026-03-08T00:08:14-06:00" level=info msg=ConnectionClosed connectionID=4
time="2026-03-08T00:38:16-06:00" level=info msg=NewConnection DisableClientMultiStatements=false connectionID=5
time="2026-03-08T00:38:16-06:00" level=info msg=ConnectionClosed connectionID=5
time="2026-03-08T00:38:16-06:00" level=info msg="Server closing listener. No longer accepting connections."
time="2026-03-08T00:38:16-06:00" level=info msg="stats stopped: context canceled"
Starting server with Config HP="127.0.0.1:13322"|T="28800000"|R="false"|L="info"
time="2026-03-08T01:08:28-06:00" level=info msg="Server ready. Accepting connections."
time="2026-03-08T01:08:28-06:00" level=warning msg="secure_file_priv is set to \"\", which is insecure."
time="2026-03-08T01:08:28-06:00" level=warning msg="Any user with GRANT FILE privileges will be able to read any file which the sql-server process can read."
time="2026-03-08T01:08:28-06:00" level=warning msg="Please consider restarting the server with secure_file_priv set to a safe (or non-existent) directory."
time="2026-03-08T01:08:29-06:00" level=info msg=NewConnection DisableClientMultiStatements=false connectionID=1
time="2026-03-08T01:08:29-06:00" level=info msg=ConnectionClosed connectionID=1
time="2026-03-08T01:08:29-06:00" level=info msg=NewConnection DisableClientMultiStatements=false connectionID=2
time="2026-03-08T01:08:29-06:00" level=info msg=ConnectionClosed connectionID=2
time="2026-03-08T01:08:29-06:00" level=info msg=NewConnection DisableClientMultiStatements=false connectionID=3
time="2026-03-08T01:08:29-06:00" level=info msg=NewConnection DisableClientMultiStatements=false connectionID=4
time="2026-03-08T01:08:29-06:00" level=info msg=ConnectionClosed connectionID=3
time="2026-03-08T01:08:29-06:00" level=info msg=ConnectionClosed connectionID=4
time="2026-03-08T01:38:31-06:00" level=info msg=NewConnection DisableClientMultiStatements=false connectionID=5
time="2026-03-08T01:38:31-06:00" level=info msg=ConnectionClosed connectionID=5
time="2026-03-08T01:38:31-06:00" level=info msg="Server closing listener. No longer accepting connections."
time="2026-03-08T01:38:31-06:00" level=info msg="stats stopped: context canceled"
Starting server with Config HP="127.0.0.1:13322"|T="28800000"|R="false"|L="info"
time="2026-03-08T03:07:54-05:00" level=info msg="Server ready. Accepting connections."
time="2026-03-08T03:07:54-05:00" level=warning msg="secure_file_priv is set to \"\", which is insecure."
time="2026-03-08T03:07:54-05:00" level=warning msg="Any user with GRANT FILE privileges will be able to read any file which the sql-server process can read."
time="2026-03-08T03:07:54-05:00" level=warning msg="Please consider restarting the server with secure_file_priv set to a safe (or non-existent) directory."
time="2026-03-08T03:07:54-05:00" level=info msg=NewConnection DisableClientMultiStatements=false connectionID=1
time="2026-03-08T03:07:54-05:00" level=info msg=ConnectionClosed connectionID=1
time="2026-03-08T03:07:54-05:00" level=info msg=NewConnection DisableClientMultiStatements=false connectionID=2
time="2026-03-08T03:07:54-05:00" level=info msg=ConnectionClosed connectionID=2
time="2026-03-08T03:07:54-05:00" level=info msg=NewConnection DisableClientMultiStatements=false connectionID=3
time="2026-03-08T03:07:54-05:00" level=info msg=NewConnection DisableClientMultiStatements=false connectionID=4
time="2026-03-08T03:07:54-05:00" level=info msg=ConnectionClosed connectionID=3
time="2026-03-08T03:07:54-05:00" level=info msg=ConnectionClosed connectionID=4
time="2026-03-08T03:38:33-05:00" level=info msg=NewConnection DisableClientMultiStatements=false connectionID=5
time="2026-03-08T03:38:33-05:00" level=info msg=ConnectionClosed connectionID=5
time="2026-03-08T03:38:33-05:00" level=info msg="Server closing listener. No longer accepting connections."
time="2026-03-08T03:38:33-05:00" level=info msg="stats stopped: context canceled"
Starting server with Config HP="127.0.0.1:13322"|T="28800000"|R="false"|L="info"
time="2026-03-08T04:07:57-05:00" level=info msg="Server ready. Accepting connections."
time="2026-03-08T04:07:57-05:00" level=warning msg="secure_file_priv is set to \"\", which is insecure."
time="2026-03-08T04:07:57-05:00" level=warning msg="Any user with GRANT FILE privileges will be able to read any file which the sql-server process can read."
time="2026-03-08T04:07:57-05:00" level=warning msg="Please consider restarting the server with secure_file_priv set to a safe (or non-existent) directory."
time="2026-03-08T04:07:58-05:00" level=info msg=NewConnection DisableClientMultiStatements=false connectionID=1
time="2026-03-08T04:07:58-05:00" level=info msg=ConnectionClosed connectionID=1
time="2026-03-08T04:07:58-05:00" level=info msg=NewConnection DisableClientMultiStatements=false connectionID=2
time="2026-03-08T04:07:58-05:00" level=info msg=ConnectionClosed connectionID=2
time="2026-03-08T04:07:58-05:00" level=info msg=NewConnection DisableClientMultiStatements=false connectionID=3
time="2026-03-08T04:07:58-05:00" level=info msg=NewConnection DisableClientMultiStatements=false connectionID=4
time="2026-03-08T04:07:58-05:00" level=info msg=ConnectionClosed connectionID=3
time="2026-03-08T04:07:58-05:00" level=info msg=ConnectionClosed connectionID=4
time="2026-03-08T04:09:10-05:00" level=info msg=NewConnection DisableClientMultiStatements=false connectionID=5
time="2026-03-08T04:09:10-05:00" level=info msg=ConnectionClosed connectionID=5
time="2026-03-08T04:09:10-05:00" level=info msg=NewConnection DisableClientMultiStatements=false connectionID=6
time="2026-03-08T04:09:10-05:00" level=info msg=NewConnection DisableClientMultiStatements=false connectionID=7
time="2026-03-08T04:09:10-05:00" level=info msg=ConnectionClosed connectionID=6
time="2026-03-08T04:09:10-05:00" level=info msg=ConnectionClosed connectionID=7
time="2026-03-08T04:38:36-05:00" level=info msg=NewConnection DisableClientMultiStatements=false connectionID=8
time="2026-03-08T04:38:36-05:00" level=info msg=ConnectionClosed connectionID=8
time="2026-03-08T04:38:36-05:00" level=info msg="Server closing listener. No longer accepting connections."
time="2026-03-08T04:38:36-05:00" level=info msg="stats stopped: context canceled"
Starting server with Config HP="127.0.0.1:13322"|T="28800000"|R="false"|L="info"
time="2026-03-08T05:07:55-05:00" level=info msg="Server ready. Accepting connections."
time="2026-03-08T05:07:55-05:00" level=warning msg="secure_file_priv is set to \"\", which is insecure."
time="2026-03-08T05:07:55-05:00" level=warning msg="Any user with GRANT FILE privileges will be able to read any file which the sql-server process can read."
time="2026-03-08T05:07:55-05:00" level=warning msg="Please consider restarting the server with secure_file_priv set to a safe (or non-existent) directory."
time="2026-03-08T05:07:55-05:00" level=info msg=NewConnection DisableClientMultiStatements=false connectionID=1
time="2026-03-08T05:07:55-05:00" level=info msg=ConnectionClosed connectionID=1
time="2026-03-08T05:07:55-05:00" level=info msg=NewConnection DisableClientMultiStatements=false connectionID=2
time="2026-03-08T05:07:55-05:00" level=info msg=ConnectionClosed connectionID=2
time="2026-03-08T05:07:55-05:00" level=info msg=NewConnection DisableClientMultiStatements=false connectionID=3
time="2026-03-08T05:07:55-05:00" level=info msg=NewConnection DisableClientMultiStatements=false connectionID=4
time="2026-03-08T05:07:55-05:00" level=info msg=ConnectionClosed connectionID=3
time="2026-03-08T05:07:55-05:00" level=info msg=ConnectionClosed connectionID=4
time="2026-03-08T05:09:33-05:00" level=info msg=NewConnection DisableClientMultiStatements=false connectionID=5
time="2026-03-08T05:09:33-05:00" level=info msg=ConnectionClosed connectionID=5
time="2026-03-08T05:09:33-05:00" level=info msg=NewConnection DisableClientMultiStatements=false connectionID=6
time="2026-03-08T05:09:33-05:00" level=info msg=NewConnection DisableClientMultiStatements=false connectionID=7
time="2026-03-08T05:09:33-05:00" level=info msg=ConnectionClosed connectionID=6
time="2026-03-08T05:09:33-05:00" level=info msg=ConnectionClosed connectionID=7
time="2026-03-08T05:09:51-05:00" level=info msg=NewConnection DisableClientMultiStatements=false connectionID=8
time="2026-03-08T05:09:51-05:00" level=info msg=ConnectionClosed connectionID=8
time="2026-03-08T05:09:51-05:00" level=info msg=NewConnection DisableClientMultiStatements=false connectionID=9
time="2026-03-08T05:09:51-05:00" level=info msg=NewConnection DisableClientMultiStatements=false connectionID=10
time="2026-03-08T05:09:51-05:00" level=info msg=ConnectionClosed connectionID=9
time="2026-03-08T05:09:51-05:00" level=info msg=ConnectionClosed connectionID=10
time="2026-03-08T05:38:38-05:00" level=info msg=NewConnection DisableClientMultiStatements=false connectionID=11
time="2026-03-08T05:38:38-05:00" level=info msg=ConnectionClosed connectionID=11
time="2026-03-08T05:38:38-05:00" level=info msg="Server closing listener. No longer accepting connections."
time="2026-03-08T05:38:38-05:00" level=info msg="stats stopped: context canceled"
Starting server with Config HP="127.0.0.1:13322"|T="28800000"|R="false"|L="info"
time="2026-03-08T06:10:25-05:00" level=info msg="Server ready. Accepting connections."
time="2026-03-08T06:10:25-05:00" level=warning msg="secure_file_priv is set to \"\", which is insecure."
time="2026-03-08T06:10:25-05:00" level=warning msg="Any user with GRANT FILE privileges will be able to read any file which the sql-server process can read."
time="2026-03-08T06:10:25-05:00" level=warning msg="Please consider restarting the server with secure_file_priv set to a safe (or non-existent) directory."
time="2026-03-08T06:10:25-05:00" level=info msg=NewConnection DisableClientMultiStatements=false connectionID=1
time="2026-03-08T06:10:25-05:00" level=info msg=ConnectionClosed connectionID=1
time="2026-03-08T06:10:25-05:00" level=info msg=NewConnection DisableClientMultiStatements=false connectionID=2
time="2026-03-08T06:10:25-05:00" level=info msg=ConnectionClosed connectionID=2
time="2026-03-08T06:10:25-05:00" level=info msg=NewConnection DisableClientMultiStatements=false connectionID=3
time="2026-03-08T06:10:25-05:00" level=info msg=NewConnection DisableClientMultiStatements=false connectionID=4
time="2026-03-08T06:10:25-05:00" level=info msg=ConnectionClosed connectionID=3
time="2026-03-08T06:10:25-05:00" level=info msg=ConnectionClosed connectionID=4
time="2026-03-08T06:40:27-05:00" level=info msg=NewConnection DisableClientMultiStatements=false connectionID=5
time="2026-03-08T06:40:27-05:00" level=info msg=ConnectionClosed connectionID=5
time="2026-03-08T06:40:27-05:00" level=info msg="Server closing listener. No longer accepting connections."
time="2026-03-08T06:40:27-05:00" level=info msg="stats stopped: context canceled"
Starting server with Config HP="127.0.0.1:13322"|T="28800000"|R="false"|L="info"
time="2026-03-08T07:09:42-05:00" level=info msg="Server ready. Accepting connections."
time="2026-03-08T07:09:42-05:00" level=warning msg="secure_file_priv is set to \"\", which is insecure."
time="2026-03-08T07:09:42-05:00" level=warning msg="Any user with GRANT FILE privileges will be able to read any file which the sql-server process can read."
time="2026-03-08T07:09:42-05:00" level=warning msg="Please consider restarting the server with secure_file_priv set to a safe (or non-existent) directory."
time="2026-03-08T07:09:42-05:00" level=info msg=NewConnection DisableClientMultiStatements=false connectionID=1
time="2026-03-08T07:09:42-05:00" level=info msg=ConnectionClosed connectionID=1
time="2026-03-08T07:09:42-05:00" level=info msg=NewConnection DisableClientMultiStatements=false connectionID=2
time="2026-03-08T07:09:42-05:00" level=info msg=ConnectionClosed connectionID=2
time="2026-03-08T07:09:42-05:00" level=info msg=NewConnection DisableClientMultiStatements=false connectionID=3
time="2026-03-08T07:09:42-05:00" level=info msg=NewConnection DisableClientMultiStatements=false connectionID=4
time="2026-03-08T07:09:42-05:00" level=info msg=ConnectionClosed connectionID=3
time="2026-03-08T07:09:42-05:00" level=info msg=ConnectionClosed connectionID=4
time="2026-03-08T07:10:10-05:00" level=info msg=NewConnection DisableClientMultiStatements=false connectionID=5
time="2026-03-08T07:10:10-05:00" level=info msg=ConnectionClosed connectionID=5
time="2026-03-08T07:10:10-05:00" level=info msg=NewConnection DisableClientMultiStatements=false connectionID=6
time="2026-03-08T07:10:10-05:00" level=info msg=NewConnection DisableClientMultiStatements=false connectionID=7
time="2026-03-08T07:10:10-05:00" level=info msg=ConnectionClosed connectionID=6
time="2026-03-08T07:10:10-05:00" level=info msg=ConnectionClosed connectionID=7
time="2026-03-08T07:40:30-05:00" level=info msg=NewConnection DisableClientMultiStatements=false connectionID=8
time="2026-03-08T07:40:30-05:00" level=info msg=ConnectionClosed connectionID=8
time="2026-03-08T07:40:30-05:00" level=info msg="Server closing listener. No longer accepting connections."
time="2026-03-08T07:40:30-05:00" level=info msg="stats stopped: context canceled"
Starting server with Config HP="127.0.0.1:13322"|T="28800000"|R="false"|L="info"
time="2026-03-08T08:10:19-05:00" level=info msg="Server ready. Accepting connections."
time="2026-03-08T08:10:19-05:00" level=warning msg="secure_file_priv is set to \"\", which is insecure."
time="2026-03-08T08:10:19-05:00" level=warning msg="Any user with GRANT FILE privileges will be able to read any file which the sql-server process can read."
time="2026-03-08T08:10:19-05:00" level=warning msg="Please consider restarting the server with secure_file_priv set to a safe (or non-existent) directory."
time="2026-03-08T08:10:20-05:00" level=info msg=NewConnection DisableClientMultiStatements=false connectionID=1
time="2026-03-08T08:10:20-05:00" level=info msg=ConnectionClosed connectionID=1
time="2026-03-08T08:10:20-05:00" level=info msg=NewConnection DisableClientMultiStatements=false connectionID=2
time="2026-03-08T08:10:20-05:00" level=info msg=ConnectionClosed connectionID=2
time="2026-03-08T08:10:20-05:00" level=info msg=NewConnection DisableClientMultiStatements=false connectionID=3
time="2026-03-08T08:10:20-05:00" level=info msg=NewConnection DisableClientMultiStatements=false connectionID=4
time="2026-03-08T08:10:20-05:00" level=info msg=ConnectionClosed connectionID=3
time="2026-03-08T08:10:20-05:00" level=info msg=ConnectionClosed connectionID=4
time="2026-03-08T08:40:33-05:00" level=info msg=NewConnection DisableClientMultiStatements=false connectionID=5
time="2026-03-08T08:40:33-05:00" level=info msg=ConnectionClosed connectionID=5
time="2026-03-08T08:40:33-05:00" level=info msg="Server closing listener. No longer accepting connections."
time="2026-03-08T08:40:33-05:00" level=info msg="stats stopped: context canceled"
Starting server with Config HP="127.0.0.1:13322"|T="28800000"|R="false"|L="info"
time="2026-03-08T09:01:05-05:00" level=info msg="Server ready. Accepting connections."
time="2026-03-08T09:01:05-05:00" level=warning msg="secure_file_priv is set to \"\", which is insecure."
time="2026-03-08T09:01:05-05:00" level=warning msg="Any user with GRANT FILE privileges will be able to read any file which the sql-server process can read."
time="2026-03-08T09:01:05-05:00" level=warning msg="Please consider restarting the server with secure_file_priv set to a safe (or non-existent) directory."
time="2026-03-08T09:01:05-05:00" level=info msg=NewConnection DisableClientMultiStatements=false connectionID=1
time="2026-03-08T09:01:05-05:00" level=info msg=ConnectionClosed connectionID=1
time="2026-03-08T09:01:05-05:00" level=info msg=NewConnection DisableClientMultiStatements=false connectionID=2
time="2026-03-08T09:01:05-05:00" level=info msg=ConnectionClosed connectionID=2
time="2026-03-08T09:01:05-05:00" level=info msg=NewConnection DisableClientMultiStatements=false connectionID=3
time="2026-03-08T09:01:05-05:00" level=info msg=NewConnection DisableClientMultiStatements=false connectionID=4
time="2026-03-08T09:01:05-05:00" level=info msg=ConnectionClosed connectionID=3
time="2026-03-08T09:01:05-05:00" level=info msg=ConnectionClosed connectionID=4
time="2026-03-08T09:02:13-05:00" level=info msg=NewConnection DisableClientMultiStatements=false connectionID=5
time="2026-03-08T09:02:13-05:00" level=info msg=ConnectionClosed connectionID=5
time="2026-03-08T09:02:13-05:00" level=info msg=NewConnection DisableClientMultiStatements=false connectionID=6
time="2026-03-08T09:02:13-05:00" level=info msg=NewConnection DisableClientMultiStatements=false connectionID=7
time="2026-03-08T09:02:13-05:00" level=info msg=ConnectionClosed connectionID=6
time="2026-03-08T09:02:13-05:00" level=info msg=ConnectionClosed connectionID=7
time="2026-03-08T09:03:32-05:00" level=info msg=NewConnection DisableClientMultiStatements=false connectionID=8
time="2026-03-08T09:03:32-05:00" level=info msg=ConnectionClosed connectionID=8
time="2026-03-08T09:03:32-05:00" level=info msg=NewConnection DisableClientMultiStatements=false connectionID=9
time="2026-03-08T09:03:32-05:00" level=info msg=NewConnection DisableClientMultiStatements=false connectionID=10
time="2026-03-08T09:03:32-05:00" level=info msg=ConnectionClosed connectionID=9
time="2026-03-08T09:03:33-05:00" level=info msg=ConnectionClosed connectionID=10
time="2026-03-08T09:05:34-05:00" level=info msg=NewConnection DisableClientMultiStatements=false connectionID=11
time="2026-03-08T09:05:34-05:00" level=info msg=ConnectionClosed connectionID=11
time="2026-03-08T09:05:34-05:00" level=info msg=NewConnection DisableClientMultiStatements=false connectionID=12
time="2026-03-08T09:05:34-05:00" level=info msg=NewConnection DisableClientMultiStatements=false connectionID=13
time="2026-03-08T09:05:34-05:00" level=info msg=ConnectionClosed connectionID=12
time="2026-03-08T09:05:34-05:00" level=info msg=ConnectionClosed connectionID=13
time="2026-03-08T09:31:36-05:00" level=info msg=NewConnection DisableClientMultiStatements=false connectionID=14
time="2026-03-08T09:31:36-05:00" level=info msg=ConnectionClosed connectionID=14
time="2026-03-08T09:31:36-05:00" level=info msg="Server closing listener. No longer accepting connections."
time="2026-03-08T09:31:36-05:00" level=info msg="stats stopped: context canceled"
Starting server with Config HP="127.0.0.1:13322"|T="28800000"|R="false"|L="info"
time="2026-03-08T10:05:03-05:00" level=info msg="Server ready. Accepting connections."
time="2026-03-08T10:05:03-05:00" level=warning msg="secure_file_priv is set to \"\", which is insecure."
time="2026-03-08T10:05:03-05:00" level=warning msg="Any user with GRANT FILE privileges will be able to read any file which the sql-server process can read."
time="2026-03-08T10:05:03-05:00" level=warning msg="Please consider restarting the server with secure_file_priv set to a safe (or non-existent) directory."
time="2026-03-08T10:05:03-05:00" level=info msg=NewConnection DisableClientMultiStatements=false connectionID=1
time="2026-03-08T10:05:03-05:00" level=info msg=ConnectionClosed connectionID=1
time="2026-03-08T10:05:03-05:00" level=info msg=NewConnection DisableClientMultiStatements=false connectionID=2
time="2026-03-08T10:05:03-05:00" level=info msg=ConnectionClosed connectionID=2
time="2026-03-08T10:05:03-05:00" level=info msg=NewConnection DisableClientMultiStatements=false connectionID=3
time="2026-03-08T10:05:03-05:00" level=info msg=NewConnection DisableClientMultiStatements=false connectionID=4
time="2026-03-08T10:05:03-05:00" level=info msg=ConnectionClosed connectionID=3
time="2026-03-08T10:05:03-05:00" level=info msg=ConnectionClosed connectionID=4
time="2026-03-08T10:35:05-05:00" level=info msg=NewConnection DisableClientMultiStatements=false connectionID=5
time="2026-03-08T10:35:05-05:00" level=info msg=ConnectionClosed connectionID=5
time="2026-03-08T10:35:05-05:00" level=info msg="Server closing listener. No longer accepting connections."
time="2026-03-08T10:35:05-05:00" level=info msg="stats stopped: context canceled"
Starting server with Config HP="127.0.0.1:13322"|T="28800000"|R="false"|L="info"
time="2026-03-08T11:05:03-05:00" level=info msg="Server ready. Accepting connections."
time="2026-03-08T11:05:03-05:00" level=warning msg="secure_file_priv is set to \"\", which is insecure."
time="2026-03-08T11:05:03-05:00" level=warning msg="Any user with GRANT FILE privileges will be able to read any file which the sql-server process can read."
time="2026-03-08T11:05:03-05:00" level=warning msg="Please consider restarting the server with secure_file_priv set to a safe (or non-existent) directory."
time="2026-03-08T11:05:03-05:00" level=info msg=NewConnection DisableClientMultiStatements=false connectionID=1
time="2026-03-08T11:05:03-05:00" level=info msg=ConnectionClosed connectionID=1
time="2026-03-08T11:05:03-05:00" level=info msg=NewConnection DisableClientMultiStatements=false connectionID=2
time="2026-03-08T11:05:03-05:00" level=info msg=ConnectionClosed connectionID=2
time="2026-03-08T11:05:03-05:00" level=info msg=NewConnection DisableClientMultiStatements=false connectionID=3
time="2026-03-08T11:05:03-05:00" level=info msg=NewConnection DisableClientMultiStatements=false connectionID=4
time="2026-03-08T11:05:03-05:00" level=info msg=ConnectionClosed connectionID=3
time="2026-03-08T11:05:03-05:00" level=info msg=ConnectionClosed connectionID=4
time="2026-03-08T11:35:06-05:00" level=info msg=NewConnection DisableClientMultiStatements=false connectionID=5
time="2026-03-08T11:35:06-05:00" level=info msg=ConnectionClosed connectionID=5
time="2026-03-08T11:35:06-05:00" level=info msg=NewConnection DisableClientMultiStatements=false connectionID=6
time="2026-03-08T11:35:06-05:00" level=info msg=NewConnection DisableClientMultiStatements=false connectionID=7
time="2026-03-08T11:35:06-05:00" level=info msg=ConnectionClosed connectionID=6
time="2026-03-08T11:35:06-05:00" level=info msg=ConnectionClosed connectionID=7
time="2026-03-08T11:35:08-05:00" level=info msg=NewConnection DisableClientMultiStatements=false connectionID=8
time="2026-03-08T11:35:08-05:00" level=info msg=ConnectionClosed connectionID=8
time="2026-03-08T11:35:08-05:00" level=info msg="Server closing listener. No longer accepting connections."
time="2026-03-08T11:35:08-05:00" level=info msg="stats stopped: context canceled"
Starting server with Config HP="127.0.0.1:13322"|T="28800000"|R="false"|L="info"
time="2026-03-08T12:26:23-05:00" level=info msg="Server ready. Accepting connections."
time="2026-03-08T12:26:23-05:00" level=warning msg="secure_file_priv is set to \"\", which is insecure."
time="2026-03-08T12:26:23-05:00" level=warning msg="Any user with GRANT FILE privileges will be able to read any file which the sql-server process can read."
time="2026-03-08T12:26:23-05:00" level=warning msg="Please consider restarting the server with secure_file_priv set to a safe (or non-existent) directory."
time="2026-03-08T12:26:24-05:00" level=info msg=NewConnection DisableClientMultiStatements=false connectionID=1
time="2026-03-08T12:26:24-05:00" level=info msg=ConnectionClosed connectionID=1
time="2026-03-08T12:26:24-05:00" level=info msg=NewConnection DisableClientMultiStatements=false connectionID=2
time="2026-03-08T12:26:24-05:00" level=info msg=ConnectionClosed connectionID=2
time="2026-03-08T12:26:24-05:00" level=info msg=NewConnection DisableClientMultiStatements=false connectionID=3
time="2026-03-08T12:26:24-05:00" level=info msg=NewConnection DisableClientMultiStatements=false connectionID=4
time="2026-03-08T12:26:24-05:00" level=info msg=ConnectionClosed connectionID=3
time="2026-03-08T12:26:24-05:00" level=info msg=ConnectionClosed connectionID=4
time="2026-03-08T12:56:26-05:00" level=info msg=NewConnection DisableClientMultiStatements=false connectionID=5
time="2026-03-08T12:56:26-05:00" level=info msg=ConnectionClosed connectionID=5
time="2026-03-08T12:56:26-05:00" level=info msg="Server closing listener. No longer accepting connections."
time="2026-03-08T12:56:26-05:00" level=info msg="stats stopped: context canceled"
Starting server with Config HP="127.0.0.1:13322"|T="28800000"|R="false"|L="info"
time="2026-03-08T12:58:57-05:00" level=info msg="Server ready. Accepting connections."
time="2026-03-08T12:58:57-05:00" level=warning msg="secure_file_priv is set to \"\", which is insecure."
time="2026-03-08T12:58:57-05:00" level=warning msg="Any user with GRANT FILE privileges will be able to read any file which the sql-server process can read."
time="2026-03-08T12:58:57-05:00" level=warning msg="Please consider restarting the server with secure_file_priv set to a safe (or non-existent) directory."
time="2026-03-08T12:58:58-05:00" level=info msg=NewConnection DisableClientMultiStatements=false connectionID=1
time="2026-03-08T12:58:58-05:00" level=info msg=ConnectionClosed connectionID=1
time="2026-03-08T12:58:58-05:00" level=info msg=NewConnection DisableClientMultiStatements=false connectionID=2
time="2026-03-08T12:58:58-05:00" level=info msg=ConnectionClosed connectionID=2
time="2026-03-08T12:58:58-05:00" level=info msg=NewConnection DisableClientMultiStatements=false connectionID=3
time="2026-03-08T12:58:58-05:00" level=info msg=NewConnection DisableClientMultiStatements=false connectionID=4
time="2026-03-08T12:58:58-05:00" level=info msg=ConnectionClosed connectionID=3
time="2026-03-08T12:58:58-05:00" level=info msg=ConnectionClosed connectionID=4
time="2026-03-08T13:22:14-05:00" level=info msg=NewConnection DisableClientMultiStatements=false connectionID=5
time="2026-03-08T13:22:14-05:00" level=info msg=NewConnection DisableClientMultiStatements=false connectionID=6
time="2026-03-08T13:22:14-05:00" level=info msg=ConnectionClosed connectionID=5
time="2026-03-08T13:22:14-05:00" level=info msg=NewConnection DisableClientMultiStatements=false connectionID=7
time="2026-03-08T13:22:14-05:00" level=info msg=ConnectionClosed connectionID=6
time="2026-03-08T13:22:14-05:00" level=info msg=ConnectionClosed connectionID=7
time="2026-03-08T13:29:29-05:00" level=info msg=NewConnection DisableClientMultiStatements=false connectionID=8
time="2026-03-08T13:29:29-05:00" level=info msg=ConnectionClosed connectionID=8
time="2026-03-08T13:29:29-05:00" level=info msg="Server closing listener. No longer accepting connections."
time="2026-03-08T13:29:29-05:00" level=info msg="stats stopped: context canceled"
Starting server with Config HP="127.0.0.1:13322"|T="28800000"|R="false"|L="info"
time="2026-03-08T14:21:17-05:00" level=info msg="Server ready. Accepting connections."
time="2026-03-08T14:21:17-05:00" level=warning msg="secure_file_priv is set to \"\", which is insecure."
time="2026-03-08T14:21:17-05:00" level=warning msg="Any user with GRANT FILE privileges will be able to read any file which the sql-server process can read."
time="2026-03-08T14:21:17-05:00" level=warning msg="Please consider restarting the server with secure_file_priv set to a safe (or non-existent) directory."
time="2026-03-08T14:21:17-05:00" level=info msg=NewConnection DisableClientMultiStatements=false connectionID=2
time="2026-03-08T14:21:17-05:00" level=info msg=ConnectionClosed connectionID=2
time="2026-03-08T14:21:17-05:00" level=info msg=NewConnection DisableClientMultiStatements=false connectionID=1
time="2026-03-08T14:21:17-05:00" level=info msg=ConnectionClosed connectionID=1
time="2026-03-08T14:21:17-05:00" level=info msg=NewConnection DisableClientMultiStatements=false connectionID=3
time="2026-03-08T14:21:17-05:00" level=info msg=NewConnection DisableClientMultiStatements=false connectionID=4
time="2026-03-08T14:21:17-05:00" level=info msg=ConnectionClosed connectionID=3
time="2026-03-08T14:21:17-05:00" level=info msg=ConnectionClosed connectionID=4
time="2026-03-08T14:51:19-05:00" level=info msg=NewConnection DisableClientMultiStatements=false connectionID=5
time="2026-03-08T14:51:19-05:00" level=info msg="Server closing listener. No longer accepting connections."
time="2026-03-08T14:51:19-05:00" level=info msg=ConnectionClosed connectionID=5
time="2026-03-08T14:51:19-05:00" level=info msg="stats stopped: context canceled"
Starting server with Config HP="127.0.0.1:13322"|T="28800000"|R="false"|L="info"
time="2026-03-08T14:51:43-05:00" level=info msg="Server ready. Accepting connections."
time="2026-03-08T14:51:43-05:00" level=warning msg="secure_file_priv is set to \"\", which is insecure."
time="2026-03-08T14:51:43-05:00" level=warning msg="Any user with GRANT FILE privileges will be able to read any file which the sql-server process can read."
time="2026-03-08T14:51:43-05:00" level=warning msg="Please consider restarting the server with secure_file_priv set to a safe (or non-existent) directory."
time="2026-03-08T14:51:43-05:00" level=info msg=NewConnection DisableClientMultiStatements=false connectionID=1
time="2026-03-08T14:51:43-05:00" level=info msg=ConnectionClosed connectionID=1
time="2026-03-08T14:51:43-05:00" level=info msg=NewConnection DisableClientMultiStatements=false connectionID=2
time="2026-03-08T14:51:43-05:00" level=info msg=ConnectionClosed connectionID=2
time="2026-03-08T14:51:43-05:00" level=info msg=NewConnection DisableClientMultiStatements=false connectionID=3
time="2026-03-08T14:51:43-05:00" level=info msg=NewConnection DisableClientMultiStatements=false connectionID=4
time="2026-03-08T14:51:43-05:00" level=info msg=ConnectionClosed connectionID=3
time="2026-03-08T14:51:43-05:00" level=info msg=ConnectionClosed connectionID=4
time="2026-03-08T15:21:17-05:00" level=info msg=NewConnection DisableClientMultiStatements=false connectionID=5
time="2026-03-08T15:21:17-05:00" level=info msg=NewConnection DisableClientMultiStatements=false connectionID=6
time="2026-03-08T15:21:17-05:00" level=info msg=ConnectionClosed connectionID=5
time="2026-03-08T15:21:17-05:00" level=info msg=NewConnection DisableClientMultiStatements=false connectionID=7
time="2026-03-08T15:21:17-05:00" level=info msg=ConnectionClosed connectionID=6
time="2026-03-08T15:21:17-05:00" level=info msg=ConnectionClosed connectionID=7
time="2026-03-08T15:22:22-05:00" level=info msg=NewConnection DisableClientMultiStatements=false connectionID=8
time="2026-03-08T15:22:22-05:00" level=info msg=ConnectionClosed connectionID=8
time="2026-03-08T15:22:22-05:00" level=info msg="Server closing listener. No longer accepting connections."
time="2026-03-08T15:22:22-05:00" level=info msg="stats stopped: context canceled"
Starting server with Config HP="127.0.0.1:13322"|T="28800000"|R="false"|L="info"
time="2026-03-08T15:22:27-05:00" level=info msg="Server ready. Accepting connections."
time="2026-03-08T15:22:27-05:00" level=warning msg="secure_file_priv is set to \"\", which is insecure."
time="2026-03-08T15:22:27-05:00" level=warning msg="Any user with GRANT FILE privileges will be able to read any file which the sql-server process can read."
time="2026-03-08T15:22:27-05:00" level=warning msg="Please consider restarting the server with secure_file_priv set to a safe (or non-existent) directory."
time="2026-03-08T15:22:27-05:00" level=info msg=NewConnection DisableClientMultiStatements=false connectionID=1
time="2026-03-08T15:22:27-05:00" level=info msg=ConnectionClosed connectionID=1
time="2026-03-08T15:22:27-05:00" level=info msg=NewConnection DisableClientMultiStatements=false connectionID=2
time="2026-03-08T15:22:27-05:00" level=info msg=ConnectionClosed connectionID=2
time="2026-03-08T15:22:27-05:00" level=info msg=NewConnection DisableClientMultiStatements=false connectionID=3
time="2026-03-08T15:22:27-05:00" level=info msg=NewConnection DisableClientMultiStatements=false connectionID=4
time="2026-03-08T15:22:27-05:00" level=info msg=ConnectionClosed connectionID=3
time="2026-03-08T15:22:27-05:00" level=info msg=ConnectionClosed connectionID=4
time="2026-03-08T15:52:50-05:00" level=info msg=NewConnection DisableClientMultiStatements=false connectionID=5
time="2026-03-08T15:52:50-05:00" level=info msg=NewConnection DisableClientMultiStatements=false connectionID=6
time="2026-03-08T15:52:50-05:00" level=info msg=ConnectionClosed connectionID=5
time="2026-03-08T15:52:50-05:00" level=info msg=NewConnection DisableClientMultiStatements=false connectionID=7
time="2026-03-08T15:52:50-05:00" level=info msg=ConnectionClosed connectionID=6
time="2026-03-08T15:52:50-05:00" level=info msg=ConnectionClosed connectionID=7
time="2026-03-08T15:53:24-05:00" level=info msg=NewConnection DisableClientMultiStatements=false connectionID=8
time="2026-03-08T15:53:24-05:00" level=info msg=ConnectionClosed connectionID=8
time="2026-03-08T15:53:24-05:00" level=info msg="Server closing listener. No longer accepting connections."
time="2026-03-08T15:53:24-05:00" level=info msg="stats stopped: context canceled"
Starting server with Config HP="127.0.0.1:13322"|T="28800000"|R="false"|L="info"
time="2026-03-08T16:20:48-05:00" level=info msg="Server ready. Accepting connections."
time="2026-03-08T16:20:48-05:00" level=warning msg="secure_file_priv is set to \"\", which is insecure."
time="2026-03-08T16:20:48-05:00" level=warning msg="Any user with GRANT FILE privileges will be able to read any file which the sql-server process can read."
time="2026-03-08T16:20:48-05:00" level=warning msg="Please consider restarting the server with secure_file_priv set to a safe (or non-existent) directory."
time="2026-03-08T16:20:49-05:00" level=info msg=NewConnection DisableClientMultiStatements=false connectionID=1
time="2026-03-08T16:20:49-05:00" level=info msg=ConnectionClosed connectionID=1
time="2026-03-08T16:20:49-05:00" level=info msg=NewConnection DisableClientMultiStatements=false connectionID=2
time="2026-03-08T16:20:49-05:00" level=info msg=ConnectionClosed connectionID=2
time="2026-03-08T16:20:49-05:00" level=info msg=NewConnection DisableClientMultiStatements=false connectionID=3
time="2026-03-08T16:20:49-05:00" level=info msg=NewConnection DisableClientMultiStatements=false connectionID=4
time="2026-03-08T16:20:49-05:00" level=info msg=ConnectionClosed connectionID=3
time="2026-03-08T16:20:49-05:00" level=info msg=ConnectionClosed connectionID=4
time="2026-03-08T16:51:27-05:00" level=info msg=NewConnection DisableClientMultiStatements=false connectionID=5
time="2026-03-08T16:51:27-05:00" level=info msg=ConnectionClosed connectionID=5
time="2026-03-08T16:51:27-05:00" level=info msg="Server closing listener. No longer accepting connections."
time="2026-03-08T16:51:27-05:00" level=info msg="stats stopped: context canceled"
Starting server with Config HP="127.0.0.1:13322"|T="28800000"|R="false"|L="info"
time="2026-03-08T17:21:47-05:00" level=info msg="Server ready. Accepting connections."
time="2026-03-08T17:21:47-05:00" level=warning msg="secure_file_priv is set to \"\", which is insecure."
time="2026-03-08T17:21:47-05:00" level=warning msg="Any user with GRANT FILE privileges will be able to read any file which the sql-server process can read."
time="2026-03-08T17:21:47-05:00" level=warning msg="Please consider restarting the server with secure_file_priv set to a safe (or non-existent) directory."
time="2026-03-08T17:21:48-05:00" level=info msg=NewConnection DisableClientMultiStatements=false connectionID=1
time="2026-03-08T17:21:48-05:00" level=info msg=ConnectionClosed connectionID=1
time="2026-03-08T17:21:48-05:00" level=info msg=NewConnection DisableClientMultiStatements=false connectionID=2
time="2026-03-08T17:21:48-05:00" level=info msg=ConnectionClosed connectionID=2
time="2026-03-08T17:21:48-05:00" level=info msg=NewConnection DisableClientMultiStatements=false connectionID=3
time="2026-03-08T17:21:48-05:00" level=info msg=NewConnection DisableClientMultiStatements=false connectionID=4
time="2026-03-08T17:21:48-05:00" level=info msg=ConnectionClosed connectionID=3
time="2026-03-08T17:21:48-05:00" level=info msg=ConnectionClosed connectionID=4
time="2026-03-08T17:51:50-05:00" level=info msg=NewConnection DisableClientMultiStatements=false connectionID=5
time="2026-03-08T17:51:50-05:00" level=info msg=ConnectionClosed connectionID=5
time="2026-03-08T17:51:50-05:00" level=info msg="Server closing listener. No longer accepting connections."
time="2026-03-08T17:51:50-05:00" level=info msg="stats stopped: context canceled"
Starting server with Config HP="127.0.0.1:13322"|T="28800000"|R="false"|L="info"
time="2026-03-08T18:21:53-05:00" level=info msg="Server ready. Accepting connections."
time="2026-03-08T18:21:53-05:00" level=warning msg="secure_file_priv is set to \"\", which is insecure."
time="2026-03-08T18:21:53-05:00" level=warning msg="Any user with GRANT FILE privileges will be able to read any file which the sql-server process can read."
time="2026-03-08T18:21:53-05:00" level=warning msg="Please consider restarting the server with secure_file_priv set to a safe (or non-existent) directory."
time="2026-03-08T18:21:54-05:00" level=info msg=NewConnection DisableClientMultiStatements=false connectionID=1
time="2026-03-08T18:21:54-05:00" level=info msg=ConnectionClosed connectionID=1
time="2026-03-08T18:21:54-05:00" level=info msg=NewConnection DisableClientMultiStatements=false connectionID=2
time="2026-03-08T18:21:54-05:00" level=info msg=ConnectionClosed connectionID=2
time="2026-03-08T18:21:54-05:00" level=info msg=NewConnection DisableClientMultiStatements=false connectionID=3
time="2026-03-08T18:21:54-05:00" level=info msg=NewConnection DisableClientMultiStatements=false connectionID=4
time="2026-03-08T18:21:54-05:00" level=info msg=ConnectionClosed connectionID=3
time="2026-03-08T18:21:54-05:00" level=info msg=ConnectionClosed connectionID=4
time="2026-03-08T18:51:56-05:00" level=info msg=NewConnection DisableClientMultiStatements=false connectionID=5
time="2026-03-08T18:51:56-05:00" level=info msg="Server closing listener. No longer accepting connections."
time="2026-03-08T18:51:56-05:00" level=info msg=ConnectionClosed connectionID=5
time="2026-03-08T18:51:56-05:00" level=info msg="stats stopped: context canceled"
Starting server with Config HP="127.0.0.1:13322"|T="28800000"|R="false"|L="info"
time="2026-03-08T19:21:26-05:00" level=info msg="Server ready. Accepting connections."
time="2026-03-08T19:21:26-05:00" level=warning msg="secure_file_priv is set to \"\", which is insecure."
time="2026-03-08T19:21:26-05:00" level=warning msg="Any user with GRANT FILE privileges will be able to read any file which the sql-server process can read."
time="2026-03-08T19:21:26-05:00" level=warning msg="Please consider restarting the server with secure_file_priv set to a safe (or non-existent) directory."
time="2026-03-08T19:21:26-05:00" level=info msg=NewConnection DisableClientMultiStatements=false connectionID=1
time="2026-03-08T19:21:26-05:00" level=info msg=ConnectionClosed connectionID=1
time="2026-03-08T19:21:26-05:00" level=info msg=NewConnection DisableClientMultiStatements=false connectionID=2
time="2026-03-08T19:21:26-05:00" level=info msg=ConnectionClosed connectionID=2
time="2026-03-08T19:21:26-05:00" level=info msg=NewConnection DisableClientMultiStatements=false connectionID=3
time="2026-03-08T19:21:26-05:00" level=info msg=NewConnection DisableClientMultiStatements=false connectionID=4
time="2026-03-08T19:21:26-05:00" level=info msg=ConnectionClosed connectionID=3
time="2026-03-08T19:21:26-05:00" level=info msg=ConnectionClosed connectionID=4
time="2026-03-08T19:51:58-05:00" level=info msg=NewConnection DisableClientMultiStatements=false connectionID=5
time="2026-03-08T19:51:58-05:00" level=info msg=ConnectionClosed connectionID=5
time="2026-03-08T19:51:58-05:00" level=info msg="Server closing listener. No longer accepting connections."
time="2026-03-08T19:51:58-05:00" level=info msg="stats stopped: context canceled"
Starting server with Config HP="127.0.0.1:13322"|T="28800000"|R="false"|L="info"
time="2026-03-08T20:21:54-05:00" level=info msg="Server ready. Accepting connections."
time="2026-03-08T20:21:54-05:00" level=warning msg="secure_file_priv is set to \"\", which is insecure."
time="2026-03-08T20:21:54-05:00" level=warning msg="Any user with GRANT FILE privileges will be able to read any file which the sql-server process can read."
time="2026-03-08T20:21:54-05:00" level=warning msg="Please consider restarting the server with secure_file_priv set to a safe (or non-existent) directory."
time="2026-03-08T20:21:54-05:00" level=info msg=NewConnection DisableClientMultiStatements=false connectionID=1
time="2026-03-08T20:21:54-05:00" level=info msg=ConnectionClosed connectionID=1
time="2026-03-08T20:21:54-05:00" level=info msg=NewConnection DisableClientMultiStatements=false connectionID=2
time="2026-03-08T20:21:54-05:00" level=info msg=ConnectionClosed connectionID=2
time="2026-03-08T20:21:54-05:00" level=info msg=NewConnection DisableClientMultiStatements=false connectionID=3
time="2026-03-08T20:21:54-05:00" level=info msg=NewConnection DisableClientMultiStatements=false connectionID=4
time="2026-03-08T20:21:54-05:00" level=info msg=ConnectionClosed connectionID=3
time="2026-03-08T20:21:54-05:00" level=info msg=ConnectionClosed connectionID=4
time="2026-03-08T20:52:01-05:00" level=info msg=NewConnection DisableClientMultiStatements=false connectionID=5
time="2026-03-08T20:52:01-05:00" level=info msg=ConnectionClosed connectionID=5
time="2026-03-08T20:52:01-05:00" level=info msg="Server closing listener. No longer accepting connections."
time="2026-03-08T20:52:01-05:00" level=info msg="stats stopped: context canceled"
Starting server with Config HP="127.0.0.1:13322"|T="28800000"|R="false"|L="info"
time="2026-03-08T21:51:42-05:00" level=info msg="Server ready. Accepting connections."
time="2026-03-08T21:51:42-05:00" level=warning msg="secure_file_priv is set to \"\", which is insecure."
time="2026-03-08T21:51:42-05:00" level=warning msg="Any user with GRANT FILE privileges will be able to read any file which the sql-server process can read."
time="2026-03-08T21:51:42-05:00" level=warning msg="Please consider restarting the server with secure_file_priv set to a safe (or non-existent) directory."
time="2026-03-08T21:51:43-05:00" level=info msg=NewConnection DisableClientMultiStatements=false connectionID=1
time="2026-03-08T21:51:43-05:00" level=info msg=ConnectionClosed connectionID=1
time="2026-03-08T21:51:43-05:00" level=info msg=NewConnection DisableClientMultiStatements=false connectionID=2
time="2026-03-08T21:51:43-05:00" level=info msg=ConnectionClosed connectionID=2
time="2026-03-08T21:51:43-05:00" level=info msg=NewConnection DisableClientMultiStatements=false connectionID=3
time="2026-03-08T21:51:43-05:00" level=info msg=NewConnection DisableClientMultiStatements=false connectionID=4
time="2026-03-08T21:51:43-05:00" level=info msg=ConnectionClosed connectionID=3
time="2026-03-08T21:51:43-05:00" level=info msg=ConnectionClosed connectionID=4
time="2026-03-08T22:21:45-05:00" level=info msg=NewConnection DisableClientMultiStatements=false connectionID=5
time="2026-03-08T22:21:45-05:00" level=info msg=ConnectionClosed connectionID=5
time="2026-03-08T22:21:45-05:00" level=info msg="Server closing listener. No longer accepting connections."
time="2026-03-08T22:21:45-05:00" level=info msg="stats stopped: context canceled"
Starting server with Config HP="127.0.0.1:13322"|T="28800000"|R="false"|L="info"
time="2026-03-08T23:20:07-05:00" level=info msg="Server ready. Accepting connections."
time="2026-03-08T23:20:07-05:00" level=warning msg="secure_file_priv is set to \"\", which is insecure."
time="2026-03-08T23:20:07-05:00" level=warning msg="Any user with GRANT FILE privileges will be able to read any file which the sql-server process can read."
time="2026-03-08T23:20:07-05:00" level=warning msg="Please consider restarting the server with secure_file_priv set to a safe (or non-existent) directory."
time="2026-03-08T23:20:07-05:00" level=info msg=NewConnection DisableClientMultiStatements=false connectionID=1
time="2026-03-08T23:20:07-05:00" level=info msg=ConnectionClosed connectionID=1
time="2026-03-08T23:20:07-05:00" level=info msg=NewConnection DisableClientMultiStatements=false connectionID=2
time="2026-03-08T23:20:07-05:00" level=info msg=ConnectionClosed connectionID=2
time="2026-03-08T23:20:07-05:00" level=info msg=NewConnection DisableClientMultiStatements=false connectionID=3
time="2026-03-08T23:20:07-05:00" level=info msg=NewConnection DisableClientMultiStatements=false connectionID=4
time="2026-03-08T23:20:07-05:00" level=info msg=ConnectionClosed connectionID=3
time="2026-03-08T23:20:07-05:00" level=info msg=ConnectionClosed connectionID=4
time="2026-03-08T23:50:10-05:00" level=info msg=NewConnection DisableClientMultiStatements=false connectionID=5
time="2026-03-08T23:50:10-05:00" level=info msg=ConnectionClosed connectionID=5
time="2026-03-08T23:50:10-05:00" level=info msg="Server closing listener. No longer accepting connections."
time="2026-03-08T23:50:10-05:00" level=info msg="stats stopped: context canceled"
Starting server with Config HP="127.0.0.1:13322"|T="28800000"|R="false"|L="info"
time="2026-03-09T00:04:08-05:00" level=info msg="Server ready. Accepting connections."
time="2026-03-09T00:04:08-05:00" level=warning msg="secure_file_priv is set to \"\", which is insecure."
time="2026-03-09T00:04:08-05:00" level=warning msg="Any user with GRANT FILE privileges will be able to read any file which the sql-server process can read."
time="2026-03-09T00:04:08-05:00" level=warning msg="Please consider restarting the server with secure_file_priv set to a safe (or non-existent) directory."
time="2026-03-09T00:04:08-05:00" level=info msg=NewConnection DisableClientMultiStatements=false connectionID=1
time="2026-03-09T00:04:08-05:00" level=info msg=ConnectionClosed connectionID=1
time="2026-03-09T00:04:08-05:00" level=info msg=NewConnection DisableClientMultiStatements=false connectionID=2
time="2026-03-09T00:04:08-05:00" level=info msg=ConnectionClosed connectionID=2
time="2026-03-09T00:04:08-05:00" level=info msg=NewConnection DisableClientMultiStatements=false connectionID=3
time="2026-03-09T00:04:08-05:00" level=info msg=NewConnection DisableClientMultiStatements=false connectionID=4
time="2026-03-09T00:04:08-05:00" level=info msg=ConnectionClosed connectionID=3
time="2026-03-09T00:04:08-05:00" level=info msg=ConnectionClosed connectionID=4
time="2026-03-09T00:34:13-05:00" level=info msg=NewConnection DisableClientMultiStatements=false connectionID=5
time="2026-03-09T00:34:13-05:00" level=info msg=ConnectionClosed connectionID=5
time="2026-03-09T00:34:13-05:00" level=info msg="Server closing listener. No longer accepting connections."
time="2026-03-09T00:34:13-05:00" level=info msg="stats stopped: context canceled"
Starting server with Config HP="127.0.0.1:13322"|T="28800000"|R="false"|L="info"
time="2026-03-09T00:39:06-05:00" level=info msg="Server ready. Accepting connections."
time="2026-03-09T00:39:06-05:00" level=warning msg="secure_file_priv is set to \"\", which is insecure."
time="2026-03-09T00:39:06-05:00" level=warning msg="Any user with GRANT FILE privileges will be able to read any file which the sql-server process can read."
time="2026-03-09T00:39:06-05:00" level=warning msg="Please consider restarting the server with secure_file_priv set to a safe (or non-existent) directory."
time="2026-03-09T00:39:06-05:00" level=info msg=NewConnection DisableClientMultiStatements=false connectionID=1
time="2026-03-09T00:39:06-05:00" level=info msg=ConnectionClosed connectionID=1
time="2026-03-09T00:39:06-05:00" level=info msg=NewConnection DisableClientMultiStatements=false connectionID=2
time="2026-03-09T00:39:06-05:00" level=info msg=ConnectionClosed connectionID=2
time="2026-03-09T00:39:06-05:00" level=info msg=NewConnection DisableClientMultiStatements=false connectionID=3
time="2026-03-09T00:39:06-05:00" level=info msg=NewConnection DisableClientMultiStatements=false connectionID=4
time="2026-03-09T00:39:06-05:00" level=info msg=ConnectionClosed connectionID=3
time="2026-03-09T00:39:06-05:00" level=info msg=ConnectionClosed connectionID=4
time="2026-03-09T01:09:16-05:00" level=info msg=NewConnection DisableClientMultiStatements=false connectionID=5
time="2026-03-09T01:09:16-05:00" level=info msg=ConnectionClosed connectionID=5
time="2026-03-09T01:09:16-05:00" level=info msg="Server closing listener. No longer accepting connections."
time="2026-03-09T01:09:16-05:00" level=info msg="stats stopped: context canceled"
Starting server with Config HP="127.0.0.1:13322"|T="28800000"|R="false"|L="info"
time="2026-03-09T01:38:58-05:00" level=info msg="Server ready. Accepting connections."
time="2026-03-09T01:38:58-05:00" level=warning msg="secure_file_priv is set to \"\", which is insecure."
time="2026-03-09T01:38:58-05:00" level=warning msg="Any user with GRANT FILE privileges will be able to read any file which the sql-server process can read."
time="2026-03-09T01:38:58-05:00" level=warning msg="Please consider restarting the server with secure_file_priv set to a safe (or non-existent) directory."
time="2026-03-09T01:38:58-05:00" level=info msg=NewConnection DisableClientMultiStatements=false connectionID=1
time="2026-03-09T01:38:58-05:00" level=info msg=ConnectionClosed connectionID=1
time="2026-03-09T01:38:58-05:00" level=info msg=NewConnection DisableClientMultiStatements=false connectionID=2
time="2026-03-09T01:38:58-05:00" level=info msg=ConnectionClosed connectionID=2
time="2026-03-09T01:38:58-05:00" level=info msg=NewConnection DisableClientMultiStatements=false connectionID=3
time="2026-03-09T01:38:58-05:00" level=info msg=NewConnection DisableClientMultiStatements=false connectionID=4
time="2026-03-09T01:38:58-05:00" level=info msg=ConnectionClosed connectionID=3
time="2026-03-09T01:38:58-05:00" level=info msg=ConnectionClosed connectionID=4
time="2026-03-09T01:49:08-05:00" level=info msg=NewConnection DisableClientMultiStatements=false connectionID=5
time="2026-03-09T01:49:08-05:00" level=info msg=ConnectionClosed connectionID=5
time="2026-03-09T01:49:08-05:00" level=info msg=NewConnection DisableClientMultiStatements=false connectionID=6
time="2026-03-09T01:49:08-05:00" level=info msg=NewConnection DisableClientMultiStatements=false connectionID=7
time="2026-03-09T01:49:08-05:00" level=info msg=ConnectionClosed connectionID=6
time="2026-03-09T01:49:09-05:00" level=info msg=ConnectionClosed connectionID=7
time="2026-03-09T02:09:19-05:00" level=info msg=NewConnection DisableClientMultiStatements=false connectionID=8
time="2026-03-09T02:09:19-05:00" level=info msg=ConnectionClosed connectionID=8
time="2026-03-09T02:09:19-05:00" level=info msg="Server closing listener. No longer accepting connections."
time="2026-03-09T02:09:19-05:00" level=info msg="stats stopped: context canceled"
Starting server with Config HP="127.0.0.1:13322"|T="28800000"|R="false"|L="info"
time="2026-03-09T02:38:56-05:00" level=info msg="Server ready. Accepting connections."
time="2026-03-09T02:38:56-05:00" level=warning msg="secure_file_priv is set to \"\", which is insecure."
time="2026-03-09T02:38:56-05:00" level=warning msg="Any user with GRANT FILE privileges will be able to read any file which the sql-server process can read."
time="2026-03-09T02:38:56-05:00" level=warning msg="Please consider restarting the server with secure_file_priv set to a safe (or non-existent) directory."
time="2026-03-09T02:38:56-05:00" level=info msg=NewConnection DisableClientMultiStatements=false connectionID=1
time="2026-03-09T02:38:56-05:00" level=info msg=ConnectionClosed connectionID=1
time="2026-03-09T02:38:56-05:00" level=info msg=NewConnection DisableClientMultiStatements=false connectionID=2
time="2026-03-09T02:38:56-05:00" level=info msg=ConnectionClosed connectionID=2
time="2026-03-09T02:38:56-05:00" level=info msg=NewConnection DisableClientMultiStatements=false connectionID=3
time="2026-03-09T02:38:56-05:00" level=info msg=NewConnection DisableClientMultiStatements=false connectionID=4
time="2026-03-09T02:38:56-05:00" level=info msg=ConnectionClosed connectionID=3
time="2026-03-09T02:38:56-05:00" level=info msg=ConnectionClosed connectionID=4
time="2026-03-09T03:09:23-05:00" level=info msg=NewConnection DisableClientMultiStatements=false connectionID=5
time="2026-03-09T03:09:23-05:00" level=info msg=ConnectionClosed connectionID=5
time="2026-03-09T03:09:23-05:00" level=info msg="Server closing listener. No longer accepting connections."
time="2026-03-09T03:09:23-05:00" level=info msg="stats stopped: context canceled"
Starting server with Config HP="127.0.0.1:13322"|T="28800000"|R="false"|L="info"
time="2026-03-09T03:09:40-05:00" level=info msg="Server ready. Accepting connections."
time="2026-03-09T03:09:40-05:00" level=warning msg="secure_file_priv is set to \"\", which is insecure."
time="2026-03-09T03:09:40-05:00" level=warning msg="Any user with GRANT FILE privileges will be able to read any file which the sql-server process can read."
time="2026-03-09T03:09:40-05:00" level=warning msg="Please consider restarting the server with secure_file_priv set to a safe (or non-existent) directory."
time="2026-03-09T03:09:41-05:00" level=info msg=NewConnection DisableClientMultiStatements=false connectionID=1
time="2026-03-09T03:09:41-05:00" level=info msg=ConnectionClosed connectionID=1
time="2026-03-09T03:09:41-05:00" level=info msg=NewConnection DisableClientMultiStatements=false connectionID=2
time="2026-03-09T03:09:41-05:00" level=info msg=ConnectionClosed connectionID=2
time="2026-03-09T03:09:41-05:00" level=info msg=NewConnection DisableClientMultiStatements=false connectionID=3
time="2026-03-09T03:09:41-05:00" level=info msg=NewConnection DisableClientMultiStatements=false connectionID=4
time="2026-03-09T03:09:41-05:00" level=info msg=ConnectionClosed connectionID=3
time="2026-03-09T03:09:41-05:00" level=warning msg="error running query" connectTime="2026-03-09 03:09:41.367192 -0500 CDT m=+0.496627001" connectionDb=beads_GrowWise connectionID=4 error="nothing to commit" queryTime="2026-03-09 03:09:41.389217 -0500 CDT m=+0.518652585"
time="2026-03-09T03:09:41-05:00" level=info msg=NewConnection DisableClientMultiStatements=false connectionID=5
time="2026-03-09T03:09:41-05:00" level=info msg=ConnectionClosed connectionID=5
time="2026-03-09T03:09:41-05:00" level=info msg=NewConnection DisableClientMultiStatements=false connectionID=6
time="2026-03-09T03:09:41-05:00" level=info msg=NewConnection DisableClientMultiStatements=false connectionID=7
time="2026-03-09T03:09:41-05:00" level=info msg=ConnectionClosed connectionID=6
time="2026-03-09T03:09:41-05:00" level=info msg=NewConnection DisableClientMultiStatements=false connectionID=8
time="2026-03-09T03:09:41-05:00" level=warning msg="error running query" connectTime="2026-03-09 03:09:41.420636 -0500 CDT m=+0.550071793" connectionDb=beads_GrowWise connectionID=7 error="nothing to commit" queryTime="2026-03-09 03:09:41.429917 -0500 CDT m=+0.559352668"
time="2026-03-09T03:09:41-05:00" level=info msg=NewConnection DisableClientMultiStatements=false connectionID=9
time="2026-03-09T03:09:41-05:00" level=info msg=ConnectionClosed connectionID=9
time="2026-03-09T03:09:41-05:00" level=info msg=ConnectionClosed connectionID=8
time="2026-03-09T03:09:41-05:00" level=info msg=ConnectionClosed connectionID=4
time="2026-03-09T03:09:41-05:00" level=info msg=ConnectionClosed connectionID=7
time="2026-03-09T03:12:02-05:00" level=info msg=NewConnection DisableClientMultiStatements=false connectionID=10
time="2026-03-09T03:12:02-05:00" level=info msg=ConnectionClosed connectionID=10
time="2026-03-09T03:12:02-05:00" level=info msg=NewConnection DisableClientMultiStatements=false connectionID=11
time="2026-03-09T03:12:02-05:00" level=info msg=NewConnection DisableClientMultiStatements=false connectionID=12
time="2026-03-09T03:12:02-05:00" level=info msg=ConnectionClosed connectionID=11
time="2026-03-09T03:12:02-05:00" level=info msg=ConnectionClosed connectionID=12
time="2026-03-09T03:38:52-05:00" level=info msg=NewConnection DisableClientMultiStatements=false connectionID=14
time="2026-03-09T03:38:52-05:00" level=info msg=NewConnection DisableClientMultiStatements=false connectionID=13
time="2026-03-09T03:38:52-05:00" level=info msg=ConnectionClosed connectionID=13
time="2026-03-09T03:38:52-05:00" level=info msg=NewConnection DisableClientMultiStatements=false connectionID=15
time="2026-03-09T03:38:52-05:00" level=info msg=ConnectionClosed connectionID=14
time="2026-03-09T03:38:52-05:00" level=info msg=ConnectionClosed connectionID=15
time="2026-03-09T03:40:25-05:00" level=info msg=NewConnection DisableClientMultiStatements=false connectionID=16
time="2026-03-09T03:40:25-05:00" level=info msg=ConnectionClosed connectionID=16
time="2026-03-09T03:40:25-05:00" level=info msg="Server closing listener. No longer accepting connections."
time="2026-03-09T03:40:25-05:00" level=info msg="stats stopped: context canceled"
Starting server with Config HP="127.0.0.1:13322"|T="28800000"|R="false"|L="info"
time="2026-03-09T04:38:53-05:00" level=info msg="Server ready. Accepting connections."
time="2026-03-09T04:38:53-05:00" level=warning msg="secure_file_priv is set to \"\", which is insecure."
time="2026-03-09T04:38:53-05:00" level=warning msg="Any user with GRANT FILE privileges will be able to read any file which the sql-server process can read."
time="2026-03-09T04:38:53-05:00" level=warning msg="Please consider restarting the server with secure_file_priv set to a safe (or non-existent) directory."
time="2026-03-09T04:38:54-05:00" level=info msg=NewConnection DisableClientMultiStatements=false connectionID=1
time="2026-03-09T04:38:54-05:00" level=info msg=ConnectionClosed connectionID=1
time="2026-03-09T04:38:54-05:00" level=info msg=NewConnection DisableClientMultiStatements=false connectionID=2
time="2026-03-09T04:38:54-05:00" level=info msg=ConnectionClosed connectionID=2
time="2026-03-09T04:38:54-05:00" level=info msg=NewConnection DisableClientMultiStatements=false connectionID=3
time="2026-03-09T04:38:54-05:00" level=info msg=NewConnection DisableClientMultiStatements=false connectionID=4
time="2026-03-09T04:38:54-05:00" level=info msg=ConnectionClosed connectionID=3
time="2026-03-09T04:38:54-05:00" level=info msg=ConnectionClosed connectionID=4
time="2026-03-09T05:08:56-05:00" level=info msg=NewConnection DisableClientMultiStatements=false connectionID=5
time="2026-03-09T05:08:56-05:00" level=info msg=ConnectionClosed connectionID=5
time="2026-03-09T05:08:56-05:00" level=info msg="Server closing listener. No longer accepting connections."
time="2026-03-09T05:08:56-05:00" level=info msg="stats stopped: context canceled"
Starting server with Config HP="127.0.0.1:13322"|T="28800000"|R="false"|L="info"
time="2026-03-09T05:38:52-05:00" level=info msg="Server ready. Accepting connections."
time="2026-03-09T05:38:52-05:00" level=warning msg="secure_file_priv is set to \"\", which is insecure."
time="2026-03-09T05:38:52-05:00" level=warning msg="Any user with GRANT FILE privileges will be able to read any file which the sql-server process can read."
time="2026-03-09T05:38:52-05:00" level=warning msg="Please consider restarting the server with secure_file_priv set to a safe (or non-existent) directory."
time="2026-03-09T05:38:52-05:00" level=info msg=NewConnection DisableClientMultiStatements=false connectionID=1
time="2026-03-09T05:38:52-05:00" level=info msg=ConnectionClosed connectionID=1
time="2026-03-09T05:38:52-05:00" level=info msg=NewConnection DisableClientMultiStatements=false connectionID=2
time="2026-03-09T05:38:52-05:00" level=info msg=ConnectionClosed connectionID=2
time="2026-03-09T05:38:52-05:00" level=info msg=NewConnection DisableClientMultiStatements=false connectionID=3
time="2026-03-09T05:38:52-05:00" level=info msg=NewConnection DisableClientMultiStatements=false connectionID=4
time="2026-03-09T05:38:52-05:00" level=info msg=ConnectionClosed connectionID=3
time="2026-03-09T05:38:52-05:00" level=info msg=ConnectionClosed connectionID=4
time="2026-03-09T06:08:59-05:00" level=info msg=NewConnection DisableClientMultiStatements=false connectionID=5
time="2026-03-09T06:08:59-05:00" level=info msg=ConnectionClosed connectionID=5
time="2026-03-09T06:08:59-05:00" level=info msg="Server closing listener. No longer accepting connections."
time="2026-03-09T06:08:59-05:00" level=info msg="stats stopped: context canceled"
Starting server with Config HP="127.0.0.1:13322"|T="28800000"|R="false"|L="info"
time="2026-03-09T06:39:00-05:00" level=info msg="Server ready. Accepting connections."
time="2026-03-09T06:39:00-05:00" level=warning msg="secure_file_priv is set to \"\", which is insecure."
time="2026-03-09T06:39:00-05:00" level=warning msg="Any user with GRANT FILE privileges will be able to read any file which the sql-server process can read."
time="2026-03-09T06:39:00-05:00" level=warning msg="Please consider restarting the server with secure_file_priv set to a safe (or non-existent) directory."
time="2026-03-09T06:39:00-05:00" level=info msg=NewConnection DisableClientMultiStatements=false connectionID=1
time="2026-03-09T06:39:00-05:00" level=info msg=ConnectionClosed connectionID=1
time="2026-03-09T06:39:00-05:00" level=info msg=NewConnection DisableClientMultiStatements=false connectionID=2
time="2026-03-09T06:39:00-05:00" level=info msg=ConnectionClosed connectionID=2
time="2026-03-09T06:39:00-05:00" level=info msg=NewConnection DisableClientMultiStatements=false connectionID=3
time="2026-03-09T06:39:00-05:00" level=info msg=NewConnection DisableClientMultiStatements=false connectionID=4
time="2026-03-09T06:39:00-05:00" level=info msg=ConnectionClosed connectionID=3
time="2026-03-09T06:39:00-05:00" level=info msg=ConnectionClosed connectionID=4
time="2026-03-09T07:09:02-05:00" level=info msg=NewConnection DisableClientMultiStatements=false connectionID=5
time="2026-03-09T07:09:02-05:00" level=info msg=ConnectionClosed connectionID=5
time="2026-03-09T07:09:02-05:00" level=info msg="Server closing listener. No longer accepting connections."
time="2026-03-09T07:09:02-05:00" level=info msg="stats stopped: context canceled"
Starting server with Config HP="127.0.0.1:13322"|T="28800000"|R="false"|L="info"
time="2026-03-09T07:38:52-05:00" level=info msg="Server ready. Accepting connections."
time="2026-03-09T07:38:52-05:00" level=warning msg="secure_file_priv is set to \"\", which is insecure."
time="2026-03-09T07:38:52-05:00" level=warning msg="Any user with GRANT FILE privileges will be able to read any file which the sql-server process can read."
time="2026-03-09T07:38:52-05:00" level=warning msg="Please consider restarting the server with secure_file_priv set to a safe (or non-existent) directory."
time="2026-03-09T07:38:52-05:00" level=info msg=NewConnection DisableClientMultiStatements=false connectionID=1
time="2026-03-09T07:38:52-05:00" level=info msg=ConnectionClosed connectionID=1
time="2026-03-09T07:38:52-05:00" level=info msg=NewConnection DisableClientMultiStatements=false connectionID=2
time="2026-03-09T07:38:52-05:00" level=info msg=ConnectionClosed connectionID=2
time="2026-03-09T07:38:52-05:00" level=info msg=NewConnection DisableClientMultiStatements=false connectionID=3
time="2026-03-09T07:38:52-05:00" level=info msg=NewConnection DisableClientMultiStatements=false connectionID=4
time="2026-03-09T07:38:52-05:00" level=info msg=ConnectionClosed connectionID=3
time="2026-03-09T07:38:52-05:00" level=info msg=ConnectionClosed connectionID=4
time="2026-03-09T08:09:05-05:00" level=info msg=NewConnection DisableClientMultiStatements=false connectionID=5
time="2026-03-09T08:09:05-05:00" level=info msg=ConnectionClosed connectionID=5
time="2026-03-09T08:09:05-05:00" level=info msg="Server closing listener. No longer accepting connections."
time="2026-03-09T08:09:05-05:00" level=info msg="stats stopped: context canceled"
Starting server with Config HP="127.0.0.1:13322"|T="28800000"|R="false"|L="info"
time="2026-03-09T08:39:09-05:00" level=info msg="Server ready. Accepting connections."
time="2026-03-09T08:39:09-05:00" level=warning msg="secure_file_priv is set to \"\", which is insecure."
time="2026-03-09T08:39:09-05:00" level=warning msg="Any user with GRANT FILE privileges will be able to read any file which the sql-server process can read."
time="2026-03-09T08:39:09-05:00" level=warning msg="Please consider restarting the server with secure_file_priv set to a safe (or non-existent) directory."
time="2026-03-09T08:39:10-05:00" level=info msg=NewConnection DisableClientMultiStatements=false connectionID=1
time="2026-03-09T08:39:10-05:00" level=info msg=ConnectionClosed connectionID=1
time="2026-03-09T08:39:10-05:00" level=info msg=NewConnection DisableClientMultiStatements=false connectionID=2
time="2026-03-09T08:39:10-05:00" level=info msg=ConnectionClosed connectionID=2
time="2026-03-09T08:39:10-05:00" level=info msg=NewConnection DisableClientMultiStatements=false connectionID=3
time="2026-03-09T08:39:10-05:00" level=info msg=NewConnection DisableClientMultiStatements=false connectionID=4
time="2026-03-09T08:39:10-05:00" level=info msg=ConnectionClosed connectionID=3
time="2026-03-09T08:39:10-05:00" level=info msg=ConnectionClosed connectionID=4
time="2026-03-09T09:09:12-05:00" level=info msg=NewConnection DisableClientMultiStatements=false connectionID=5
time="2026-03-09T09:09:12-05:00" level=info msg=ConnectionClosed connectionID=5
time="2026-03-09T09:09:12-05:00" level=info msg="Server closing listener. No longer accepting connections."
time="2026-03-09T09:09:12-05:00" level=info msg="stats stopped: context canceled"
Starting server with Config HP="127.0.0.1:13322"|T="28800000"|R="false"|L="info"
time="2026-03-09T09:38:58-05:00" level=info msg="Server ready. Accepting connections."
time="2026-03-09T09:38:58-05:00" level=warning msg="secure_file_priv is set to \"\", which is insecure."
time="2026-03-09T09:38:58-05:00" level=warning msg="Any user with GRANT FILE privileges will be able to read any file which the sql-server process can read."
time="2026-03-09T09:38:58-05:00" level=warning msg="Please consider restarting the server with secure_file_priv set to a safe (or non-existent) directory."
time="2026-03-09T09:38:58-05:00" level=info msg=NewConnection DisableClientMultiStatements=false connectionID=1
time="2026-03-09T09:38:58-05:00" level=info msg=ConnectionClosed connectionID=1
time="2026-03-09T09:38:58-05:00" level=info msg=NewConnection DisableClientMultiStatements=false connectionID=2
time="2026-03-09T09:38:58-05:00" level=info msg=ConnectionClosed connectionID=2
time="2026-03-09T09:38:58-05:00" level=info msg=NewConnection DisableClientMultiStatements=false connectionID=3
time="2026-03-09T09:38:58-05:00" level=info msg=NewConnection DisableClientMultiStatements=false connectionID=4
time="2026-03-09T09:38:58-05:00" level=info msg=ConnectionClosed connectionID=3
time="2026-03-09T09:38:58-05:00" level=info msg=ConnectionClosed connectionID=4
time="2026-03-09T10:09:15-05:00" level=info msg=NewConnection DisableClientMultiStatements=false connectionID=5
time="2026-03-09T10:09:15-05:00" level=info msg=ConnectionClosed connectionID=5
time="2026-03-09T10:09:15-05:00" level=info msg="Server closing listener. No longer accepting connections."
time="2026-03-09T10:09:15-05:00" level=info msg="stats stopped: context canceled"
Starting server with Config HP="127.0.0.1:13322"|T="28800000"|R="false"|L="info"
time="2026-03-09T10:39:01-05:00" level=info msg="Server ready. Accepting connections."
time="2026-03-09T10:39:01-05:00" level=warning msg="secure_file_priv is set to \"\", which is insecure."
time="2026-03-09T10:39:01-05:00" level=warning msg="Any user with GRANT FILE privileges will be able to read any file which the sql-server process can read."
time="2026-03-09T10:39:01-05:00" level=warning msg="Please consider restarting the server with secure_file_priv set to a safe (or non-existent) directory."
time="2026-03-09T10:39:02-05:00" level=info msg=NewConnection DisableClientMultiStatements=false connectionID=1
time="2026-03-09T10:39:02-05:00" level=info msg=ConnectionClosed connectionID=1
time="2026-03-09T10:39:02-05:00" level=info msg=NewConnection DisableClientMultiStatements=false connectionID=2
time="2026-03-09T10:39:02-05:00" level=info msg=ConnectionClosed connectionID=2
time="2026-03-09T10:39:02-05:00" level=info msg=NewConnection DisableClientMultiStatements=false connectionID=3
time="2026-03-09T10:39:02-05:00" level=info msg=NewConnection DisableClientMultiStatements=false connectionID=4
time="2026-03-09T10:39:02-05:00" level=info msg=ConnectionClosed connectionID=3
time="2026-03-09T10:39:02-05:00" level=info msg=ConnectionClosed connectionID=4
time="2026-03-09T11:09:18-05:00" level=info msg=NewConnection DisableClientMultiStatements=false connectionID=5
time="2026-03-09T11:09:18-05:00" level=info msg=ConnectionClosed connectionID=5
time="2026-03-09T11:09:18-05:00" level=info msg="Server closing listener. No longer accepting connections."
time="2026-03-09T11:09:18-05:00" level=info msg="stats stopped: context canceled"
Starting server with Config HP="127.0.0.1:13322"|T="28800000"|R="false"|L="info"
time="2026-03-09T11:35:17-05:00" level=info msg="Server ready. Accepting connections."
time="2026-03-09T11:35:17-05:00" level=warning msg="secure_file_priv is set to \"\", which is insecure."
time="2026-03-09T11:35:17-05:00" level=warning msg="Any user with GRANT FILE privileges will be able to read any file which the sql-server process can read."
time="2026-03-09T11:35:17-05:00" level=warning msg="Please consider restarting the server with secure_file_priv set to a safe (or non-existent) directory."
time="2026-03-09T11:35:18-05:00" level=info msg=NewConnection DisableClientMultiStatements=false connectionID=1
time="2026-03-09T11:35:18-05:00" level=info msg=ConnectionClosed connectionID=1
time="2026-03-09T11:35:18-05:00" level=info msg=NewConnection DisableClientMultiStatements=false connectionID=2
time="2026-03-09T11:35:18-05:00" level=info msg=ConnectionClosed connectionID=2
time="2026-03-09T11:35:18-05:00" level=info msg=NewConnection DisableClientMultiStatements=false connectionID=3
time="2026-03-09T11:35:18-05:00" level=info msg=NewConnection DisableClientMultiStatements=false connectionID=4
time="2026-03-09T11:35:18-05:00" level=info msg=ConnectionClosed connectionID=3
time="2026-03-09T11:35:18-05:00" level=warning msg="error running query" connectTime="2026-03-09 11:35:18.200601 -0500 CDT m=+0.512160835" connectionDb=beads_GrowWise connectionID=4 error="nothing to commit" queryTime="2026-03-09 11:35:18.250579 -0500 CDT m=+0.562139293"
time="2026-03-09T11:35:18-05:00" level=info msg=NewConnection DisableClientMultiStatements=false connectionID=5
time="2026-03-09T11:35:18-05:00" level=info msg=ConnectionClosed connectionID=5
time="2026-03-09T11:35:18-05:00" level=info msg=NewConnection DisableClientMultiStatements=false connectionID=6
time="2026-03-09T11:35:18-05:00" level=info msg=NewConnection DisableClientMultiStatements=false connectionID=7
time="2026-03-09T11:35:18-05:00" level=info msg=ConnectionClosed connectionID=6
time="2026-03-09T11:35:18-05:00" level=warning msg="error running query" connectTime="2026-03-09 11:35:18.282156 -0500 CDT m=+0.593715626" connectionDb=beads_GrowWise connectionID=7 error="nothing to commit" queryTime="2026-03-09 11:35:18.29722 -0500 CDT m=+0.608779710"
time="2026-03-09T11:35:18-05:00" level=info msg=NewConnection DisableClientMultiStatements=false connectionID=8
time="2026-03-09T11:35:18-05:00" level=info msg=NewConnection DisableClientMultiStatements=false connectionID=9
time="2026-03-09T11:35:18-05:00" level=info msg=ConnectionClosed connectionID=8
time="2026-03-09T11:35:18-05:00" level=info msg=ConnectionClosed connectionID=9
time="2026-03-09T11:35:18-05:00" level=info msg=ConnectionClosed connectionID=7
time="2026-03-09T11:35:18-05:00" level=info msg=ConnectionClosed connectionID=4
time="2026-03-09T11:39:11-05:00" level=info msg=NewConnection DisableClientMultiStatements=false connectionID=11
time="2026-03-09T11:39:11-05:00" level=info msg=NewConnection DisableClientMultiStatements=false connectionID=10
time="2026-03-09T11:39:11-05:00" level=info msg=ConnectionClosed connectionID=10
time="2026-03-09T11:39:11-05:00" level=info msg=NewConnection DisableClientMultiStatements=false connectionID=12
time="2026-03-09T11:39:11-05:00" level=info msg=ConnectionClosed connectionID=11
time="2026-03-09T11:39:11-05:00" level=info msg=ConnectionClosed connectionID=12
time="2026-03-09T11:59:42-05:00" level=info msg=NewConnection DisableClientMultiStatements=false connectionID=13
time="2026-03-09T11:59:42-05:00" level=info msg=ConnectionClosed connectionID=13
time="2026-03-09T11:59:42-05:00" level=info msg=NewConnection DisableClientMultiStatements=false connectionID=14
time="2026-03-09T11:59:42-05:00" level=info msg=NewConnection DisableClientMultiStatements=false connectionID=15
time="2026-03-09T11:59:42-05:00" level=info msg=ConnectionClosed connectionID=14
time="2026-03-09T11:59:42-05:00" level=warning msg="error running query" connectTime="2026-03-09 11:59:42.982143 -0500 CDT m=+1465.293493251" connectionDb=beads_GrowWise connectionID=15 error="nothing to commit" queryTime="2026-03-09 11:59:42.992536 -0500 CDT m=+1465.303885876"
time="2026-03-09T11:59:42-05:00" level=info msg=NewConnection DisableClientMultiStatements=false connectionID=16
time="2026-03-09T11:59:42-05:00" level=info msg=ConnectionClosed connectionID=16
time="2026-03-09T11:59:42-05:00" level=info msg=NewConnection DisableClientMultiStatements=false connectionID=17
time="2026-03-09T11:59:42-05:00" level=info msg=NewConnection DisableClientMultiStatements=false connectionID=18
time="2026-03-09T11:59:42-05:00" level=info msg=ConnectionClosed connectionID=17
time="2026-03-09T11:59:43-05:00" level=warning msg="error running query" connectTime="2026-03-09 11:59:42.9941 -0500 CDT m=+1465.305450668" connectionDb=beads_GrowWise connectionID=18 error="nothing to commit" queryTime="2026-03-09 11:59:43.006336 -0500 CDT m=+1465.317685835"
time="2026-03-09T11:59:43-05:00" level=info msg=ConnectionClosed connectionID=15
time="2026-03-09T11:59:43-05:00" level=info msg=ConnectionClosed connectionID=18
time="2026-03-09T12:02:56-05:00" level=info msg=NewConnection DisableClientMultiStatements=false connectionID=19
time="2026-03-09T12:02:56-05:00" level=info msg=ConnectionClosed connectionID=19
time="2026-03-09T12:02:56-05:00" level=info msg=NewConnection DisableClientMultiStatements=false connectionID=20
time="2026-03-09T12:02:56-05:00" level=info msg=NewConnection DisableClientMultiStatements=false connectionID=21
time="2026-03-09T12:02:56-05:00" level=info msg=ConnectionClosed connectionID=20
time="2026-03-09T12:02:56-05:00" level=warning msg="error running query" connectTime="2026-03-09 12:02:56.659598 -0500 CDT m=+1658.971375626" connectionDb=beads_GrowWise connectionID=21 error="nothing to commit" queryTime="2026-03-09 12:02:56.667841 -0500 CDT m=+1658.979618585"
time="2026-03-09T12:02:56-05:00" level=info msg=NewConnection DisableClientMultiStatements=false connectionID=22
time="2026-03-09T12:02:56-05:00" level=info msg=ConnectionClosed connectionID=22
time="2026-03-09T12:02:56-05:00" level=info msg=ConnectionClosed connectionID=21
time="2026-03-09T12:03:01-05:00" level=info msg=NewConnection DisableClientMultiStatements=false connectionID=23
time="2026-03-09T12:03:01-05:00" level=info msg=ConnectionClosed connectionID=23
time="2026-03-09T12:03:01-05:00" level=info msg=NewConnection DisableClientMultiStatements=false connectionID=24
time="2026-03-09T12:03:01-05:00" level=info msg=NewConnection DisableClientMultiStatements=false connectionID=25
time="2026-03-09T12:03:01-05:00" level=info msg=ConnectionClosed connectionID=24
time="2026-03-09T12:03:01-05:00" level=warning msg="error running query" connectTime="2026-03-09 12:03:01.387535 -0500 CDT m=+1663.699312876" connectionDb=beads_GrowWise connectionID=25 error="nothing to commit" queryTime="2026-03-09 12:03:01.395156 -0500 CDT m=+1663.706932960"
time="2026-03-09T12:03:01-05:00" level=info msg=ConnectionClosed connectionID=25
time="2026-03-09T12:11:55-05:00" level=info msg=NewConnection DisableClientMultiStatements=false connectionID=26
time="2026-03-09T12:11:55-05:00" level=info msg=NewConnection DisableClientMultiStatements=false connectionID=27
time="2026-03-09T12:11:55-05:00" level=info msg=ConnectionClosed connectionID=26
time="2026-03-09T12:11:55-05:00" level=info msg=NewConnection DisableClientMultiStatements=false connectionID=28
time="2026-03-09T12:11:55-05:00" level=info msg=ConnectionClosed connectionID=27
time="2026-03-09T12:11:55-05:00" level=warning msg="error running query" connectTime="2026-03-09 12:11:55.618066 -0500 CDT m=+2197.929784126" connectionDb=beads_GrowWise connectionID=28 error="nothing to commit" queryTime="2026-03-09 12:11:55.648249 -0500 CDT m=+2197.959967126"
time="2026-03-09T12:11:55-05:00" level=info msg=NewConnection DisableClientMultiStatements=false connectionID=29
time="2026-03-09T12:11:55-05:00" level=info msg=ConnectionClosed connectionID=29
time="2026-03-09T12:11:55-05:00" level=info msg=ConnectionClosed connectionID=28
time="2026-03-09T12:12:12-05:00" level=info msg=NewConnection DisableClientMultiStatements=false connectionID=30
time="2026-03-09T12:12:12-05:00" level=info msg=ConnectionClosed connectionID=30
time="2026-03-09T12:12:12-05:00" level=info msg=NewConnection DisableClientMultiStatements=false connectionID=31
time="2026-03-09T12:12:12-05:00" level=info msg=NewConnection DisableClientMultiStatements=false connectionID=32
time="2026-03-09T12:12:12-05:00" level=info msg=ConnectionClosed connectionID=31
time="2026-03-09T12:12:13-05:00" level=info msg=ConnectionClosed connectionID=32
time="2026-03-09T12:12:24-05:00" level=info msg=NewConnection DisableClientMultiStatements=false connectionID=33
time="2026-03-09T12:12:24-05:00" level=info msg=ConnectionClosed connectionID=33
time="2026-03-09T12:12:24-05:00" level=info msg=NewConnection DisableClientMultiStatements=false connectionID=34
time="2026-03-09T12:12:24-05:00" level=info msg=NewConnection DisableClientMultiStatements=false connectionID=35
time="2026-03-09T12:12:24-05:00" level=info msg=ConnectionClosed connectionID=34
time="2026-03-09T12:12:24-05:00" level=info msg=ConnectionClosed connectionID=35
time="2026-03-09T12:16:12-05:00" level=info msg=NewConnection DisableClientMultiStatements=false connectionID=36
time="2026-03-09T12:16:12-05:00" level=info msg=ConnectionClosed connectionID=36
time="2026-03-09T12:16:12-05:00" level=info msg=NewConnection DisableClientMultiStatements=false connectionID=37
time="2026-03-09T12:16:12-05:00" level=info msg=NewConnection DisableClientMultiStatements=false connectionID=38
time="2026-03-09T12:16:12-05:00" level=info msg=ConnectionClosed connectionID=37
time="2026-03-09T12:16:12-05:00" level=info msg=ConnectionClosed connectionID=38
time="2026-03-09T12:25:25-05:00" level=info msg=NewConnection DisableClientMultiStatements=false connectionID=39
time="2026-03-09T12:25:25-05:00" level=info msg=ConnectionClosed connectionID=39
time="2026-03-09T12:25:25-05:00" level=info msg=NewConnection DisableClientMultiStatements=false connectionID=40
time="2026-03-09T12:25:25-05:00" level=info msg=NewConnection DisableClientMultiStatements=false connectionID=41
time="2026-03-09T12:25:25-05:00" level=info msg=ConnectionClosed connectionID=40
time="2026-03-09T12:25:25-05:00" level=info msg=ConnectionClosed connectionID=41
time="2026-03-09T12:30:23-05:00" level=info msg=NewConnection DisableClientMultiStatements=false connectionID=42
time="2026-03-09T12:30:23-05:00" level=info msg=ConnectionClosed connectionID=42
time="2026-03-09T12:30:23-05:00" level=info msg="Server closing listener. No longer accepting connections."
time="2026-03-09T12:30:23-05:00" level=info msg="stats stopped: context canceled"
Starting server with Config HP="127.0.0.1:13322"|T="28800000"|R="false"|L="info"
time="2026-03-09T12:32:35-05:00" level=info msg="Server ready. Accepting connections."
time="2026-03-09T12:32:35-05:00" level=warning msg="secure_file_priv is set to \"\", which is insecure."
time="2026-03-09T12:32:35-05:00" level=warning msg="Any user with GRANT FILE privileges will be able to read any file which the sql-server process can read."
time="2026-03-09T12:32:35-05:00" level=warning msg="Please consider restarting the server with secure_file_priv set to a safe (or non-existent) directory."
time="2026-03-09T12:32:36-05:00" level=info msg=NewConnection DisableClientMultiStatements=false connectionID=1
time="2026-03-09T12:32:36-05:00" level=info msg=ConnectionClosed connectionID=1
time="2026-03-09T12:32:36-05:00" level=info msg=NewConnection DisableClientMultiStatements=false connectionID=2
time="2026-03-09T12:32:36-05:00" level=info msg=ConnectionClosed connectionID=2
time="2026-03-09T12:32:36-05:00" level=info msg=NewConnection DisableClientMultiStatements=false connectionID=3
time="2026-03-09T12:32:36-05:00" level=info msg=NewConnection DisableClientMultiStatements=false connectionID=4
time="2026-03-09T12:32:36-05:00" level=info msg=ConnectionClosed connectionID=3
time="2026-03-09T12:32:36-05:00" level=info msg=ConnectionClosed connectionID=4
time="2026-03-09T12:41:02-05:00" level=info msg=NewConnection DisableClientMultiStatements=false connectionID=5
time="2026-03-09T12:41:02-05:00" level=info msg=ConnectionClosed connectionID=5
time="2026-03-09T12:41:02-05:00" level=info msg=NewConnection DisableClientMultiStatements=false connectionID=6
time="2026-03-09T12:41:02-05:00" level=info msg=NewConnection DisableClientMultiStatements=false connectionID=7
time="2026-03-09T12:41:02-05:00" level=info msg=ConnectionClosed connectionID=6
time="2026-03-09T12:41:03-05:00" level=info msg=ConnectionClosed connectionID=7
time="2026-03-09T12:47:46-05:00" level=info msg=NewConnection DisableClientMultiStatements=false connectionID=8
time="2026-03-09T12:47:46-05:00" level=info msg=ConnectionClosed connectionID=8
time="2026-03-09T12:47:46-05:00" level=info msg=NewConnection DisableClientMultiStatements=false connectionID=9
time="2026-03-09T12:47:46-05:00" level=info msg=NewConnection DisableClientMultiStatements=false connectionID=10
time="2026-03-09T12:47:46-05:00" level=info msg=ConnectionClosed connectionID=9
time="2026-03-09T12:47:46-05:00" level=info msg=ConnectionClosed connectionID=10
time="2026-03-09T12:53:56-05:00" level=info msg=NewConnection DisableClientMultiStatements=false connectionID=11
time="2026-03-09T12:53:56-05:00" level=info msg=ConnectionClosed connectionID=11
time="2026-03-09T12:53:56-05:00" level=info msg=NewConnection DisableClientMultiStatements=false connectionID=12
time="2026-03-09T12:53:56-05:00" level=info msg=NewConnection DisableClientMultiStatements=false connectionID=13
time="2026-03-09T12:53:56-05:00" level=info msg=ConnectionClosed connectionID=12
time="2026-03-09T12:53:56-05:00" level=info msg=ConnectionClosed connectionID=13
time="2026-03-09T13:03:26-05:00" level=info msg=NewConnection DisableClientMultiStatements=false connectionID=14
time="2026-03-09T13:03:26-05:00" level=info msg=ConnectionClosed connectionID=14
time="2026-03-09T13:03:26-05:00" level=info msg="Server closing listener. No longer accepting connections."
time="2026-03-09T13:03:26-05:00" level=info msg="stats stopped: context canceled"
Starting server with Config HP="127.0.0.1:13322"|T="28800000"|R="false"|L="info"
time="2026-03-09T13:05:09-05:00" level=info msg="Server ready. Accepting connections."
time="2026-03-09T13:05:09-05:00" level=warning msg="secure_file_priv is set to \"\", which is insecure."
time="2026-03-09T13:05:09-05:00" level=warning msg="Any user with GRANT FILE privileges will be able to read any file which the sql-server process can read."
time="2026-03-09T13:05:09-05:00" level=warning msg="Please consider restarting the server with secure_file_priv set to a safe (or non-existent) directory."
time="2026-03-09T13:05:09-05:00" level=info msg=NewConnection DisableClientMultiStatements=false connectionID=1
time="2026-03-09T13:05:09-05:00" level=info msg=ConnectionClosed connectionID=1
time="2026-03-09T13:05:09-05:00" level=info msg=NewConnection DisableClientMultiStatements=false connectionID=2
time="2026-03-09T13:05:09-05:00" level=info msg=ConnectionClosed connectionID=2
time="2026-03-09T13:05:09-05:00" level=info msg=NewConnection DisableClientMultiStatements=false connectionID=3
time="2026-03-09T13:05:09-05:00" level=info msg=NewConnection DisableClientMultiStatements=false connectionID=4
time="2026-03-09T13:05:09-05:00" level=info msg=ConnectionClosed connectionID=3
time="2026-03-09T13:05:09-05:00" level=info msg=ConnectionClosed connectionID=4
time="2026-03-09T13:13:05-05:00" level=info msg=NewConnection DisableClientMultiStatements=false connectionID=5
time="2026-03-09T13:13:05-05:00" level=info msg=NewConnection DisableClientMultiStatements=false connectionID=6
time="2026-03-09T13:13:05-05:00" level=info msg=ConnectionClosed connectionID=5
time="2026-03-09T13:13:05-05:00" level=info msg=NewConnection DisableClientMultiStatements=false connectionID=7
time="2026-03-09T13:13:05-05:00" level=info msg=ConnectionClosed connectionID=6
time="2026-03-09T13:13:05-05:00" level=info msg=ConnectionClosed connectionID=7
time="2026-03-09T13:13:09-05:00" level=info msg=NewConnection DisableClientMultiStatements=false connectionID=8
time="2026-03-09T13:13:09-05:00" level=info msg=ConnectionClosed connectionID=8
time="2026-03-09T13:13:09-05:00" level=info msg=NewConnection DisableClientMultiStatements=false connectionID=9
time="2026-03-09T13:13:09-05:00" level=info msg=NewConnection DisableClientMultiStatements=false connectionID=10
time="2026-03-09T13:13:09-05:00" level=info msg=ConnectionClosed connectionID=9
time="2026-03-09T13:13:09-05:00" level=info msg=ConnectionClosed connectionID=10
time="2026-03-09T13:21:35-05:00" level=info msg=NewConnection DisableClientMultiStatements=false connectionID=11
time="2026-03-09T13:21:35-05:00" level=info msg=NewConnection DisableClientMultiStatements=false connectionID=12
time="2026-03-09T13:21:35-05:00" level=info msg=ConnectionClosed connectionID=11
time="2026-03-09T13:21:35-05:00" level=info msg=NewConnection DisableClientMultiStatements=false connectionID=13
time="2026-03-09T13:21:35-05:00" level=info msg=ConnectionClosed connectionID=12
time="2026-03-09T13:21:35-05:00" level=info msg=ConnectionClosed connectionID=13
time="2026-03-09T13:24:25-05:00" level=info msg=NewConnection DisableClientMultiStatements=false connectionID=14
time="2026-03-09T13:24:25-05:00" level=info msg=ConnectionClosed connectionID=14
time="2026-03-09T13:24:25-05:00" level=info msg=NewConnection DisableClientMultiStatements=false connectionID=15
time="2026-03-09T13:24:25-05:00" level=info msg=NewConnection DisableClientMultiStatements=false connectionID=16
time="2026-03-09T13:24:25-05:00" level=info msg=ConnectionClosed connectionID=15
time="2026-03-09T13:24:25-05:00" level=info msg=ConnectionClosed connectionID=16
time="2026-03-09T13:29:26-05:00" level=info msg=NewConnection DisableClientMultiStatements=false connectionID=17
time="2026-03-09T13:29:26-05:00" level=info msg=ConnectionClosed connectionID=17
time="2026-03-09T13:29:26-05:00" level=info msg=NewConnection DisableClientMultiStatements=false connectionID=18
time="2026-03-09T13:29:26-05:00" level=info msg=NewConnection DisableClientMultiStatements=false connectionID=19
time="2026-03-09T13:29:26-05:00" level=info msg=ConnectionClosed connectionID=18
time="2026-03-09T13:29:26-05:00" level=info msg=ConnectionClosed connectionID=19
time="2026-03-09T13:35:29-05:00" level=info msg=NewConnection DisableClientMultiStatements=false connectionID=20
time="2026-03-09T13:35:29-05:00" level=info msg=ConnectionClosed connectionID=20
time="2026-03-09T13:35:29-05:00" level=info msg="Server closing listener. No longer accepting connections."
time="2026-03-09T13:35:29-05:00" level=info msg="stats stopped: context canceled"
Starting server with Config HP="127.0.0.1:13322"|T="28800000"|R="false"|L="info"
time="2026-03-09T13:45:05-05:00" level=info msg="Server ready. Accepting connections."
time="2026-03-09T13:45:05-05:00" level=warning msg="secure_file_priv is set to \"\", which is insecure."
time="2026-03-09T13:45:05-05:00" level=warning msg="Any user with GRANT FILE privileges will be able to read any file which the sql-server process can read."
time="2026-03-09T13:45:05-05:00" level=warning msg="Please consider restarting the server with secure_file_priv set to a safe (or non-existent) directory."
time="2026-03-09T13:45:06-05:00" level=info msg=NewConnection DisableClientMultiStatements=false connectionID=1
time="2026-03-09T13:45:06-05:00" level=info msg=ConnectionClosed connectionID=1
time="2026-03-09T13:45:06-05:00" level=info msg=NewConnection DisableClientMultiStatements=false connectionID=2
time="2026-03-09T13:45:06-05:00" level=info msg=ConnectionClosed connectionID=2
time="2026-03-09T13:45:06-05:00" level=info msg=NewConnection DisableClientMultiStatements=false connectionID=3
time="2026-03-09T13:45:06-05:00" level=info msg=NewConnection DisableClientMultiStatements=false connectionID=4
time="2026-03-09T13:45:06-05:00" level=info msg=ConnectionClosed connectionID=3
time="2026-03-09T13:45:06-05:00" level=info msg=ConnectionClosed connectionID=4
time="2026-03-09T13:47:19-05:00" level=info msg=NewConnection DisableClientMultiStatements=false connectionID=5
time="2026-03-09T13:47:19-05:00" level=info msg=ConnectionClosed connectionID=5
time="2026-03-09T13:47:19-05:00" level=info msg=NewConnection DisableClientMultiStatements=false connectionID=6
time="2026-03-09T13:47:19-05:00" level=info msg=NewConnection DisableClientMultiStatements=false connectionID=7
time="2026-03-09T13:47:19-05:00" level=info msg=ConnectionClosed connectionID=6
time="2026-03-09T13:47:19-05:00" level=info msg=ConnectionClosed connectionID=7
time="2026-03-09T14:15:32-05:00" level=info msg=NewConnection DisableClientMultiStatements=false connectionID=8
time="2026-03-09T14:15:32-05:00" level=info msg=ConnectionClosed connectionID=8
time="2026-03-09T14:15:32-05:00" level=info msg="Server closing listener. No longer accepting connections."
time="2026-03-09T14:15:32-05:00" level=info msg="stats stopped: context canceled"
Starting server with Config HP="127.0.0.1:13322"|T="28800000"|R="false"|L="info"
time="2026-03-09T14:18:08-05:00" level=info msg="Server ready. Accepting connections."
time="2026-03-09T14:18:08-05:00" level=warning msg="secure_file_priv is set to \"\", which is insecure."
time="2026-03-09T14:18:08-05:00" level=warning msg="Any user with GRANT FILE privileges will be able to read any file which the sql-server process can read."
time="2026-03-09T14:18:08-05:00" level=warning msg="Please consider restarting the server with secure_file_priv set to a safe (or non-existent) directory."
time="2026-03-09T14:18:08-05:00" level=info msg=NewConnection DisableClientMultiStatements=false connectionID=1
time="2026-03-09T14:18:08-05:00" level=info msg=ConnectionClosed connectionID=1
time="2026-03-09T14:18:08-05:00" level=info msg=NewConnection DisableClientMultiStatements=false connectionID=2
time="2026-03-09T14:18:08-05:00" level=info msg=ConnectionClosed connectionID=2
time="2026-03-09T14:18:08-05:00" level=info msg=NewConnection DisableClientMultiStatements=false connectionID=3
time="2026-03-09T14:18:08-05:00" level=info msg=NewConnection DisableClientMultiStatements=false connectionID=4
time="2026-03-09T14:18:08-05:00" level=info msg=ConnectionClosed connectionID=3
time="2026-03-09T14:18:08-05:00" level=info msg=ConnectionClosed connectionID=4
time="2026-03-09T14:48:36-05:00" level=info msg=NewConnection DisableClientMultiStatements=false connectionID=5
time="2026-03-09T14:48:36-05:00" level=info msg=ConnectionClosed connectionID=5
time="2026-03-09T14:48:36-05:00" level=info msg="Server closing listener. No longer accepting connections."
time="2026-03-09T14:48:36-05:00" level=info msg="stats stopped: context canceled"
Starting server with Config HP="127.0.0.1:13322"|T="28800000"|R="false"|L="info"
time="2026-03-09T15:17:44-05:00" level=info msg="Server ready. Accepting connections."
time="2026-03-09T15:17:44-05:00" level=warning msg="secure_file_priv is set to \"\", which is insecure."
time="2026-03-09T15:17:44-05:00" level=warning msg="Any user with GRANT FILE privileges will be able to read any file which the sql-server process can read."
time="2026-03-09T15:17:44-05:00" level=warning msg="Please consider restarting the server with secure_file_priv set to a safe (or non-existent) directory."
time="2026-03-09T15:17:44-05:00" level=info msg=NewConnection DisableClientMultiStatements=false connectionID=1
time="2026-03-09T15:17:44-05:00" level=info msg=ConnectionClosed connectionID=1
time="2026-03-09T15:17:44-05:00" level=info msg=NewConnection DisableClientMultiStatements=false connectionID=2
time="2026-03-09T15:17:44-05:00" level=info msg=ConnectionClosed connectionID=2
time="2026-03-09T15:17:44-05:00" level=info msg=NewConnection DisableClientMultiStatements=false connectionID=3
time="2026-03-09T15:17:44-05:00" level=info msg=NewConnection DisableClientMultiStatements=false connectionID=4
time="2026-03-09T15:17:44-05:00" level=info msg=ConnectionClosed connectionID=3
time="2026-03-09T15:17:44-05:00" level=info msg=ConnectionClosed connectionID=4
time="2026-03-09T15:48:39-05:00" level=info msg=NewConnection DisableClientMultiStatements=false connectionID=5
time="2026-03-09T15:48:39-05:00" level=info msg=ConnectionClosed connectionID=5
time="2026-03-09T15:48:39-05:00" level=info msg="Server closing listener. No longer accepting connections."
time="2026-03-09T15:48:39-05:00" level=info msg="stats stopped: context canceled"
Starting server with Config HP="127.0.0.1:13322"|T="28800000"|R="false"|L="info"
time="2026-03-09T16:17:57-05:00" level=info msg="Server ready. Accepting connections."
time="2026-03-09T16:17:57-05:00" level=warning msg="secure_file_priv is set to \"\", which is insecure."
time="2026-03-09T16:17:57-05:00" level=warning msg="Any user with GRANT FILE privileges will be able to read any file which the sql-server process can read."
time="2026-03-09T16:17:57-05:00" level=warning msg="Please consider restarting the server with secure_file_priv set to a safe (or non-existent) directory."
time="2026-03-09T16:17:57-05:00" level=info msg=NewConnection DisableClientMultiStatements=false connectionID=1
time="2026-03-09T16:17:57-05:00" level=info msg=ConnectionClosed connectionID=1
time="2026-03-09T16:17:57-05:00" level=info msg=NewConnection DisableClientMultiStatements=false connectionID=2
time="2026-03-09T16:17:57-05:00" level=info msg=ConnectionClosed connectionID=2
time="2026-03-09T16:17:57-05:00" level=info msg=NewConnection DisableClientMultiStatements=false connectionID=3
time="2026-03-09T16:17:57-05:00" level=info msg=NewConnection DisableClientMultiStatements=false connectionID=4
time="2026-03-09T16:17:57-05:00" level=info msg=ConnectionClosed connectionID=3
time="2026-03-09T16:17:57-05:00" level=info msg=ConnectionClosed connectionID=4
time="2026-03-09T16:18:12-05:00" level=info msg=NewConnection DisableClientMultiStatements=false connectionID=5
time="2026-03-09T16:18:12-05:00" level=info msg=ConnectionClosed connectionID=5
time="2026-03-09T16:18:12-05:00" level=info msg=NewConnection DisableClientMultiStatements=false connectionID=6
time="2026-03-09T16:18:12-05:00" level=info msg=NewConnection DisableClientMultiStatements=false connectionID=7
time="2026-03-09T16:18:12-05:00" level=info msg=ConnectionClosed connectionID=6
time="2026-03-09T16:18:12-05:00" level=info msg=ConnectionClosed connectionID=7
time="2026-03-09T16:48:42-05:00" level=info msg=NewConnection DisableClientMultiStatements=false connectionID=8
time="2026-03-09T16:48:42-05:00" level=info msg=ConnectionClosed connectionID=8
time="2026-03-09T16:48:42-05:00" level=info msg="Server closing listener. No longer accepting connections."
time="2026-03-09T16:48:42-05:00" level=info msg="stats stopped: context canceled"
Starting server with Config HP="127.0.0.1:13322"|T="28800000"|R="false"|L="info"
time="2026-03-09T17:18:14-05:00" level=info msg="Server ready. Accepting connections."
time="2026-03-09T17:18:14-05:00" level=warning msg="secure_file_priv is set to \"\", which is insecure."
time="2026-03-09T17:18:14-05:00" level=warning msg="Any user with GRANT FILE privileges will be able to read any file which the sql-server process can read."
time="2026-03-09T17:18:14-05:00" level=warning msg="Please consider restarting the server with secure_file_priv set to a safe (or non-existent) directory."
time="2026-03-09T17:18:14-05:00" level=info msg=NewConnection DisableClientMultiStatements=false connectionID=1
time="2026-03-09T17:18:14-05:00" level=info msg=ConnectionClosed connectionID=1
time="2026-03-09T17:18:14-05:00" level=info msg=NewConnection DisableClientMultiStatements=false connectionID=2
time="2026-03-09T17:18:14-05:00" level=info msg=ConnectionClosed connectionID=2
time="2026-03-09T17:18:14-05:00" level=info msg=NewConnection DisableClientMultiStatements=false connectionID=3
time="2026-03-09T17:18:14-05:00" level=info msg=NewConnection DisableClientMultiStatements=false connectionID=4
time="2026-03-09T17:18:14-05:00" level=info msg=ConnectionClosed connectionID=3
time="2026-03-09T17:18:14-05:00" level=info msg=ConnectionClosed connectionID=4
time="2026-03-09T17:48:46-05:00" level=info msg=NewConnection DisableClientMultiStatements=false connectionID=5
time="2026-03-09T17:48:46-05:00" level=info msg=ConnectionClosed connectionID=5
time="2026-03-09T17:48:46-05:00" level=info msg="Server closing listener. No longer accepting connections."
time="2026-03-09T17:48:46-05:00" level=info msg="stats stopped: context canceled"
Starting server with Config HP="127.0.0.1:13322"|T="28800000"|R="false"|L="info"
time="2026-03-09T18:18:16-05:00" level=info msg="Server ready. Accepting connections."
time="2026-03-09T18:18:16-05:00" level=warning msg="secure_file_priv is set to \"\", which is insecure."
time="2026-03-09T18:18:16-05:00" level=warning msg="Any user with GRANT FILE privileges will be able to read any file which the sql-server process can read."
time="2026-03-09T18:18:16-05:00" level=warning msg="Please consider restarting the server with secure_file_priv set to a safe (or non-existent) directory."
time="2026-03-09T18:18:16-05:00" level=info msg=NewConnection DisableClientMultiStatements=false connectionID=1
time="2026-03-09T18:18:16-05:00" level=info msg=ConnectionClosed connectionID=1
time="2026-03-09T18:18:16-05:00" level=info msg=NewConnection DisableClientMultiStatements=false connectionID=2
time="2026-03-09T18:18:16-05:00" level=info msg=ConnectionClosed connectionID=2
time="2026-03-09T18:18:16-05:00" level=info msg=NewConnection DisableClientMultiStatements=false connectionID=3
time="2026-03-09T18:18:16-05:00" level=info msg=NewConnection DisableClientMultiStatements=false connectionID=4
time="2026-03-09T18:18:16-05:00" level=info msg=ConnectionClosed connectionID=3
time="2026-03-09T18:18:16-05:00" level=info msg=ConnectionClosed connectionID=4
time="2026-03-09T18:48:49-05:00" level=info msg=NewConnection DisableClientMultiStatements=false connectionID=5
time="2026-03-09T18:48:49-05:00" level=info msg=ConnectionClosed connectionID=5
time="2026-03-09T18:48:49-05:00" level=info msg="Server closing listener. No longer accepting connections."
time="2026-03-09T18:48:49-05:00" level=info msg="stats stopped: context canceled"
Starting server with Config HP="127.0.0.1:13322"|T="28800000"|R="false"|L="info"
time="2026-03-09T18:59:46-05:00" level=info msg="Server ready. Accepting connections."
time="2026-03-09T18:59:46-05:00" level=warning msg="secure_file_priv is set to \"\", which is insecure."
time="2026-03-09T18:59:46-05:00" level=warning msg="Any user with GRANT FILE privileges will be able to read any file which the sql-server process can read."
time="2026-03-09T18:59:46-05:00" level=warning msg="Please consider restarting the server with secure_file_priv set to a safe (or non-existent) directory."
time="2026-03-09T18:59:46-05:00" level=info msg=NewConnection DisableClientMultiStatements=false connectionID=1
time="2026-03-09T18:59:46-05:00" level=info msg=NewConnection DisableClientMultiStatements=false connectionID=2
time="2026-03-09T18:59:46-05:00" level=info msg=ConnectionClosed connectionID=2
time="2026-03-09T18:59:46-05:00" level=info msg=ConnectionClosed connectionID=1
time="2026-03-09T18:59:46-05:00" level=info msg=NewConnection DisableClientMultiStatements=false connectionID=3
time="2026-03-09T18:59:46-05:00" level=info msg=NewConnection DisableClientMultiStatements=false connectionID=4
time="2026-03-09T18:59:46-05:00" level=info msg=ConnectionClosed connectionID=3
time="2026-03-09T18:59:46-05:00" level=info msg=ConnectionClosed connectionID=4
time="2026-03-09T19:18:19-05:00" level=info msg=NewConnection DisableClientMultiStatements=false connectionID=5
time="2026-03-09T19:18:19-05:00" level=info msg=NewConnection DisableClientMultiStatements=false connectionID=6
time="2026-03-09T19:18:19-05:00" level=info msg=ConnectionClosed connectionID=5
time="2026-03-09T19:18:19-05:00" level=info msg=NewConnection DisableClientMultiStatements=false connectionID=7
time="2026-03-09T19:18:19-05:00" level=info msg=ConnectionClosed connectionID=6
time="2026-03-09T19:18:19-05:00" level=info msg=ConnectionClosed connectionID=7
time="2026-03-09T19:29:51-05:00" level=info msg=NewConnection DisableClientMultiStatements=false connectionID=8
time="2026-03-09T19:29:51-05:00" level=info msg=ConnectionClosed connectionID=8
time="2026-03-09T19:29:51-05:00" level=info msg="Server closing listener. No longer accepting connections."
time="2026-03-09T19:29:51-05:00" level=info msg="stats stopped: context canceled"
Starting server with Config HP="127.0.0.1:13322"|T="28800000"|R="false"|L="info"
time="2026-03-09T19:32:19-05:00" level=info msg="Server ready. Accepting connections."
time="2026-03-09T19:32:19-05:00" level=warning msg="secure_file_priv is set to \"\", which is insecure."
time="2026-03-09T19:32:19-05:00" level=warning msg="Any user with GRANT FILE privileges will be able to read any file which the sql-server process can read."
time="2026-03-09T19:32:19-05:00" level=warning msg="Please consider restarting the server with secure_file_priv set to a safe (or non-existent) directory."
time="2026-03-09T19:32:20-05:00" level=info msg=NewConnection DisableClientMultiStatements=false connectionID=1
time="2026-03-09T19:32:20-05:00" level=info msg=ConnectionClosed connectionID=1
time="2026-03-09T19:32:20-05:00" level=info msg=NewConnection DisableClientMultiStatements=false connectionID=2
time="2026-03-09T19:32:20-05:00" level=info msg=ConnectionClosed connectionID=2
time="2026-03-09T19:32:20-05:00" level=info msg=NewConnection DisableClientMultiStatements=false connectionID=3
time="2026-03-09T19:32:20-05:00" level=info msg=NewConnection DisableClientMultiStatements=false connectionID=4
time="2026-03-09T19:32:20-05:00" level=info msg=ConnectionClosed connectionID=3
time="2026-03-09T19:32:20-05:00" level=info msg=ConnectionClosed connectionID=4
time="2026-03-09T19:36:41-05:00" level=info msg=NewConnection DisableClientMultiStatements=false connectionID=5
time="2026-03-09T19:36:41-05:00" level=info msg=ConnectionClosed connectionID=5
time="2026-03-09T19:36:41-05:00" level=info msg=NewConnection DisableClientMultiStatements=false connectionID=6
time="2026-03-09T19:36:41-05:00" level=info msg=NewConnection DisableClientMultiStatements=false connectionID=7
time="2026-03-09T19:36:41-05:00" level=info msg=ConnectionClosed connectionID=6
time="2026-03-09T19:36:41-05:00" level=warning msg="error running query" connectTime="2026-03-09 19:36:41.054104 -0500 CDT m=+261.293072168" connectionDb=beads_GrowWise connectionID=7 error="nothing to commit" queryTime="2026-03-09 19:36:41.066569 -0500 CDT m=+261.305537293"
time="2026-03-09T19:36:41-05:00" level=info msg=NewConnection DisableClientMultiStatements=false connectionID=8
time="2026-03-09T19:36:41-05:00" level=info msg=ConnectionClosed connectionID=8
time="2026-03-09T19:36:41-05:00" level=info msg=ConnectionClosed connectionID=7
time="2026-03-09T19:36:45-05:00" level=info msg=NewConnection DisableClientMultiStatements=false connectionID=9
time="2026-03-09T19:36:45-05:00" level=info msg=ConnectionClosed connectionID=9
time="2026-03-09T19:36:45-05:00" level=info msg=NewConnection DisableClientMultiStatements=false connectionID=10
time="2026-03-09T19:36:45-05:00" level=info msg=NewConnection DisableClientMultiStatements=false connectionID=11
time="2026-03-09T19:36:45-05:00" level=info msg=ConnectionClosed connectionID=10
time="2026-03-09T19:36:45-05:00" level=warning msg="error running query" connectTime="2026-03-09 19:36:45.154666 -0500 CDT m=+265.393627418" connectionDb=beads_GrowWise connectionID=11 error="nothing to commit" queryTime="2026-03-09 19:36:45.162709 -0500 CDT m=+265.401670626"
time="2026-03-09T19:36:45-05:00" level=info msg=ConnectionClosed connectionID=11
time="2026-03-09T19:36:47-05:00" level=info msg=NewConnection DisableClientMultiStatements=false connectionID=12
time="2026-03-09T19:36:47-05:00" level=info msg=ConnectionClosed connectionID=12
time="2026-03-09T19:36:47-05:00" level=info msg=NewConnection DisableClientMultiStatements=false connectionID=13
time="2026-03-09T19:36:47-05:00" level=info msg=NewConnection DisableClientMultiStatements=false connectionID=14
time="2026-03-09T19:36:47-05:00" level=info msg=ConnectionClosed connectionID=13
time="2026-03-09T19:36:47-05:00" level=warning msg="error running query" connectTime="2026-03-09 19:36:47.934136 -0500 CDT m=+268.173092793" connectionDb=beads_GrowWise connectionID=14 error="nothing to commit" queryTime="2026-03-09 19:36:47.941395 -0500 CDT m=+268.180351793"
time="2026-03-09T19:36:47-05:00" level=info msg=ConnectionClosed connectionID=14
time="2026-03-09T19:40:37-05:00" level=info msg=NewConnection DisableClientMultiStatements=false connectionID=15
time="2026-03-09T19:40:37-05:00" level=info msg=NewConnection DisableClientMultiStatements=false connectionID=16
time="2026-03-09T19:40:37-05:00" level=info msg=NewConnection DisableClientMultiStatements=false connectionID=17
time="2026-03-09T19:40:37-05:00" level=info msg=ConnectionClosed connectionID=16
time="2026-03-09T19:40:37-05:00" level=info msg=ConnectionClosed connectionID=15
time="2026-03-09T19:40:37-05:00" level=info msg=NewConnection DisableClientMultiStatements=false connectionID=18
time="2026-03-09T19:40:37-05:00" level=info msg=NewConnection DisableClientMultiStatements=false connectionID=19
time="2026-03-09T19:40:37-05:00" level=info msg=NewConnection DisableClientMultiStatements=false connectionID=20
time="2026-03-09T19:40:37-05:00" level=info msg=ConnectionClosed connectionID=17
time="2026-03-09T19:40:37-05:00" level=info msg=ConnectionClosed connectionID=18
time="2026-03-09T19:40:37-05:00" level=warning msg="error running query" connectTime="2026-03-09 19:40:37.680184 -0500 CDT m=+497.918731251" connectionDb=beads_GrowWise connectionID=20 error="nothing to commit" queryTime="2026-03-09 19:40:37.687537 -0500 CDT m=+497.926083709"
time="2026-03-09T19:40:37-05:00" level=warning msg="error running query" connectTime="2026-03-09 19:40:37.680122 -0500 CDT m=+497.918669126" connectionDb=beads_GrowWise connectionID=19 error="nothing to commit" queryTime="2026-03-09 19:40:37.692551 -0500 CDT m=+497.931098334"
time="2026-03-09T19:40:37-05:00" level=info msg=ConnectionClosed connectionID=20
time="2026-03-09T19:40:37-05:00" level=info msg=ConnectionClosed connectionID=19
time="2026-03-09T19:42:35-05:00" level=info msg=NewConnection DisableClientMultiStatements=false connectionID=22
time="2026-03-09T19:42:35-05:00" level=info msg=NewConnection DisableClientMultiStatements=false connectionID=21
time="2026-03-09T19:42:35-05:00" level=info msg=ConnectionClosed connectionID=22
time="2026-03-09T19:42:35-05:00" level=info msg=ConnectionClosed connectionID=21
time="2026-03-09T19:42:35-05:00" level=info msg=NewConnection DisableClientMultiStatements=false connectionID=23
time="2026-03-09T19:42:35-05:00" level=info msg=NewConnection DisableClientMultiStatements=false connectionID=24
time="2026-03-09T19:42:35-05:00" level=info msg=NewConnection DisableClientMultiStatements=false connectionID=25
time="2026-03-09T19:42:35-05:00" level=info msg=NewConnection DisableClientMultiStatements=false connectionID=26
time="2026-03-09T19:42:35-05:00" level=info msg=ConnectionClosed connectionID=23
time="2026-03-09T19:42:35-05:00" level=info msg=ConnectionClosed connectionID=24
time="2026-03-09T19:42:35-05:00" level=warning msg="error running query" connectTime="2026-03-09 19:42:35.13219 -0500 CDT m=+615.370526834" connectionDb=beads_GrowWise connectionID=26 error="nothing to commit" queryTime="2026-03-09 19:42:35.141348 -0500 CDT m=+615.379684793"
time="2026-03-09T19:42:35-05:00" level=warning msg="error running query" connectTime="2026-03-09 19:42:35.131655 -0500 CDT m=+615.369992043" connectionDb=beads_GrowWise connectionID=25 error="nothing to commit" queryTime="2026-03-09 19:42:35.145335 -0500 CDT m=+615.383672168"
time="2026-03-09T19:42:35-05:00" level=info msg=ConnectionClosed connectionID=25
time="2026-03-09T19:42:35-05:00" level=info msg=ConnectionClosed connectionID=26
time="2026-03-09T19:43:29-05:00" level=info msg=NewConnection DisableClientMultiStatements=false connectionID=27
time="2026-03-09T19:43:29-05:00" level=info msg=ConnectionClosed connectionID=27
time="2026-03-09T19:43:29-05:00" level=info msg=NewConnection DisableClientMultiStatements=false connectionID=28
time="2026-03-09T19:43:29-05:00" level=info msg=NewConnection DisableClientMultiStatements=false connectionID=29
time="2026-03-09T19:43:29-05:00" level=info msg=ConnectionClosed connectionID=28
time="2026-03-09T19:43:29-05:00" level=warning msg="error running query" connectTime="2026-03-09 19:43:29.655201 -0500 CDT m=+669.893440626" connectionDb=beads_GrowWise connectionID=29 error="nothing to commit" queryTime="2026-03-09 19:43:29.663786 -0500 CDT m=+669.902025501"
time="2026-03-09T19:43:29-05:00" level=info msg=NewConnection DisableClientMultiStatements=false connectionID=30
time="2026-03-09T19:43:29-05:00" level=info msg=ConnectionClosed connectionID=30
time="2026-03-09T19:43:29-05:00" level=info msg=ConnectionClosed connectionID=29
time="2026-03-09T19:43:32-05:00" level=info msg=NewConnection DisableClientMultiStatements=false connectionID=31
time="2026-03-09T19:43:32-05:00" level=info msg=ConnectionClosed connectionID=31
time="2026-03-09T19:43:32-05:00" level=info msg=NewConnection DisableClientMultiStatements=false connectionID=32
time="2026-03-09T19:43:32-05:00" level=info msg=NewConnection DisableClientMultiStatements=false connectionID=33
time="2026-03-09T19:43:32-05:00" level=info msg=ConnectionClosed connectionID=32
time="2026-03-09T19:43:32-05:00" level=warning msg="error running query" connectTime="2026-03-09 19:43:32.441939 -0500 CDT m=+672.680173376" connectionDb=beads_GrowWise connectionID=33 error="nothing to commit" queryTime="2026-03-09 19:43:32.448746 -0500 CDT m=+672.686980751"
time="2026-03-09T19:43:32-05:00" level=info msg=ConnectionClosed connectionID=33
time="2026-03-09T19:43:34-05:00" level=info msg=NewConnection DisableClientMultiStatements=false connectionID=34
time="2026-03-09T19:43:34-05:00" level=info msg=ConnectionClosed connectionID=34
time="2026-03-09T19:43:34-05:00" level=info msg=NewConnection DisableClientMultiStatements=false connectionID=35
time="2026-03-09T19:43:34-05:00" level=info msg=NewConnection DisableClientMultiStatements=false connectionID=36
time="2026-03-09T19:43:34-05:00" level=info msg=ConnectionClosed connectionID=35
time="2026-03-09T19:43:34-05:00" level=warning msg="error running query" connectTime="2026-03-09 19:43:34.671001 -0500 CDT m=+674.909231626" connectionDb=beads_GrowWise connectionID=36 error="nothing to commit" queryTime="2026-03-09 19:43:34.678617 -0500 CDT m=+674.916847168"
time="2026-03-09T19:43:34-05:00" level=info msg=ConnectionClosed connectionID=36
time="2026-03-09T19:43:36-05:00" level=info msg=NewConnection DisableClientMultiStatements=false connectionID=37
time="2026-03-09T19:43:36-05:00" level=info msg=ConnectionClosed connectionID=37
time="2026-03-09T19:43:36-05:00" level=info msg=NewConnection DisableClientMultiStatements=false connectionID=38
time="2026-03-09T19:43:36-05:00" level=info msg=NewConnection DisableClientMultiStatements=false connectionID=39
time="2026-03-09T19:43:36-05:00" level=info msg=ConnectionClosed connectionID=38
time="2026-03-09T19:43:36-05:00" level=warning msg="error running query" connectTime="2026-03-09 19:43:36.862948 -0500 CDT m=+677.101174626" connectionDb=beads_GrowWise connectionID=39 error="nothing to commit" queryTime="2026-03-09 19:43:36.869592 -0500 CDT m=+677.107818126"
time="2026-03-09T19:43:36-05:00" level=info msg=ConnectionClosed connectionID=39
time="2026-03-09T19:43:40-05:00" level=info msg=NewConnection DisableClientMultiStatements=false connectionID=40
time="2026-03-09T19:43:40-05:00" level=info msg=ConnectionClosed connectionID=40
time="2026-03-09T19:43:40-05:00" level=info msg=NewConnection DisableClientMultiStatements=false connectionID=41
time="2026-03-09T19:43:40-05:00" level=info msg=NewConnection DisableClientMultiStatements=false connectionID=42
time="2026-03-09T19:43:40-05:00" level=info msg=ConnectionClosed connectionID=41
time="2026-03-09T19:43:40-05:00" level=warning msg="error running query" connectTime="2026-03-09 19:43:40.696303 -0500 CDT m=+680.934522793" connectionDb=beads_GrowWise connectionID=42 error="nothing to commit" queryTime="2026-03-09 19:43:40.703819 -0500 CDT m=+680.942039001"
time="2026-03-09T19:43:40-05:00" level=info msg=ConnectionClosed connectionID=42
time="2026-03-09T19:43:43-05:00" level=info msg=NewConnection DisableClientMultiStatements=false connectionID=43
time="2026-03-09T19:43:43-05:00" level=info msg=ConnectionClosed connectionID=43
time="2026-03-09T19:43:43-05:00" level=info msg=NewConnection DisableClientMultiStatements=false connectionID=44
time="2026-03-09T19:43:43-05:00" level=info msg=NewConnection DisableClientMultiStatements=false connectionID=45
time="2026-03-09T19:43:43-05:00" level=info msg=ConnectionClosed connectionID=44
time="2026-03-09T19:43:43-05:00" level=warning msg="error running query" connectTime="2026-03-09 19:43:43.037373 -0500 CDT m=+683.275588418" connectionDb=beads_GrowWise connectionID=45 error="nothing to commit" queryTime="2026-03-09 19:43:43.046002 -0500 CDT m=+683.284217668"
time="2026-03-09T19:43:43-05:00" level=info msg=ConnectionClosed connectionID=45
time="2026-03-09T19:43:45-05:00" level=info msg=NewConnection DisableClientMultiStatements=false connectionID=46
time="2026-03-09T19:43:45-05:00" level=info msg=ConnectionClosed connectionID=46
time="2026-03-09T19:43:45-05:00" level=info msg=NewConnection DisableClientMultiStatements=false connectionID=47
time="2026-03-09T19:43:45-05:00" level=info msg=NewConnection DisableClientMultiStatements=false connectionID=48
time="2026-03-09T19:43:45-05:00" level=info msg=ConnectionClosed connectionID=47
time="2026-03-09T19:43:45-05:00" level=warning msg="error running query" connectTime="2026-03-09 19:43:45.452861 -0500 CDT m=+685.691072418" connectionDb=beads_GrowWise connectionID=48 error="nothing to commit" queryTime="2026-03-09 19:43:45.460275 -0500 CDT m=+685.698486293"
time="2026-03-09T19:43:45-05:00" level=info msg=ConnectionClosed connectionID=48
time="2026-03-09T19:43:47-05:00" level=info msg=NewConnection DisableClientMultiStatements=false connectionID=49
time="2026-03-09T19:43:47-05:00" level=info msg=ConnectionClosed connectionID=49
time="2026-03-09T19:43:47-05:00" level=info msg=NewConnection DisableClientMultiStatements=false connectionID=50
time="2026-03-09T19:43:47-05:00" level=info msg=NewConnection DisableClientMultiStatements=false connectionID=51
time="2026-03-09T19:43:47-05:00" level=info msg=ConnectionClosed connectionID=50
time="2026-03-09T19:43:47-05:00" level=warning msg="error running query" connectTime="2026-03-09 19:43:47.557644 -0500 CDT m=+687.795851251" connectionDb=beads_GrowWise connectionID=51 error="nothing to commit" queryTime="2026-03-09 19:43:47.566333 -0500 CDT m=+687.804540459"
time="2026-03-09T19:43:47-05:00" level=info msg=ConnectionClosed connectionID=51
time="2026-03-09T19:43:54-05:00" level=info msg=NewConnection DisableClientMultiStatements=false connectionID=52
time="2026-03-09T19:43:54-05:00" level=info msg=ConnectionClosed connectionID=52
time="2026-03-09T19:43:54-05:00" level=info msg=NewConnection DisableClientMultiStatements=false connectionID=53
time="2026-03-09T19:43:54-05:00" level=info msg=NewConnection DisableClientMultiStatements=false connectionID=54
time="2026-03-09T19:43:54-05:00" level=info msg=ConnectionClosed connectionID=53
time="2026-03-09T19:43:54-05:00" level=warning msg="error running query" connectTime="2026-03-09 19:43:54.270879 -0500 CDT m=+694.509074334" connectionDb=beads_GrowWise connectionID=54 error="nothing to commit" queryTime="2026-03-09 19:43:54.278864 -0500 CDT m=+694.517059959"
time="2026-03-09T19:43:54-05:00" level=info msg=ConnectionClosed connectionID=54
time="2026-03-09T19:43:58-05:00" level=info msg=NewConnection DisableClientMultiStatements=false connectionID=55
time="2026-03-09T19:43:58-05:00" level=info msg=ConnectionClosed connectionID=55
time="2026-03-09T19:43:58-05:00" level=info msg=NewConnection DisableClientMultiStatements=false connectionID=56
time="2026-03-09T19:43:58-05:00" level=info msg=NewConnection DisableClientMultiStatements=false connectionID=57
time="2026-03-09T19:43:58-05:00" level=info msg=ConnectionClosed connectionID=56
time="2026-03-09T19:43:58-05:00" level=warning msg="error running query" connectTime="2026-03-09 19:43:58.651628 -0500 CDT m=+698.889816084" connectionDb=beads_GrowWise connectionID=57 error="nothing to commit" queryTime="2026-03-09 19:43:58.659062 -0500 CDT m=+698.897249918"
time="2026-03-09T19:43:58-05:00" level=info msg=ConnectionClosed connectionID=57
time="2026-03-09T19:44:01-05:00" level=info msg=NewConnection DisableClientMultiStatements=false connectionID=58
time="2026-03-09T19:44:01-05:00" level=info msg=NewConnection DisableClientMultiStatements=false connectionID=59
time="2026-03-09T19:44:01-05:00" level=info msg=ConnectionClosed connectionID=58
time="2026-03-09T19:44:01-05:00" level=info msg=NewConnection DisableClientMultiStatements=false connectionID=60
time="2026-03-09T19:44:01-05:00" level=info msg=ConnectionClosed connectionID=59
time="2026-03-09T19:44:01-05:00" level=warning msg="error running query" connectTime="2026-03-09 19:44:01.586125 -0500 CDT m=+701.824307168" connectionDb=beads_GrowWise connectionID=60 error="nothing to commit" queryTime="2026-03-09 19:44:01.593396 -0500 CDT m=+701.831578418"
time="2026-03-09T19:44:01-05:00" level=info msg=ConnectionClosed connectionID=60
time="2026-03-09T19:44:06-05:00" level=info msg=NewConnection DisableClientMultiStatements=false connectionID=61
time="2026-03-09T19:44:06-05:00" level=info msg=ConnectionClosed connectionID=61
time="2026-03-09T19:44:06-05:00" level=info msg=NewConnection DisableClientMultiStatements=false connectionID=62
time="2026-03-09T19:44:06-05:00" level=info msg=NewConnection DisableClientMultiStatements=false connectionID=63
time="2026-03-09T19:44:06-05:00" level=info msg=ConnectionClosed connectionID=62
time="2026-03-09T19:44:06-05:00" level=warning msg="error running query" connectTime="2026-03-09 19:44:06.035531 -0500 CDT m=+706.273705168" connectionDb=beads_GrowWise connectionID=63 error="nothing to commit" queryTime="2026-03-09 19:44:06.042996 -0500 CDT m=+706.281170918"
time="2026-03-09T19:44:06-05:00" level=info msg=ConnectionClosed connectionID=63
time="2026-03-09T19:44:21-05:00" level=info msg=NewConnection DisableClientMultiStatements=false connectionID=64
time="2026-03-09T19:44:21-05:00" level=info msg=ConnectionClosed connectionID=64
time="2026-03-09T19:44:21-05:00" level=info msg=NewConnection DisableClientMultiStatements=false connectionID=65
time="2026-03-09T19:44:21-05:00" level=info msg=NewConnection DisableClientMultiStatements=false connectionID=66
time="2026-03-09T19:44:21-05:00" level=info msg=ConnectionClosed connectionID=65
time="2026-03-09T19:44:21-05:00" level=warning msg="error running query" connectTime="2026-03-09 19:44:21.457657 -0500 CDT m=+721.695803834" connectionDb=beads_GrowWise connectionID=66 error="nothing to commit" queryTime="2026-03-09 19:44:21.464813 -0500 CDT m=+721.702959459"
time="2026-03-09T19:44:21-05:00" level=info msg=ConnectionClosed connectionID=66
time="2026-03-09T19:44:21-05:00" level=info msg=NewConnection DisableClientMultiStatements=false connectionID=67
time="2026-03-09T19:44:21-05:00" level=info msg=ConnectionClosed connectionID=67
time="2026-03-09T19:44:21-05:00" level=info msg=NewConnection DisableClientMultiStatements=false connectionID=68
time="2026-03-09T19:44:21-05:00" level=info msg=NewConnection DisableClientMultiStatements=false connectionID=69
time="2026-03-09T19:44:21-05:00" level=info msg=ConnectionClosed connectionID=68
time="2026-03-09T19:44:21-05:00" level=warning msg="error running query" connectTime="2026-03-09 19:44:21.57517 -0500 CDT m=+721.813316918" connectionDb=beads_GrowWise connectionID=69 error="nothing to commit" queryTime="2026-03-09 19:44:21.581775 -0500 CDT m=+721.819921501"
time="2026-03-09T19:44:21-05:00" level=info msg=ConnectionClosed connectionID=69
time="2026-03-09T19:44:21-05:00" level=info msg=NewConnection DisableClientMultiStatements=false connectionID=70
time="2026-03-09T19:44:21-05:00" level=info msg=ConnectionClosed connectionID=70
time="2026-03-09T19:44:21-05:00" level=info msg=NewConnection DisableClientMultiStatements=false connectionID=71
time="2026-03-09T19:44:21-05:00" level=info msg=NewConnection DisableClientMultiStatements=false connectionID=72
time="2026-03-09T19:44:21-05:00" level=info msg=ConnectionClosed connectionID=71
time="2026-03-09T19:44:21-05:00" level=warning msg="error running query" connectTime="2026-03-09 19:44:21.689274 -0500 CDT m=+721.927420376" connectionDb=beads_GrowWise connectionID=72 error="nothing to commit" queryTime="2026-03-09 19:44:21.69696 -0500 CDT m=+721.935106501"
time="2026-03-09T19:44:21-05:00" level=info msg=ConnectionClosed connectionID=72
time="2026-03-09T19:44:21-05:00" level=info msg=NewConnection DisableClientMultiStatements=false connectionID=73
time="2026-03-09T19:44:21-05:00" level=info msg=ConnectionClosed connectionID=73
time="2026-03-09T19:44:21-05:00" level=info msg=NewConnection DisableClientMultiStatements=false connectionID=74
time="2026-03-09T19:44:21-05:00" level=info msg=NewConnection DisableClientMultiStatements=false connectionID=75
time="2026-03-09T19:44:21-05:00" level=info msg=ConnectionClosed connectionID=74
time="2026-03-09T19:44:21-05:00" level=warning msg="error running query" connectTime="2026-03-09 19:44:21.804726 -0500 CDT m=+722.042872126" connectionDb=beads_GrowWise connectionID=75 error="nothing to commit" queryTime="2026-03-09 19:44:21.811801 -0500 CDT m=+722.049947251"
time="2026-03-09T19:44:21-05:00" level=info msg=ConnectionClosed connectionID=75
time="2026-03-09T19:44:21-05:00" level=info msg=NewConnection DisableClientMultiStatements=false connectionID=76
time="2026-03-09T19:44:21-05:00" level=info msg=ConnectionClosed connectionID=76
time="2026-03-09T19:44:21-05:00" level=info msg=NewConnection DisableClientMultiStatements=false connectionID=77
time="2026-03-09T19:44:21-05:00" level=info msg=NewConnection DisableClientMultiStatements=false connectionID=78
time="2026-03-09T19:44:21-05:00" level=info msg=ConnectionClosed connectionID=77
time="2026-03-09T19:44:21-05:00" level=warning msg="error running query" connectTime="2026-03-09 19:44:21.917906 -0500 CDT m=+722.156052334" connectionDb=beads_GrowWise connectionID=78 error="nothing to commit" queryTime="2026-03-09 19:44:21.92592 -0500 CDT m=+722.164065876"
time="2026-03-09T19:44:21-05:00" level=info msg=ConnectionClosed connectionID=78
time="2026-03-09T19:44:22-05:00" level=info msg=NewConnection DisableClientMultiStatements=false connectionID=79
time="2026-03-09T19:44:22-05:00" level=info msg=ConnectionClosed connectionID=79
time="2026-03-09T19:44:22-05:00" level=info msg=NewConnection DisableClientMultiStatements=false connectionID=80
time="2026-03-09T19:44:22-05:00" level=info msg=NewConnection DisableClientMultiStatements=false connectionID=81
time="2026-03-09T19:44:22-05:00" level=info msg=ConnectionClosed connectionID=80
time="2026-03-09T19:44:22-05:00" level=warning msg="error running query" connectTime="2026-03-09 19:44:22.034793 -0500 CDT m=+722.272938626" connectionDb=beads_GrowWise connectionID=81 error="nothing to commit" queryTime="2026-03-09 19:44:22.042025 -0500 CDT m=+722.280171168"
time="2026-03-09T19:44:22-05:00" level=info msg=ConnectionClosed connectionID=81
time="2026-03-09T19:44:22-05:00" level=info msg=NewConnection DisableClientMultiStatements=false connectionID=82
time="2026-03-09T19:44:22-05:00" level=info msg=ConnectionClosed connectionID=82
time="2026-03-09T19:44:22-05:00" level=info msg=NewConnection DisableClientMultiStatements=false connectionID=83
time="2026-03-09T19:44:22-05:00" level=info msg=NewConnection DisableClientMultiStatements=false connectionID=84
time="2026-03-09T19:44:22-05:00" level=info msg=ConnectionClosed connectionID=83
time="2026-03-09T19:44:22-05:00" level=warning msg="error running query" connectTime="2026-03-09 19:44:22.147605 -0500 CDT m=+722.385751209" connectionDb=beads_GrowWise connectionID=84 error="nothing to commit" queryTime="2026-03-09 19:44:22.153955 -0500 CDT m=+722.392101209"
time="2026-03-09T19:44:22-05:00" level=info msg=ConnectionClosed connectionID=84
time="2026-03-09T19:44:22-05:00" level=info msg=NewConnection DisableClientMultiStatements=false connectionID=85
time="2026-03-09T19:44:22-05:00" level=info msg=ConnectionClosed connectionID=85
time="2026-03-09T19:44:22-05:00" level=info msg=NewConnection DisableClientMultiStatements=false connectionID=86
time="2026-03-09T19:44:22-05:00" level=info msg=NewConnection DisableClientMultiStatements=false connectionID=87
time="2026-03-09T19:44:22-05:00" level=info msg=ConnectionClosed connectionID=86
time="2026-03-09T19:44:22-05:00" level=warning msg="error running query" connectTime="2026-03-09 19:44:22.262567 -0500 CDT m=+722.500712834" connectionDb=beads_GrowWise connectionID=87 error="nothing to commit" queryTime="2026-03-09 19:44:22.268703 -0500 CDT m=+722.506848918"
time="2026-03-09T19:44:22-05:00" level=info msg=ConnectionClosed connectionID=87
time="2026-03-09T19:49:14-05:00" level=info msg=NewConnection DisableClientMultiStatements=false connectionID=88
time="2026-03-09T19:49:14-05:00" level=info msg=ConnectionClosed connectionID=88
time="2026-03-09T19:49:14-05:00" level=info msg=NewConnection DisableClientMultiStatements=false connectionID=89
time="2026-03-09T19:49:14-05:00" level=info msg=NewConnection DisableClientMultiStatements=false connectionID=90
time="2026-03-09T19:49:14-05:00" level=info msg=ConnectionClosed connectionID=89
time="2026-03-09T19:49:14-05:00" level=info msg=ConnectionClosed connectionID=90
time="2026-03-09T20:00:35-05:00" level=info msg=NewConnection DisableClientMultiStatements=false connectionID=91
time="2026-03-09T20:00:35-05:00" level=info msg=NewConnection DisableClientMultiStatements=false connectionID=92
time="2026-03-09T20:00:35-05:00" level=info msg=ConnectionClosed connectionID=91
time="2026-03-09T20:00:35-05:00" level=info msg=NewConnection DisableClientMultiStatements=false connectionID=93
time="2026-03-09T20:00:35-05:00" level=info msg=ConnectionClosed connectionID=92
time="2026-03-09T20:00:35-05:00" level=warning msg="error running query" connectTime="2026-03-09 20:00:35.757993 -0500 CDT m=+1695.994399168" connectionDb=beads_GrowWise connectionID=93 error="nothing to commit" queryTime="2026-03-09 20:00:35.780015 -0500 CDT m=+1696.016421334"
time="2026-03-09T20:00:35-05:00" level=info msg=NewConnection DisableClientMultiStatements=false connectionID=94
time="2026-03-09T20:00:35-05:00" level=info msg=ConnectionClosed connectionID=94
time="2026-03-09T20:00:35-05:00" level=info msg=ConnectionClosed connectionID=93
time="2026-03-09T20:00:35-05:00" level=info msg=NewConnection DisableClientMultiStatements=false connectionID=95
time="2026-03-09T20:00:35-05:00" level=info msg=ConnectionClosed connectionID=95
time="2026-03-09T20:00:35-05:00" level=info msg=NewConnection DisableClientMultiStatements=false connectionID=96
time="2026-03-09T20:00:35-05:00" level=info msg=NewConnection DisableClientMultiStatements=false connectionID=97
time="2026-03-09T20:00:35-05:00" level=info msg=ConnectionClosed connectionID=96
time="2026-03-09T20:00:36-05:00" level=warning msg="error running query" connectTime="2026-03-09 20:00:35.998435 -0500 CDT m=+1696.234840834" connectionDb=beads_GrowWise connectionID=97 error="nothing to commit" queryTime="2026-03-09 20:00:36.00878 -0500 CDT m=+1696.245185459"
time="2026-03-09T20:00:36-05:00" level=info msg=ConnectionClosed connectionID=97
time="2026-03-09T20:03:08-05:00" level=info msg=NewConnection DisableClientMultiStatements=false connectionID=98
time="2026-03-09T20:03:08-05:00" level=info msg=ConnectionClosed connectionID=98
time="2026-03-09T20:03:08-05:00" level=info msg=NewConnection DisableClientMultiStatements=false connectionID=99
time="2026-03-09T20:03:08-05:00" level=info msg=NewConnection DisableClientMultiStatements=false connectionID=100
time="2026-03-09T20:03:08-05:00" level=info msg=ConnectionClosed connectionID=99
time="2026-03-09T20:03:08-05:00" level=warning msg="error running query" connectTime="2026-03-09 20:03:08.139932 -0500 CDT m=+1848.376065501" connectionDb=beads_GrowWise connectionID=100 error="nothing to commit" queryTime="2026-03-09 20:03:08.149793 -0500 CDT m=+1848.385927251"
time="2026-03-09T20:03:08-05:00" level=info msg=ConnectionClosed connectionID=100
time="2026-03-09T20:03:08-05:00" level=info msg=NewConnection DisableClientMultiStatements=false connectionID=101
time="2026-03-09T20:03:08-05:00" level=info msg=ConnectionClosed connectionID=101
time="2026-03-09T20:03:08-05:00" level=info msg=NewConnection DisableClientMultiStatements=false connectionID=102
time="2026-03-09T20:03:08-05:00" level=info msg=NewConnection DisableClientMultiStatements=false connectionID=103
time="2026-03-09T20:03:08-05:00" level=info msg=ConnectionClosed connectionID=102
time="2026-03-09T20:03:08-05:00" level=warning msg="error running query" connectTime="2026-03-09 20:03:08.248011 -0500 CDT m=+1848.484145043" connectionDb=beads_GrowWise connectionID=103 error="nothing to commit" queryTime="2026-03-09 20:03:08.255234 -0500 CDT m=+1848.491367834"
time="2026-03-09T20:03:08-05:00" level=info msg=ConnectionClosed connectionID=103
time="2026-03-09T20:06:06-05:00" level=info msg=NewConnection DisableClientMultiStatements=false connectionID=104
time="2026-03-09T20:06:06-05:00" level=info msg=ConnectionClosed connectionID=104
time="2026-03-09T20:06:06-05:00" level=info msg=NewConnection DisableClientMultiStatements=false connectionID=105
time="2026-03-09T20:06:06-05:00" level=info msg=NewConnection DisableClientMultiStatements=false connectionID=106
time="2026-03-09T20:06:06-05:00" level=info msg=ConnectionClosed connectionID=105
time="2026-03-09T20:06:06-05:00" level=warning msg="error running query" connectTime="2026-03-09 20:06:06.330973 -0500 CDT m=+2026.571195876" connectionDb=beads_GrowWise connectionID=106 error="nothing to commit" queryTime="2026-03-09 20:06:06.341196 -0500 CDT m=+2026.581419751"
time="2026-03-09T20:06:06-05:00" level=info msg=NewConnection DisableClientMultiStatements=false connectionID=107
time="2026-03-09T20:06:06-05:00" level=info msg=ConnectionClosed connectionID=107
time="2026-03-09T20:06:06-05:00" level=info msg=ConnectionClosed connectionID=106
time="2026-03-09T20:06:06-05:00" level=info msg=NewConnection DisableClientMultiStatements=false connectionID=108
time="2026-03-09T20:06:06-05:00" level=info msg=ConnectionClosed connectionID=108
time="2026-03-09T20:06:06-05:00" level=info msg=NewConnection DisableClientMultiStatements=false connectionID=109
time="2026-03-09T20:06:06-05:00" level=info msg=NewConnection DisableClientMultiStatements=false connectionID=110
time="2026-03-09T20:06:06-05:00" level=info msg=ConnectionClosed connectionID=109
time="2026-03-09T20:06:06-05:00" level=warning msg="error running query" connectTime="2026-03-09 20:06:06.490868 -0500 CDT m=+2026.731091084" connectionDb=beads_GrowWise connectionID=110 error="nothing to commit" queryTime="2026-03-09 20:06:06.498107 -0500 CDT m=+2026.738329751"
time="2026-03-09T20:06:06-05:00" level=info msg=ConnectionClosed connectionID=110
time="2026-03-09T20:12:55-05:00" level=info msg=NewConnection DisableClientMultiStatements=false connectionID=111
time="2026-03-09T20:12:55-05:00" level=info msg=ConnectionClosed connectionID=111
time="2026-03-09T20:12:55-05:00" level=info msg="Server closing listener. No longer accepting connections."
time="2026-03-09T20:12:55-05:00" level=info msg="stats stopped: context canceled"
Starting server with Config HP="127.0.0.1:13322"|T="28800000"|R="false"|L="info"
time="2026-03-09T20:18:15-05:00" level=info msg="Server ready. Accepting connections."
time="2026-03-09T20:18:15-05:00" level=warning msg="secure_file_priv is set to \"\", which is insecure."
time="2026-03-09T20:18:15-05:00" level=warning msg="Any user with GRANT FILE privileges will be able to read any file which the sql-server process can read."
time="2026-03-09T20:18:15-05:00" level=warning msg="Please consider restarting the server with secure_file_priv set to a safe (or non-existent) directory."
time="2026-03-09T20:18:15-05:00" level=info msg=NewConnection DisableClientMultiStatements=false connectionID=1
time="2026-03-09T20:18:15-05:00" level=info msg=ConnectionClosed connectionID=1
time="2026-03-09T20:18:15-05:00" level=info msg=NewConnection DisableClientMultiStatements=false connectionID=2
time="2026-03-09T20:18:15-05:00" level=info msg=ConnectionClosed connectionID=2
time="2026-03-09T20:18:15-05:00" level=info msg=NewConnection DisableClientMultiStatements=false connectionID=3
time="2026-03-09T20:18:15-05:00" level=info msg=NewConnection DisableClientMultiStatements=false connectionID=4
time="2026-03-09T20:18:15-05:00" level=info msg=ConnectionClosed connectionID=3
time="2026-03-09T20:18:15-05:00" level=info msg=ConnectionClosed connectionID=4
time="2026-03-09T20:48:58-05:00" level=info msg=NewConnection DisableClientMultiStatements=false connectionID=5
time="2026-03-09T20:48:58-05:00" level=info msg=ConnectionClosed connectionID=5
time="2026-03-09T20:48:58-05:00" level=info msg="Server closing listener. No longer accepting connections."
time="2026-03-09T20:48:58-05:00" level=info msg="stats stopped: context canceled"
Starting server with Config HP="127.0.0.1:13322"|T="28800000"|R="false"|L="info"
time="2026-03-09T20:55:13-05:00" level=info msg="Server ready. Accepting connections."
time="2026-03-09T20:55:13-05:00" level=warning msg="secure_file_priv is set to \"\", which is insecure."
time="2026-03-09T20:55:13-05:00" level=warning msg="Any user with GRANT FILE privileges will be able to read any file which the sql-server process can read."
time="2026-03-09T20:55:13-05:00" level=warning msg="Please consider restarting the server with secure_file_priv set to a safe (or non-existent) directory."
time="2026-03-09T20:55:13-05:00" level=info msg=NewConnection DisableClientMultiStatements=false connectionID=1
time="2026-03-09T20:55:13-05:00" level=info msg=ConnectionClosed connectionID=1
time="2026-03-09T20:55:13-05:00" level=info msg=NewConnection DisableClientMultiStatements=false connectionID=2
time="2026-03-09T20:55:13-05:00" level=info msg=ConnectionClosed connectionID=2
time="2026-03-09T20:55:13-05:00" level=info msg=NewConnection DisableClientMultiStatements=false connectionID=3
time="2026-03-09T20:55:13-05:00" level=info msg=NewConnection DisableClientMultiStatements=false connectionID=4
time="2026-03-09T20:55:13-05:00" level=info msg=ConnectionClosed connectionID=3
time="2026-03-09T20:55:13-05:00" level=warning msg="error running query" connectTime="2026-03-09 20:55:13.796695 -0500 CDT m=+0.501232292" connectionDb=beads_GrowWise connectionID=4 error="nothing to commit" queryTime="2026-03-09 20:55:13.808563 -0500 CDT m=+0.513100251"
time="2026-03-09T20:55:13-05:00" level=info msg=NewConnection DisableClientMultiStatements=false connectionID=5
time="2026-03-09T20:55:13-05:00" level=info msg=ConnectionClosed connectionID=5
time="2026-03-09T20:55:13-05:00" level=info msg=ConnectionClosed connectionID=4
time="2026-03-09T20:55:14-05:00" level=info msg=NewConnection DisableClientMultiStatements=false connectionID=6
time="2026-03-09T20:55:14-05:00" level=info msg=ConnectionClosed connectionID=6
time="2026-03-09T20:55:14-05:00" level=info msg=NewConnection DisableClientMultiStatements=false connectionID=7
time="2026-03-09T20:55:14-05:00" level=info msg=NewConnection DisableClientMultiStatements=false connectionID=8
time="2026-03-09T20:55:14-05:00" level=info msg=ConnectionClosed connectionID=7
time="2026-03-09T20:55:14-05:00" level=warning msg="error running query" connectTime="2026-03-09 20:55:14.047693 -0500 CDT m=+0.752230167" connectionDb=beads_GrowWise connectionID=8 error="nothing to commit" queryTime="2026-03-09 20:55:14.054453 -0500 CDT m=+0.758990167"
time="2026-03-09T20:55:14-05:00" level=info msg=ConnectionClosed connectionID=8
time="2026-03-09T20:57:48-05:00" level=info msg=NewConnection DisableClientMultiStatements=false connectionID=9
time="2026-03-09T20:57:48-05:00" level=info msg=NewConnection DisableClientMultiStatements=false connectionID=10
time="2026-03-09T20:57:48-05:00" level=info msg=ConnectionClosed connectionID=9
time="2026-03-09T20:57:48-05:00" level=info msg=NewConnection DisableClientMultiStatements=false connectionID=11
time="2026-03-09T20:57:48-05:00" level=info msg=ConnectionClosed connectionID=10
time="2026-03-09T20:57:48-05:00" level=warning msg="error running query" connectTime="2026-03-09 20:57:48.776841 -0500 CDT m=+155.481209959" connectionDb=beads_GrowWise connectionID=11 error="nothing to commit" queryTime="2026-03-09 20:57:48.785031 -0500 CDT m=+155.489400501"
time="2026-03-09T20:57:48-05:00" level=info msg=ConnectionClosed connectionID=11
time="2026-03-09T20:57:48-05:00" level=info msg=NewConnection DisableClientMultiStatements=false connectionID=12
time="2026-03-09T20:57:48-05:00" level=info msg=ConnectionClosed connectionID=12
time="2026-03-09T20:57:48-05:00" level=info msg=NewConnection DisableClientMultiStatements=false connectionID=13
time="2026-03-09T20:57:48-05:00" level=info msg=NewConnection DisableClientMultiStatements=false connectionID=14
time="2026-03-09T20:57:48-05:00" level=info msg=ConnectionClosed connectionID=13
time="2026-03-09T20:57:48-05:00" level=warning msg="error running query" connectTime="2026-03-09 20:57:48.893487 -0500 CDT m=+155.597856376" connectionDb=beads_GrowWise connectionID=14 error="nothing to commit" queryTime="2026-03-09 20:57:48.900062 -0500 CDT m=+155.604431126"
time="2026-03-09T20:57:48-05:00" level=info msg=ConnectionClosed connectionID=14
time="2026-03-09T21:02:57-05:00" level=info msg=NewConnection DisableClientMultiStatements=false connectionID=15
time="2026-03-09T21:02:57-05:00" level=info msg=ConnectionClosed connectionID=15
time="2026-03-09T21:02:57-05:00" level=info msg=NewConnection DisableClientMultiStatements=false connectionID=16
time="2026-03-09T21:02:57-05:00" level=info msg=NewConnection DisableClientMultiStatements=false connectionID=17
time="2026-03-09T21:02:57-05:00" level=info msg=ConnectionClosed connectionID=16
time="2026-03-09T21:02:57-05:00" level=warning msg="error running query" connectTime="2026-03-09 21:02:57.162328 -0500 CDT m=+463.866343709" connectionDb=beads_GrowWise connectionID=17 error="nothing to commit" queryTime="2026-03-09 21:02:57.17079 -0500 CDT m=+463.874805417"
time="2026-03-09T21:02:57-05:00" level=info msg=NewConnection DisableClientMultiStatements=false connectionID=18
time="2026-03-09T21:02:57-05:00" level=info msg=ConnectionClosed connectionID=18
time="2026-03-09T21:02:57-05:00" level=info msg=ConnectionClosed connectionID=17
time="2026-03-09T21:02:57-05:00" level=info msg=NewConnection DisableClientMultiStatements=false connectionID=19
time="2026-03-09T21:02:57-05:00" level=info msg=ConnectionClosed connectionID=19
time="2026-03-09T21:02:57-05:00" level=info msg=NewConnection DisableClientMultiStatements=false connectionID=20
time="2026-03-09T21:02:57-05:00" level=info msg=NewConnection DisableClientMultiStatements=false connectionID=21
time="2026-03-09T21:02:57-05:00" level=info msg=ConnectionClosed connectionID=20
time="2026-03-09T21:02:57-05:00" level=warning msg="error running query" connectTime="2026-03-09 21:02:57.329038 -0500 CDT m=+464.033052667" connectionDb=beads_GrowWise connectionID=21 error="nothing to commit" queryTime="2026-03-09 21:02:57.335514 -0500 CDT m=+464.039528667"
time="2026-03-09T21:02:57-05:00" level=info msg=ConnectionClosed connectionID=21
time="2026-03-09T21:07:00-05:00" level=info msg=NewConnection DisableClientMultiStatements=false connectionID=22
time="2026-03-09T21:07:00-05:00" level=info msg=ConnectionClosed connectionID=22
time="2026-03-09T21:07:00-05:00" level=info msg=NewConnection DisableClientMultiStatements=false connectionID=23
time="2026-03-09T21:07:00-05:00" level=info msg=NewConnection DisableClientMultiStatements=false connectionID=24
time="2026-03-09T21:07:00-05:00" level=info msg=ConnectionClosed connectionID=23
time="2026-03-09T21:07:00-05:00" level=warning msg="error running query" connectTime="2026-03-09 21:07:00.226531 -0500 CDT m=+706.930267626" connectionDb=beads_GrowWise connectionID=24 error="nothing to commit" queryTime="2026-03-09 21:07:00.234568 -0500 CDT m=+706.938304376"
time="2026-03-09T21:07:00-05:00" level=info msg=ConnectionClosed connectionID=24
time="2026-03-09T21:07:00-05:00" level=info msg=NewConnection DisableClientMultiStatements=false connectionID=25
time="2026-03-09T21:07:00-05:00" level=info msg=ConnectionClosed connectionID=25
time="2026-03-09T21:07:00-05:00" level=info msg=NewConnection DisableClientMultiStatements=false connectionID=26
time="2026-03-09T21:07:00-05:00" level=info msg=NewConnection DisableClientMultiStatements=false connectionID=27
time="2026-03-09T21:07:00-05:00" level=info msg=ConnectionClosed connectionID=26
time="2026-03-09T21:07:00-05:00" level=warning msg="error running query" connectTime="2026-03-09 21:07:00.333458 -0500 CDT m=+707.037194084" connectionDb=beads_GrowWise connectionID=27 error="nothing to commit" queryTime="2026-03-09 21:07:00.34028 -0500 CDT m=+707.044016376"
time="2026-03-09T21:07:00-05:00" level=info msg=ConnectionClosed connectionID=27
time="2026-03-09T21:10:27-05:00" level=info msg=NewConnection DisableClientMultiStatements=false connectionID=28
time="2026-03-09T21:10:27-05:00" level=info msg=ConnectionClosed connectionID=28
time="2026-03-09T21:10:27-05:00" level=info msg=NewConnection DisableClientMultiStatements=false connectionID=29
time="2026-03-09T21:10:27-05:00" level=info msg=NewConnection DisableClientMultiStatements=false connectionID=30
time="2026-03-09T21:10:27-05:00" level=info msg=ConnectionClosed connectionID=29
time="2026-03-09T21:10:27-05:00" level=warning msg="error running query" connectTime="2026-03-09 21:10:27.002452 -0500 CDT m=+913.705950209" connectionDb=beads_GrowWise connectionID=30 error="nothing to commit" queryTime="2026-03-09 21:10:27.009734 -0500 CDT m=+913.713232626"
time="2026-03-09T21:10:27-05:00" level=info msg=NewConnection DisableClientMultiStatements=false connectionID=31
time="2026-03-09T21:10:27-05:00" level=info msg=ConnectionClosed connectionID=31
time="2026-03-09T21:10:27-05:00" level=info msg=ConnectionClosed connectionID=30
time="2026-03-09T21:10:27-05:00" level=info msg=NewConnection DisableClientMultiStatements=false connectionID=32
time="2026-03-09T21:10:27-05:00" level=info msg=ConnectionClosed connectionID=32
time="2026-03-09T21:10:27-05:00" level=info msg=NewConnection DisableClientMultiStatements=false connectionID=33
time="2026-03-09T21:10:27-05:00" level=info msg=NewConnection DisableClientMultiStatements=false connectionID=34
time="2026-03-09T21:10:27-05:00" level=info msg=ConnectionClosed connectionID=33
time="2026-03-09T21:10:27-05:00" level=warning msg="error running query" connectTime="2026-03-09 21:10:27.207492 -0500 CDT m=+913.910990667" connectionDb=beads_GrowWise connectionID=34 error="nothing to commit" queryTime="2026-03-09 21:10:27.214633 -0500 CDT m=+913.918131042"
time="2026-03-09T21:10:27-05:00" level=info msg=ConnectionClosed connectionID=34
time="2026-03-09T21:10:27-05:00" level=info msg=NewConnection DisableClientMultiStatements=false connectionID=35
time="2026-03-09T21:10:27-05:00" level=info msg=ConnectionClosed connectionID=35
time="2026-03-09T21:10:27-05:00" level=info msg=NewConnection DisableClientMultiStatements=false connectionID=36
time="2026-03-09T21:10:27-05:00" level=info msg=NewConnection DisableClientMultiStatements=false connectionID=37
time="2026-03-09T21:10:27-05:00" level=info msg=ConnectionClosed connectionID=36
time="2026-03-09T21:10:27-05:00" level=warning msg="error running query" connectTime="2026-03-09 21:10:27.317511 -0500 CDT m=+914.021009334" connectionDb=beads_GrowWise connectionID=37 error="nothing to commit" queryTime="2026-03-09 21:10:27.324554 -0500 CDT m=+914.028052376"
time="2026-03-09T21:10:27-05:00" level=info msg=ConnectionClosed connectionID=37
time="2026-03-09T21:11:24-05:00" level=info msg=NewConnection DisableClientMultiStatements=false connectionID=38
time="2026-03-09T21:11:24-05:00" level=info msg=ConnectionClosed connectionID=38
time="2026-03-09T21:11:24-05:00" level=info msg=NewConnection DisableClientMultiStatements=false connectionID=39
time="2026-03-09T21:11:24-05:00" level=info msg=NewConnection DisableClientMultiStatements=false connectionID=40
time="2026-03-09T21:11:24-05:00" level=info msg=ConnectionClosed connectionID=39
time="2026-03-09T21:11:24-05:00" level=info msg=ConnectionClosed connectionID=40
time="2026-03-09T21:11:38-05:00" level=info msg=NewConnection DisableClientMultiStatements=false connectionID=41
time="2026-03-09T21:11:38-05:00" level=info msg=ConnectionClosed connectionID=41
time="2026-03-09T21:11:38-05:00" level=info msg=NewConnection DisableClientMultiStatements=false connectionID=42
time="2026-03-09T21:11:38-05:00" level=info msg=NewConnection DisableClientMultiStatements=false connectionID=43
time="2026-03-09T21:11:38-05:00" level=info msg=ConnectionClosed connectionID=42
time="2026-03-09T21:11:39-05:00" level=info msg=ConnectionClosed connectionID=43
time="2026-03-09T21:14:05-05:00" level=info msg=NewConnection DisableClientMultiStatements=false connectionID=44
time="2026-03-09T21:14:05-05:00" level=info msg=ConnectionClosed connectionID=44
time="2026-03-09T21:14:05-05:00" level=info msg=NewConnection DisableClientMultiStatements=false connectionID=45
time="2026-03-09T21:14:05-05:00" level=info msg=NewConnection DisableClientMultiStatements=false connectionID=46
time="2026-03-09T21:14:05-05:00" level=info msg=ConnectionClosed connectionID=45
time="2026-03-09T21:14:05-05:00" level=info msg=ConnectionClosed connectionID=46
time="2026-03-09T21:14:50-05:00" level=info msg=NewConnection DisableClientMultiStatements=false connectionID=47
time="2026-03-09T21:14:50-05:00" level=info msg=ConnectionClosed connectionID=47
time="2026-03-09T21:14:50-05:00" level=info msg=NewConnection DisableClientMultiStatements=false connectionID=48
time="2026-03-09T21:14:50-05:00" level=info msg=NewConnection DisableClientMultiStatements=false connectionID=49
time="2026-03-09T21:14:50-05:00" level=info msg=ConnectionClosed connectionID=48
time="2026-03-09T21:14:50-05:00" level=warning msg="error running query" connectTime="2026-03-09 21:14:50.099457 -0500 CDT m=+1176.802653334" connectionDb=beads_GrowWise connectionID=49 error="nothing to commit" queryTime="2026-03-09 21:14:50.107604 -0500 CDT m=+1176.810800417"
time="2026-03-09T21:14:50-05:00" level=info msg=ConnectionClosed connectionID=49
time="2026-03-09T21:14:50-05:00" level=info msg=NewConnection DisableClientMultiStatements=false connectionID=50
time="2026-03-09T21:14:50-05:00" level=info msg=ConnectionClosed connectionID=50
time="2026-03-09T21:14:50-05:00" level=info msg=NewConnection DisableClientMultiStatements=false connectionID=51
time="2026-03-09T21:14:50-05:00" level=info msg=NewConnection DisableClientMultiStatements=false connectionID=52
time="2026-03-09T21:14:50-05:00" level=info msg=ConnectionClosed connectionID=51
time="2026-03-09T21:14:50-05:00" level=warning msg="error running query" connectTime="2026-03-09 21:14:50.23438 -0500 CDT m=+1176.937576709" connectionDb=beads_GrowWise connectionID=52 error="nothing to commit" queryTime="2026-03-09 21:14:50.242655 -0500 CDT m=+1176.945851251"
time="2026-03-09T21:14:50-05:00" level=info msg=ConnectionClosed connectionID=52
time="2026-03-09T21:18:13-05:00" level=info msg=NewConnection DisableClientMultiStatements=false connectionID=53
time="2026-03-09T21:18:13-05:00" level=info msg=ConnectionClosed connectionID=53
time="2026-03-09T21:18:13-05:00" level=info msg=NewConnection DisableClientMultiStatements=false connectionID=54
time="2026-03-09T21:18:13-05:00" level=info msg=NewConnection DisableClientMultiStatements=false connectionID=55
time="2026-03-09T21:18:13-05:00" level=info msg=ConnectionClosed connectionID=54
time="2026-03-09T21:18:13-05:00" level=info msg=ConnectionClosed connectionID=55
time="2026-03-09T21:19:56-05:00" level=info msg=NewConnection DisableClientMultiStatements=false connectionID=56
time="2026-03-09T21:19:56-05:00" level=info msg=ConnectionClosed connectionID=56
time="2026-03-09T21:19:56-05:00" level=info msg=NewConnection DisableClientMultiStatements=false connectionID=57
time="2026-03-09T21:19:56-05:00" level=info msg=NewConnection DisableClientMultiStatements=false connectionID=58
time="2026-03-09T21:19:56-05:00" level=info msg=ConnectionClosed connectionID=57
time="2026-03-09T21:19:56-05:00" level=warning msg="error running query" connectTime="2026-03-09 21:19:56.477351 -0500 CDT m=+1483.180196126" connectionDb=beads_GrowWise connectionID=58 error="nothing to commit" queryTime="2026-03-09 21:19:56.48584 -0500 CDT m=+1483.188684751"
time="2026-03-09T21:19:56-05:00" level=info msg=NewConnection DisableClientMultiStatements=false connectionID=59
time="2026-03-09T21:19:56-05:00" level=info msg=ConnectionClosed connectionID=59
time="2026-03-09T21:19:56-05:00" level=info msg=ConnectionClosed connectionID=58
time="2026-03-09T21:19:56-05:00" level=info msg=NewConnection DisableClientMultiStatements=false connectionID=60
time="2026-03-09T21:19:56-05:00" level=info msg=ConnectionClosed connectionID=60
time="2026-03-09T21:19:56-05:00" level=info msg=NewConnection DisableClientMultiStatements=false connectionID=61
time="2026-03-09T21:19:56-05:00" level=info msg=NewConnection DisableClientMultiStatements=false connectionID=62
time="2026-03-09T21:19:56-05:00" level=info msg=ConnectionClosed connectionID=61
time="2026-03-09T21:19:56-05:00" level=warning msg="error running query" connectTime="2026-03-09 21:19:56.637326 -0500 CDT m=+1483.340170334" connectionDb=beads_GrowWise connectionID=62 error="nothing to commit" queryTime="2026-03-09 21:19:56.644719 -0500 CDT m=+1483.347563251"
time="2026-03-09T21:19:56-05:00" level=info msg=ConnectionClosed connectionID=62
time="2026-03-09T21:26:01-05:00" level=info msg=NewConnection DisableClientMultiStatements=false connectionID=63
time="2026-03-09T21:26:01-05:00" level=info msg=ConnectionClosed connectionID=63
time="2026-03-09T21:26:01-05:00" level=info msg="Server closing listener. No longer accepting connections."
time="2026-03-09T21:26:01-05:00" level=info msg="stats stopped: context canceled"
Starting server with Config HP="127.0.0.1:13322"|T="28800000"|R="false"|L="info"
time="2026-03-09T21:38:48-05:00" level=info msg="Server ready. Accepting connections."
time="2026-03-09T21:38:48-05:00" level=warning msg="secure_file_priv is set to \"\", which is insecure."
time="2026-03-09T21:38:48-05:00" level=warning msg="Any user with GRANT FILE privileges will be able to read any file which the sql-server process can read."
time="2026-03-09T21:38:48-05:00" level=warning msg="Please consider restarting the server with secure_file_priv set to a safe (or non-existent) directory."
time="2026-03-09T21:38:48-05:00" level=info msg=NewConnection DisableClientMultiStatements=false connectionID=1
time="2026-03-09T21:38:48-05:00" level=info msg=ConnectionClosed connectionID=1
time="2026-03-09T21:38:48-05:00" level=info msg=NewConnection DisableClientMultiStatements=false connectionID=2
time="2026-03-09T21:38:48-05:00" level=info msg=ConnectionClosed connectionID=2
time="2026-03-09T21:38:48-05:00" level=info msg=NewConnection DisableClientMultiStatements=false connectionID=3
time="2026-03-09T21:38:48-05:00" level=info msg=NewConnection DisableClientMultiStatements=false connectionID=4
time="2026-03-09T21:38:48-05:00" level=info msg=ConnectionClosed connectionID=3
time="2026-03-09T21:38:48-05:00" level=warning msg="error running query" connectTime="2026-03-09 21:38:48.915479 -0500 CDT m=+0.500899126" connectionDb=beads_GrowWise connectionID=4 error="nothing to commit" queryTime="2026-03-09 21:38:48.924139 -0500 CDT m=+0.509559418"
time="2026-03-09T21:38:49-05:00" level=info msg=NewConnection DisableClientMultiStatements=false connectionID=5
time="2026-03-09T21:38:49-05:00" level=info msg=ConnectionClosed connectionID=5
time="2026-03-09T21:38:49-05:00" level=info msg=ConnectionClosed connectionID=4
time="2026-03-09T21:38:49-05:00" level=info msg=NewConnection DisableClientMultiStatements=false connectionID=6
time="2026-03-09T21:38:49-05:00" level=info msg=ConnectionClosed connectionID=6
time="2026-03-09T21:38:49-05:00" level=info msg=NewConnection DisableClientMultiStatements=false connectionID=7
time="2026-03-09T21:38:49-05:00" level=info msg=NewConnection DisableClientMultiStatements=false connectionID=8
time="2026-03-09T21:38:49-05:00" level=info msg=ConnectionClosed connectionID=7
time="2026-03-09T21:38:49-05:00" level=warning msg="error running query" connectTime="2026-03-09 21:38:49.132628 -0500 CDT m=+0.718048876" connectionDb=beads_GrowWise connectionID=8 error="nothing to commit" queryTime="2026-03-09 21:38:49.140083 -0500 CDT m=+0.725503876"
time="2026-03-09T21:38:49-05:00" level=info msg=ConnectionClosed connectionID=8
time="2026-03-09T21:39:05-05:00" level=info msg=NewConnection DisableClientMultiStatements=false connectionID=9
time="2026-03-09T21:39:05-05:00" level=info msg=ConnectionClosed connectionID=9
time="2026-03-09T21:39:05-05:00" level=info msg=NewConnection DisableClientMultiStatements=false connectionID=10
time="2026-03-09T21:39:05-05:00" level=info msg=NewConnection DisableClientMultiStatements=false connectionID=11
time="2026-03-09T21:39:05-05:00" level=info msg=ConnectionClosed connectionID=10
time="2026-03-09T21:39:05-05:00" level=info msg=ConnectionClosed connectionID=11
time="2026-03-09T21:39:22-05:00" level=info msg=NewConnection DisableClientMultiStatements=false connectionID=12
time="2026-03-09T21:39:22-05:00" level=info msg=ConnectionClosed connectionID=12
time="2026-03-09T21:39:22-05:00" level=info msg=NewConnection DisableClientMultiStatements=false connectionID=13
time="2026-03-09T21:39:22-05:00" level=info msg=NewConnection DisableClientMultiStatements=false connectionID=14
time="2026-03-09T21:39:22-05:00" level=info msg=ConnectionClosed connectionID=13
time="2026-03-09T21:39:22-05:00" level=info msg=ConnectionClosed connectionID=14
time="2026-03-09T22:09:05-05:00" level=info msg=NewConnection DisableClientMultiStatements=false connectionID=15
time="2026-03-09T22:09:05-05:00" level=info msg=ConnectionClosed connectionID=15
time="2026-03-09T22:09:05-05:00" level=info msg="Server closing listener. No longer accepting connections."
time="2026-03-09T22:09:05-05:00" level=info msg="stats stopped: context canceled"
Starting server with Config HP="127.0.0.1:13322"|T="28800000"|R="false"|L="info"
time="2026-03-09T22:15:20-05:00" level=info msg="Server ready. Accepting connections."
time="2026-03-09T22:15:20-05:00" level=warning msg="secure_file_priv is set to \"\", which is insecure."
time="2026-03-09T22:15:20-05:00" level=warning msg="Any user with GRANT FILE privileges will be able to read any file which the sql-server process can read."
time="2026-03-09T22:15:20-05:00" level=warning msg="Please consider restarting the server with secure_file_priv set to a safe (or non-existent) directory."
time="2026-03-09T22:15:21-05:00" level=info msg=NewConnection DisableClientMultiStatements=false connectionID=1
time="2026-03-09T22:15:21-05:00" level=info msg=ConnectionClosed connectionID=1
time="2026-03-09T22:15:21-05:00" level=info msg=NewConnection DisableClientMultiStatements=false connectionID=2
time="2026-03-09T22:15:21-05:00" level=info msg=ConnectionClosed connectionID=2
time="2026-03-09T22:15:21-05:00" level=info msg=NewConnection DisableClientMultiStatements=false connectionID=3
time="2026-03-09T22:15:21-05:00" level=info msg=NewConnection DisableClientMultiStatements=false connectionID=4
time="2026-03-09T22:15:21-05:00" level=info msg=ConnectionClosed connectionID=3
time="2026-03-09T22:15:21-05:00" level=warning msg="error running query" connectTime="2026-03-09 22:15:21.338012 -0500 CDT m=+0.498411084" connectionDb=beads_GrowWise connectionID=4 error="nothing to commit" queryTime="2026-03-09 22:15:21.346728 -0500 CDT m=+0.507126959"
time="2026-03-09T22:15:21-05:00" level=info msg=NewConnection DisableClientMultiStatements=false connectionID=5
time="2026-03-09T22:15:21-05:00" level=info msg=ConnectionClosed connectionID=5
time="2026-03-09T22:15:21-05:00" level=info msg=NewConnection DisableClientMultiStatements=false connectionID=6
time="2026-03-09T22:15:21-05:00" level=info msg=NewConnection DisableClientMultiStatements=false connectionID=7
time="2026-03-09T22:15:21-05:00" level=info msg=ConnectionClosed connectionID=6
time="2026-03-09T22:15:21-05:00" level=warning msg="error running query" connectTime="2026-03-09 22:15:21.381878 -0500 CDT m=+0.542276542" connectionDb=beads_GrowWise connectionID=7 error="nothing to commit" queryTime="2026-03-09 22:15:21.391838 -0500 CDT m=+0.552237167"
time="2026-03-09T22:15:21-05:00" level=info msg=NewConnection DisableClientMultiStatements=false connectionID=8
time="2026-03-09T22:15:21-05:00" level=info msg=ConnectionClosed connectionID=8
time="2026-03-09T22:15:21-05:00" level=info msg=ConnectionClosed connectionID=4
time="2026-03-09T22:15:21-05:00" level=info msg=ConnectionClosed connectionID=7
time="2026-03-09T22:17:04-05:00" level=info msg=NewConnection DisableClientMultiStatements=false connectionID=10
time="2026-03-09T22:17:04-05:00" level=info msg=NewConnection DisableClientMultiStatements=false connectionID=9
time="2026-03-09T22:17:04-05:00" level=info msg=ConnectionClosed connectionID=10
time="2026-03-09T22:17:04-05:00" level=info msg=ConnectionClosed connectionID=9
time="2026-03-09T22:17:04-05:00" level=info msg=NewConnection DisableClientMultiStatements=false connectionID=12
time="2026-03-09T22:17:04-05:00" level=info msg=NewConnection DisableClientMultiStatements=false connectionID=11
time="2026-03-09T22:17:04-05:00" level=info msg=NewConnection DisableClientMultiStatements=false connectionID=13
time="2026-03-09T22:17:04-05:00" level=info msg=NewConnection DisableClientMultiStatements=false connectionID=14
time="2026-03-09T22:17:04-05:00" level=info msg=ConnectionClosed connectionID=12
time="2026-03-09T22:17:04-05:00" level=info msg=ConnectionClosed connectionID=11
time="2026-03-09T22:17:04-05:00" level=warning msg="error running query" connectTime="2026-03-09 22:17:04.483965 -0500 CDT m=+103.644404042" connectionDb=beads_GrowWise connectionID=14 error="nothing to commit" queryTime="2026-03-09 22:17:04.494156 -0500 CDT m=+103.654594834"
time="2026-03-09T22:17:04-05:00" level=warning msg="error running query" connectTime="2026-03-09 22:17:04.483792 -0500 CDT m=+103.644231167" connectionDb=beads_GrowWise connectionID=13 error="nothing to commit" queryTime="2026-03-09 22:17:04.499098 -0500 CDT m=+103.659537376"
time="2026-03-09T22:17:04-05:00" level=info msg=ConnectionClosed connectionID=14
time="2026-03-09T22:17:04-05:00" level=info msg=ConnectionClosed connectionID=13
time="2026-03-09T22:18:21-05:00" level=info msg=NewConnection DisableClientMultiStatements=false connectionID=15
time="2026-03-09T22:18:21-05:00" level=info msg=ConnectionClosed connectionID=15
time="2026-03-09T22:18:21-05:00" level=info msg=NewConnection DisableClientMultiStatements=false connectionID=16
time="2026-03-09T22:18:21-05:00" level=info msg=NewConnection DisableClientMultiStatements=false connectionID=17
time="2026-03-09T22:18:21-05:00" level=info msg=ConnectionClosed connectionID=16
time="2026-03-09T22:18:22-05:00" level=info msg=ConnectionClosed connectionID=17
time="2026-03-09T22:40:30-05:00" level=info msg=NewConnection DisableClientMultiStatements=false connectionID=18
time="2026-03-09T22:40:30-05:00" level=info msg=ConnectionClosed connectionID=18
time="2026-03-09T22:40:30-05:00" level=info msg=NewConnection DisableClientMultiStatements=false connectionID=19
time="2026-03-09T22:40:30-05:00" level=info msg=NewConnection DisableClientMultiStatements=false connectionID=20
time="2026-03-09T22:40:30-05:00" level=info msg=ConnectionClosed connectionID=19
time="2026-03-09T22:40:30-05:00" level=info msg=ConnectionClosed connectionID=20
time="2026-03-09T22:40:39-05:00" level=info msg=NewConnection DisableClientMultiStatements=false connectionID=21
time="2026-03-09T22:40:39-05:00" level=info msg=ConnectionClosed connectionID=21
time="2026-03-09T22:40:39-05:00" level=info msg=NewConnection DisableClientMultiStatements=false connectionID=22
time="2026-03-09T22:40:39-05:00" level=info msg=NewConnection DisableClientMultiStatements=false connectionID=23
time="2026-03-09T22:40:39-05:00" level=info msg=ConnectionClosed connectionID=22
time="2026-03-09T22:40:39-05:00" level=info msg=ConnectionClosed connectionID=23
time="2026-03-09T22:47:10-05:00" level=info msg=NewConnection DisableClientMultiStatements=false connectionID=24
time="2026-03-09T22:47:10-05:00" level=info msg=ConnectionClosed connectionID=24
time="2026-03-09T22:47:10-05:00" level=info msg="Server closing listener. No longer accepting connections."
time="2026-03-09T22:47:10-05:00" level=info msg="stats stopped: context canceled"
Starting server with Config HP="127.0.0.1:13322"|T="28800000"|R="false"|L="info"
time="2026-03-09T23:18:28-05:00" level=info msg="Server ready. Accepting connections."
time="2026-03-09T23:18:28-05:00" level=warning msg="secure_file_priv is set to \"\", which is insecure."
time="2026-03-09T23:18:28-05:00" level=warning msg="Any user with GRANT FILE privileges will be able to read any file which the sql-server process can read."
time="2026-03-09T23:18:28-05:00" level=warning msg="Please consider restarting the server with secure_file_priv set to a safe (or non-existent) directory."
time="2026-03-09T23:18:28-05:00" level=info msg=NewConnection DisableClientMultiStatements=false connectionID=1
time="2026-03-09T23:18:28-05:00" level=info msg=ConnectionClosed connectionID=1
time="2026-03-09T23:18:28-05:00" level=info msg=NewConnection DisableClientMultiStatements=false connectionID=2
time="2026-03-09T23:18:28-05:00" level=info msg=ConnectionClosed connectionID=2
time="2026-03-09T23:18:28-05:00" level=info msg=NewConnection DisableClientMultiStatements=false connectionID=3
time="2026-03-09T23:18:28-05:00" level=info msg=NewConnection DisableClientMultiStatements=false connectionID=4
time="2026-03-09T23:18:28-05:00" level=info msg=ConnectionClosed connectionID=3
time="2026-03-09T23:18:29-05:00" level=info msg=ConnectionClosed connectionID=4
time="2026-03-09T23:48:30-05:00" level=info msg=NewConnection DisableClientMultiStatements=false connectionID=5
time="2026-03-09T23:48:30-05:00" level=info msg=ConnectionClosed connectionID=5
time="2026-03-09T23:48:30-05:00" level=info msg="Server closing listener. No longer accepting connections."
time="2026-03-09T23:48:30-05:00" level=info msg="stats stopped: context canceled"
Starting server with Config HP="127.0.0.1:13322"|T="28800000"|R="false"|L="info"
time="2026-03-10T00:18:11-05:00" level=info msg="Server ready. Accepting connections."
time="2026-03-10T00:18:11-05:00" level=warning msg="secure_file_priv is set to \"\", which is insecure."
time="2026-03-10T00:18:11-05:00" level=warning msg="Any user with GRANT FILE privileges will be able to read any file which the sql-server process can read."
time="2026-03-10T00:18:11-05:00" level=warning msg="Please consider restarting the server with secure_file_priv set to a safe (or non-existent) directory."
time="2026-03-10T00:18:12-05:00" level=info msg=NewConnection DisableClientMultiStatements=false connectionID=1
time="2026-03-10T00:18:12-05:00" level=info msg=ConnectionClosed connectionID=1
time="2026-03-10T00:18:12-05:00" level=info msg=NewConnection DisableClientMultiStatements=false connectionID=2
time="2026-03-10T00:18:12-05:00" level=info msg=ConnectionClosed connectionID=2
time="2026-03-10T00:18:12-05:00" level=info msg=NewConnection DisableClientMultiStatements=false connectionID=3
time="2026-03-10T00:18:12-05:00" level=info msg=NewConnection DisableClientMultiStatements=false connectionID=4
time="2026-03-10T00:18:12-05:00" level=info msg=ConnectionClosed connectionID=3
time="2026-03-10T00:18:12-05:00" level=info msg=ConnectionClosed connectionID=4
time="2026-03-10T00:48:33-05:00" level=info msg=NewConnection DisableClientMultiStatements=false connectionID=5
time="2026-03-10T00:48:33-05:00" level=info msg=ConnectionClosed connectionID=5
time="2026-03-10T00:48:33-05:00" level=info msg="Server closing listener. No longer accepting connections."
time="2026-03-10T00:48:33-05:00" level=info msg="stats stopped: context canceled"
Starting server with Config HP="127.0.0.1:13322"|T="28800000"|R="false"|L="info"
time="2026-03-10T00:57:28-05:00" level=info msg="Server ready. Accepting connections."
time="2026-03-10T00:57:28-05:00" level=warning msg="secure_file_priv is set to \"\", which is insecure."
time="2026-03-10T00:57:28-05:00" level=warning msg="Any user with GRANT FILE privileges will be able to read any file which the sql-server process can read."
time="2026-03-10T00:57:28-05:00" level=warning msg="Please consider restarting the server with secure_file_priv set to a safe (or non-existent) directory."
time="2026-03-10T00:57:28-05:00" level=info msg=NewConnection DisableClientMultiStatements=false connectionID=1
time="2026-03-10T00:57:28-05:00" level=info msg=ConnectionClosed connectionID=1
time="2026-03-10T00:57:28-05:00" level=info msg=NewConnection DisableClientMultiStatements=false connectionID=2
time="2026-03-10T00:57:28-05:00" level=info msg=ConnectionClosed connectionID=2
time="2026-03-10T00:57:28-05:00" level=info msg=NewConnection DisableClientMultiStatements=false connectionID=3
time="2026-03-10T00:57:28-05:00" level=info msg=NewConnection DisableClientMultiStatements=false connectionID=4
time="2026-03-10T00:57:28-05:00" level=info msg=ConnectionClosed connectionID=3
time="2026-03-10T00:57:28-05:00" level=warning msg="error running query" connectTime="2026-03-10 00:57:28.932748 -0500 CDT m=+0.499372459" connectionDb=beads_GrowWise connectionID=4 error="nothing to commit" queryTime="2026-03-10 00:57:28.943293 -0500 CDT m=+0.509916959"
time="2026-03-10T00:57:28-05:00" level=info msg=NewConnection DisableClientMultiStatements=false connectionID=5
time="2026-03-10T00:57:29-05:00" level=info msg=ConnectionClosed connectionID=5
time="2026-03-10T00:57:29-05:00" level=info msg=ConnectionClosed connectionID=4
time="2026-03-10T01:03:06-05:00" level=info msg=NewConnection DisableClientMultiStatements=false connectionID=6
time="2026-03-10T01:03:06-05:00" level=info msg=ConnectionClosed connectionID=6
time="2026-03-10T01:03:06-05:00" level=info msg=NewConnection DisableClientMultiStatements=false connectionID=7
time="2026-03-10T01:03:06-05:00" level=info msg=NewConnection DisableClientMultiStatements=false connectionID=8
time="2026-03-10T01:03:06-05:00" level=info msg=ConnectionClosed connectionID=7
time="2026-03-10T01:03:06-05:00" level=info msg=ConnectionClosed connectionID=8
time="2026-03-10T01:18:08-05:00" level=info msg=NewConnection DisableClientMultiStatements=false connectionID=9
time="2026-03-10T01:18:08-05:00" level=info msg=NewConnection DisableClientMultiStatements=false connectionID=10
time="2026-03-10T01:18:08-05:00" level=info msg=ConnectionClosed connectionID=9
time="2026-03-10T01:18:08-05:00" level=info msg=NewConnection DisableClientMultiStatements=false connectionID=11
time="2026-03-10T01:18:08-05:00" level=info msg=ConnectionClosed connectionID=10
time="2026-03-10T01:18:08-05:00" level=info msg=ConnectionClosed connectionID=11
time="2026-03-10T01:27:36-05:00" level=info msg=NewConnection DisableClientMultiStatements=false connectionID=12
time="2026-03-10T01:27:36-05:00" level=info msg=ConnectionClosed connectionID=12
time="2026-03-10T01:27:36-05:00" level=info msg="Server closing listener. No longer accepting connections."
time="2026-03-10T01:27:36-05:00" level=info msg="stats stopped: context canceled"
Starting server with Config HP="127.0.0.1:13322"|T="28800000"|R="false"|L="info"
time="2026-03-10T02:01:27-05:00" level=info msg="Server ready. Accepting connections."
time="2026-03-10T02:01:27-05:00" level=warning msg="secure_file_priv is set to \"\", which is insecure."
time="2026-03-10T02:01:27-05:00" level=warning msg="Any user with GRANT FILE privileges will be able to read any file which the sql-server process can read."
time="2026-03-10T02:01:27-05:00" level=warning msg="Please consider restarting the server with secure_file_priv set to a safe (or non-existent) directory."
time="2026-03-10T02:01:27-05:00" level=info msg=NewConnection DisableClientMultiStatements=false connectionID=1
time="2026-03-10T02:01:27-05:00" level=info msg=ConnectionClosed connectionID=1
time="2026-03-10T02:01:27-05:00" level=info msg=NewConnection DisableClientMultiStatements=false connectionID=2
time="2026-03-10T02:01:27-05:00" level=info msg=ConnectionClosed connectionID=2
time="2026-03-10T02:01:27-05:00" level=info msg=NewConnection DisableClientMultiStatements=false connectionID=3
time="2026-03-10T02:01:27-05:00" level=info msg=NewConnection DisableClientMultiStatements=false connectionID=4
time="2026-03-10T02:01:27-05:00" level=info msg=ConnectionClosed connectionID=3
time="2026-03-10T02:01:27-05:00" level=warning msg="error running query" connectTime="2026-03-10 02:01:27.440535 -0500 CDT m=+0.512977501" connectionDb=beads_GrowWise connectionID=4 error="nothing to commit" queryTime="2026-03-10 02:01:27.459359 -0500 CDT m=+0.531801667"
time="2026-03-10T02:01:27-05:00" level=info msg=NewConnection DisableClientMultiStatements=false connectionID=5
time="2026-03-10T02:01:27-05:00" level=info msg=ConnectionClosed connectionID=5
time="2026-03-10T02:01:27-05:00" level=info msg=NewConnection DisableClientMultiStatements=false connectionID=6
time="2026-03-10T02:01:27-05:00" level=info msg=NewConnection DisableClientMultiStatements=false connectionID=7
time="2026-03-10T02:01:27-05:00" level=info msg=ConnectionClosed connectionID=6
time="2026-03-10T02:01:27-05:00" level=warning msg="error running query" connectTime="2026-03-10 02:01:27.496747 -0500 CDT m=+0.569189334" connectionDb=beads_GrowWise connectionID=7 error="nothing to commit" queryTime="2026-03-10 02:01:27.505655 -0500 CDT m=+0.578097167"
time="2026-03-10T02:01:27-05:00" level=info msg=NewConnection DisableClientMultiStatements=false connectionID=8
time="2026-03-10T02:01:27-05:00" level=info msg=ConnectionClosed connectionID=8
time="2026-03-10T02:01:27-05:00" level=info msg=NewConnection DisableClientMultiStatements=false connectionID=9
time="2026-03-10T02:01:27-05:00" level=info msg=ConnectionClosed connectionID=9
time="2026-03-10T02:01:27-05:00" level=info msg=ConnectionClosed connectionID=4
time="2026-03-10T02:01:27-05:00" level=info msg=ConnectionClosed connectionID=7
time="2026-03-10T02:02:01-05:00" level=info msg=NewConnection DisableClientMultiStatements=false connectionID=10
time="2026-03-10T02:02:01-05:00" level=info msg=ConnectionClosed connectionID=10
time="2026-03-10T02:02:01-05:00" level=info msg=NewConnection DisableClientMultiStatements=false connectionID=11
time="2026-03-10T02:02:01-05:00" level=info msg=NewConnection DisableClientMultiStatements=false connectionID=12
time="2026-03-10T02:02:01-05:00" level=info msg=ConnectionClosed connectionID=11
time="2026-03-10T02:02:01-05:00" level=warning msg="error running query" connectTime="2026-03-10 02:02:01.645188 -0500 CDT m=+34.717586501" connectionDb=beads_GrowWise connectionID=12 error="nothing to commit" queryTime="2026-03-10 02:02:01.655636 -0500 CDT m=+34.728033959"
time="2026-03-10T02:02:01-05:00" level=info msg=ConnectionClosed connectionID=12
time="2026-03-10T02:02:03-05:00" level=info msg=NewConnection DisableClientMultiStatements=false connectionID=14
time="2026-03-10T02:02:03-05:00" level=info msg=NewConnection DisableClientMultiStatements=false connectionID=13
time="2026-03-10T02:02:03-05:00" level=info msg=ConnectionClosed connectionID=13
time="2026-03-10T02:02:03-05:00" level=info msg=NewConnection DisableClientMultiStatements=false connectionID=15
time="2026-03-10T02:02:03-05:00" level=info msg=ConnectionClosed connectionID=14
time="2026-03-10T02:02:03-05:00" level=info msg=ConnectionClosed connectionID=15
time="2026-03-10T02:02:57-05:00" level=info msg=NewConnection DisableClientMultiStatements=false connectionID=16
time="2026-03-10T02:02:57-05:00" level=info msg=ConnectionClosed connectionID=16
time="2026-03-10T02:02:57-05:00" level=info msg=NewConnection DisableClientMultiStatements=false connectionID=17
time="2026-03-10T02:02:57-05:00" level=info msg=NewConnection DisableClientMultiStatements=false connectionID=18
time="2026-03-10T02:02:57-05:00" level=info msg=ConnectionClosed connectionID=17
time="2026-03-10T02:02:57-05:00" level=info msg=ConnectionClosed connectionID=18
time="2026-03-10T02:03:04-05:00" level=info msg=NewConnection DisableClientMultiStatements=false connectionID=19
time="2026-03-10T02:03:04-05:00" level=info msg=NewConnection DisableClientMultiStatements=false connectionID=20
time="2026-03-10T02:03:04-05:00" level=info msg=ConnectionClosed connectionID=20
time="2026-03-10T02:03:04-05:00" level=info msg=ConnectionClosed connectionID=19
time="2026-03-10T02:03:04-05:00" level=info msg=NewConnection DisableClientMultiStatements=false connectionID=21
time="2026-03-10T02:03:04-05:00" level=info msg=NewConnection DisableClientMultiStatements=false connectionID=22
time="2026-03-10T02:03:04-05:00" level=info msg=NewConnection DisableClientMultiStatements=false connectionID=23
time="2026-03-10T02:03:04-05:00" level=info msg=NewConnection DisableClientMultiStatements=false connectionID=24
time="2026-03-10T02:03:04-05:00" level=info msg=ConnectionClosed connectionID=21
time="2026-03-10T02:03:04-05:00" level=info msg=ConnectionClosed connectionID=22
time="2026-03-10T02:03:04-05:00" level=warning msg="error running query" connectTime="2026-03-10 02:03:04.195196 -0500 CDT m=+97.267512417" connectionDb=beads_GrowWise connectionID=24 error="nothing to commit" queryTime="2026-03-10 02:03:04.204851 -0500 CDT m=+97.277167667"
time="2026-03-10T02:03:04-05:00" level=warning msg="error running query" connectTime="2026-03-10 02:03:04.195007 -0500 CDT m=+97.267323667" connectionDb=beads_GrowWise connectionID=23 error="nothing to commit" queryTime="2026-03-10 02:03:04.21212 -0500 CDT m=+97.284436834"
time="2026-03-10T02:03:04-05:00" level=info msg=ConnectionClosed connectionID=23
time="2026-03-10T02:03:04-05:00" level=info msg=ConnectionClosed connectionID=24
time="2026-03-10T02:03:45-05:00" level=info msg=NewConnection DisableClientMultiStatements=false connectionID=26
time="2026-03-10T02:03:45-05:00" level=info msg=NewConnection DisableClientMultiStatements=false connectionID=25
time="2026-03-10T02:03:45-05:00" level=info msg=ConnectionClosed connectionID=25
time="2026-03-10T02:03:45-05:00" level=info msg=NewConnection DisableClientMultiStatements=false connectionID=27
time="2026-03-10T02:03:45-05:00" level=info msg=NewConnection DisableClientMultiStatements=false connectionID=29
time="2026-03-10T02:03:45-05:00" level=info msg=NewConnection DisableClientMultiStatements=false connectionID=28
time="2026-03-10T02:03:45-05:00" level=info msg=ConnectionClosed connectionID=28
time="2026-03-10T02:03:45-05:00" level=info msg=ConnectionClosed connectionID=26
time="2026-03-10T02:03:45-05:00" level=info msg=NewConnection DisableClientMultiStatements=false connectionID=30
time="2026-03-10T02:03:45-05:00" level=info msg=ConnectionClosed connectionID=29
time="2026-03-10T02:03:45-05:00" level=info msg=NewConnection DisableClientMultiStatements=false connectionID=31
time="2026-03-10T02:03:45-05:00" level=info msg=ConnectionClosed connectionID=31
time="2026-03-10T02:03:45-05:00" level=info msg=NewConnection DisableClientMultiStatements=false connectionID=32
time="2026-03-10T02:03:45-05:00" level=info msg=NewConnection DisableClientMultiStatements=false connectionID=33
time="2026-03-10T02:03:45-05:00" level=info msg=ConnectionClosed connectionID=32
time="2026-03-10T02:03:45-05:00" level=info msg=ConnectionClosed connectionID=27
time="2026-03-10T02:03:45-05:00" level=info msg=ConnectionClosed connectionID=30
time="2026-03-10T02:03:45-05:00" level=info msg=ConnectionClosed connectionID=33
time="2026-03-10T02:05:41-05:00" level=info msg=NewConnection DisableClientMultiStatements=false connectionID=34
time="2026-03-10T02:05:41-05:00" level=info msg=ConnectionClosed connectionID=34
time="2026-03-10T02:05:41-05:00" level=info msg=NewConnection DisableClientMultiStatements=false connectionID=35
time="2026-03-10T02:05:41-05:00" level=info msg=NewConnection DisableClientMultiStatements=false connectionID=36
time="2026-03-10T02:05:41-05:00" level=info msg=ConnectionClosed connectionID=35
time="2026-03-10T02:05:42-05:00" level=warning msg="error running query" connectTime="2026-03-10 02:05:41.990259 -0500 CDT m=+255.062370584" connectionDb=beads_GrowWise connectionID=36 error="nothing to commit" queryTime="2026-03-10 02:05:42.015981 -0500 CDT m=+255.088093042"
time="2026-03-10T02:05:42-05:00" level=info msg=ConnectionClosed connectionID=36
time="2026-03-10T02:07:16-05:00" level=info msg=NewConnection DisableClientMultiStatements=false connectionID=37
time="2026-03-10T02:07:16-05:00" level=info msg=ConnectionClosed connectionID=37
time="2026-03-10T02:07:16-05:00" level=info msg=NewConnection DisableClientMultiStatements=false connectionID=38
time="2026-03-10T02:07:16-05:00" level=info msg=NewConnection DisableClientMultiStatements=false connectionID=39
time="2026-03-10T02:07:16-05:00" level=info msg=ConnectionClosed connectionID=38
time="2026-03-10T02:07:16-05:00" level=info msg=ConnectionClosed connectionID=39
time="2026-03-10T02:13:09-05:00" level=info msg=NewConnection DisableClientMultiStatements=false connectionID=40
time="2026-03-10T02:13:09-05:00" level=info msg=ConnectionClosed connectionID=40
time="2026-03-10T02:13:09-05:00" level=info msg=NewConnection DisableClientMultiStatements=false connectionID=41
time="2026-03-10T02:13:09-05:00" level=info msg=NewConnection DisableClientMultiStatements=false connectionID=42
time="2026-03-10T02:13:09-05:00" level=info msg=ConnectionClosed connectionID=41
time="2026-03-10T02:13:09-05:00" level=info msg=ConnectionClosed connectionID=42
time="2026-03-10T02:13:09-05:00" level=info msg=NewConnection DisableClientMultiStatements=false connectionID=43
time="2026-03-10T02:13:09-05:00" level=info msg=ConnectionClosed connectionID=43
time="2026-03-10T02:13:09-05:00" level=info msg=NewConnection DisableClientMultiStatements=false connectionID=44
time="2026-03-10T02:13:09-05:00" level=info msg=NewConnection DisableClientMultiStatements=false connectionID=45
time="2026-03-10T02:13:09-05:00" level=info msg=ConnectionClosed connectionID=44
time="2026-03-10T02:13:09-05:00" level=info msg=ConnectionClosed connectionID=45
time="2026-03-10T02:17:24-05:00" level=info msg=NewConnection DisableClientMultiStatements=false connectionID=46
time="2026-03-10T02:17:24-05:00" level=info msg=ConnectionClosed connectionID=46
time="2026-03-10T02:17:24-05:00" level=info msg=NewConnection DisableClientMultiStatements=false connectionID=47
time="2026-03-10T02:17:24-05:00" level=info msg=NewConnection DisableClientMultiStatements=false connectionID=48
time="2026-03-10T02:17:24-05:00" level=info msg=ConnectionClosed connectionID=47
time="2026-03-10T02:17:24-05:00" level=info msg=ConnectionClosed connectionID=48
time="2026-03-10T02:18:16-05:00" level=info msg=NewConnection DisableClientMultiStatements=false connectionID=50
time="2026-03-10T02:18:16-05:00" level=info msg=NewConnection DisableClientMultiStatements=false connectionID=49
time="2026-03-10T02:18:16-05:00" level=info msg=ConnectionClosed connectionID=49
time="2026-03-10T02:18:16-05:00" level=info msg=NewConnection DisableClientMultiStatements=false connectionID=51
time="2026-03-10T02:18:16-05:00" level=info msg=ConnectionClosed connectionID=50
time="2026-03-10T02:18:16-05:00" level=info msg=ConnectionClosed connectionID=51
time="2026-03-10T02:22:04-05:00" level=info msg=NewConnection DisableClientMultiStatements=false connectionID=52
time="2026-03-10T02:22:04-05:00" level=info msg=NewConnection DisableClientMultiStatements=false connectionID=53
time="2026-03-10T02:22:04-05:00" level=info msg=ConnectionClosed connectionID=52
time="2026-03-10T02:22:04-05:00" level=info msg=NewConnection DisableClientMultiStatements=false connectionID=54
time="2026-03-10T02:22:04-05:00" level=info msg=ConnectionClosed connectionID=53
time="2026-03-10T02:22:04-05:00" level=warning msg="error running query" connectTime="2026-03-10 02:22:04.9327 -0500 CDT m=+1238.007966126" connectionDb=beads_GrowWise connectionID=54 error="nothing to commit" queryTime="2026-03-10 02:22:04.94669 -0500 CDT m=+1238.021955667"
time="2026-03-10T02:22:05-05:00" level=info msg=NewConnection DisableClientMultiStatements=false connectionID=55
time="2026-03-10T02:22:05-05:00" level=info msg=ConnectionClosed connectionID=55
time="2026-03-10T02:22:05-05:00" level=info msg=ConnectionClosed connectionID=54
time="2026-03-10T02:22:12-05:00" level=info msg=NewConnection DisableClientMultiStatements=false connectionID=56
time="2026-03-10T02:22:12-05:00" level=info msg=ConnectionClosed connectionID=56
time="2026-03-10T02:22:12-05:00" level=info msg=NewConnection DisableClientMultiStatements=false connectionID=57
time="2026-03-10T02:22:12-05:00" level=info msg=NewConnection DisableClientMultiStatements=false connectionID=58
time="2026-03-10T02:22:12-05:00" level=info msg=ConnectionClosed connectionID=57
time="2026-03-10T02:22:12-05:00" level=warning msg="error running query" connectTime="2026-03-10 02:22:12.421006 -0500 CDT m=+1245.496271292" connectionDb=beads_GrowWise connectionID=58 error="nothing to commit" queryTime="2026-03-10 02:22:12.44319 -0500 CDT m=+1245.518455834"
time="2026-03-10T02:22:12-05:00" level=info msg=ConnectionClosed connectionID=58
time="2026-03-10T02:22:21-05:00" level=info msg=NewConnection DisableClientMultiStatements=false connectionID=59
time="2026-03-10T02:22:21-05:00" level=info msg=ConnectionClosed connectionID=59
time="2026-03-10T02:22:21-05:00" level=info msg=NewConnection DisableClientMultiStatements=false connectionID=60
time="2026-03-10T02:22:21-05:00" level=info msg=NewConnection DisableClientMultiStatements=false connectionID=61
time="2026-03-10T02:22:21-05:00" level=info msg=ConnectionClosed connectionID=60
time="2026-03-10T02:22:21-05:00" level=warning msg="error running query" connectTime="2026-03-10 02:22:21.673059 -0500 CDT m=+1254.748323917" connectionDb=beads_GrowWise connectionID=61 error="nothing to commit" queryTime="2026-03-10 02:22:21.687009 -0500 CDT m=+1254.762274584"
time="2026-03-10T02:22:21-05:00" level=info msg=ConnectionClosed connectionID=61
time="2026-03-10T02:22:29-05:00" level=info msg=NewConnection DisableClientMultiStatements=false connectionID=62
time="2026-03-10T02:22:29-05:00" level=info msg=ConnectionClosed connectionID=62
time="2026-03-10T02:22:29-05:00" level=info msg=NewConnection DisableClientMultiStatements=false connectionID=63
time="2026-03-10T02:22:29-05:00" level=info msg=NewConnection DisableClientMultiStatements=false connectionID=64
time="2026-03-10T02:22:29-05:00" level=info msg=ConnectionClosed connectionID=63
time="2026-03-10T02:22:29-05:00" level=warning msg="error running query" connectTime="2026-03-10 02:22:29.494248 -0500 CDT m=+1262.569512959" connectionDb=beads_GrowWise connectionID=64 error="nothing to commit" queryTime="2026-03-10 02:22:29.511984 -0500 CDT m=+1262.587249084"
time="2026-03-10T02:22:29-05:00" level=info msg=ConnectionClosed connectionID=64
time="2026-03-10T02:22:38-05:00" level=info msg=NewConnection DisableClientMultiStatements=false connectionID=65
time="2026-03-10T02:22:38-05:00" level=info msg=ConnectionClosed connectionID=65
time="2026-03-10T02:22:38-05:00" level=info msg=NewConnection DisableClientMultiStatements=false connectionID=66
time="2026-03-10T02:22:38-05:00" level=info msg=NewConnection DisableClientMultiStatements=false connectionID=67
time="2026-03-10T02:22:38-05:00" level=info msg=ConnectionClosed connectionID=66
time="2026-03-10T02:22:38-05:00" level=warning msg="error running query" connectTime="2026-03-10 02:22:38.670092 -0500 CDT m=+1271.745356459" connectionDb=beads_GrowWise connectionID=67 error="nothing to commit" queryTime="2026-03-10 02:22:38.690115 -0500 CDT m=+1271.765379501"
time="2026-03-10T02:22:38-05:00" level=info msg=ConnectionClosed connectionID=67
time="2026-03-10T02:22:49-05:00" level=info msg=NewConnection DisableClientMultiStatements=false connectionID=68
time="2026-03-10T02:22:49-05:00" level=info msg=ConnectionClosed connectionID=68
time="2026-03-10T02:22:49-05:00" level=info msg=NewConnection DisableClientMultiStatements=false connectionID=69
time="2026-03-10T02:22:49-05:00" level=info msg=NewConnection DisableClientMultiStatements=false connectionID=70
time="2026-03-10T02:22:49-05:00" level=info msg=ConnectionClosed connectionID=69
time="2026-03-10T02:22:49-05:00" level=warning msg="error running query" connectTime="2026-03-10 02:22:49.358307 -0500 CDT m=+1282.433571542" connectionDb=beads_GrowWise connectionID=70 error="nothing to commit" queryTime="2026-03-10 02:22:49.371086 -0500 CDT m=+1282.446349959"
time="2026-03-10T02:22:49-05:00" level=info msg=ConnectionClosed connectionID=70
time="2026-03-10T02:22:57-05:00" level=info msg=NewConnection DisableClientMultiStatements=false connectionID=71
time="2026-03-10T02:22:57-05:00" level=info msg=ConnectionClosed connectionID=71
time="2026-03-10T02:22:57-05:00" level=info msg=NewConnection DisableClientMultiStatements=false connectionID=72
time="2026-03-10T02:22:57-05:00" level=info msg=NewConnection DisableClientMultiStatements=false connectionID=73
time="2026-03-10T02:22:57-05:00" level=info msg=ConnectionClosed connectionID=72
time="2026-03-10T02:22:57-05:00" level=warning msg="error running query" connectTime="2026-03-10 02:22:57.155802 -0500 CDT m=+1290.231065376" connectionDb=beads_GrowWise connectionID=73 error="nothing to commit" queryTime="2026-03-10 02:22:57.165558 -0500 CDT m=+1290.240821459"
time="2026-03-10T02:22:57-05:00" level=info msg=ConnectionClosed connectionID=73
time="2026-03-10T02:23:07-05:00" level=info msg=NewConnection DisableClientMultiStatements=false connectionID=74
time="2026-03-10T02:23:07-05:00" level=info msg=ConnectionClosed connectionID=74
time="2026-03-10T02:23:07-05:00" level=info msg=NewConnection DisableClientMultiStatements=false connectionID=75
time="2026-03-10T02:23:07-05:00" level=info msg=NewConnection DisableClientMultiStatements=false connectionID=76
time="2026-03-10T02:23:07-05:00" level=info msg=ConnectionClosed connectionID=75
time="2026-03-10T02:23:07-05:00" level=warning msg="error running query" connectTime="2026-03-10 02:23:07.122244 -0500 CDT m=+1300.197507709" connectionDb=beads_GrowWise connectionID=76 error="nothing to commit" queryTime="2026-03-10 02:23:07.139169 -0500 CDT m=+1300.214432126"
time="2026-03-10T02:23:07-05:00" level=info msg=ConnectionClosed connectionID=76
time="2026-03-10T02:23:15-05:00" level=info msg=NewConnection DisableClientMultiStatements=false connectionID=77
time="2026-03-10T02:23:15-05:00" level=info msg=ConnectionClosed connectionID=77
time="2026-03-10T02:23:15-05:00" level=info msg=NewConnection DisableClientMultiStatements=false connectionID=78
time="2026-03-10T02:23:15-05:00" level=info msg=NewConnection DisableClientMultiStatements=false connectionID=79
time="2026-03-10T02:23:15-05:00" level=info msg=ConnectionClosed connectionID=78
time="2026-03-10T02:23:15-05:00" level=warning msg="error running query" connectTime="2026-03-10 02:23:15.615366 -0500 CDT m=+1308.690628876" connectionDb=beads_GrowWise connectionID=79 error="nothing to commit" queryTime="2026-03-10 02:23:15.627221 -0500 CDT m=+1308.702483626"
time="2026-03-10T02:23:15-05:00" level=info msg=ConnectionClosed connectionID=79
time="2026-03-10T02:23:21-05:00" level=info msg=NewConnection DisableClientMultiStatements=false connectionID=80
time="2026-03-10T02:23:21-05:00" level=info msg=ConnectionClosed connectionID=80
time="2026-03-10T02:23:21-05:00" level=info msg=NewConnection DisableClientMultiStatements=false connectionID=81
time="2026-03-10T02:23:21-05:00" level=info msg=NewConnection DisableClientMultiStatements=false connectionID=82
time="2026-03-10T02:23:21-05:00" level=info msg=ConnectionClosed connectionID=81
time="2026-03-10T02:23:21-05:00" level=warning msg="error running query" connectTime="2026-03-10 02:23:21.957855 -0500 CDT m=+1315.033117876" connectionDb=beads_GrowWise connectionID=82 error="nothing to commit" queryTime="2026-03-10 02:23:21.970562 -0500 CDT m=+1315.045824292"
time="2026-03-10T02:23:22-05:00" level=info msg=ConnectionClosed connectionID=82
time="2026-03-10T02:23:25-05:00" level=info msg=NewConnection DisableClientMultiStatements=false connectionID=83
time="2026-03-10T02:23:25-05:00" level=info msg=ConnectionClosed connectionID=83
time="2026-03-10T02:23:25-05:00" level=info msg=NewConnection DisableClientMultiStatements=false connectionID=84
time="2026-03-10T02:23:25-05:00" level=info msg=NewConnection DisableClientMultiStatements=false connectionID=85
time="2026-03-10T02:23:25-05:00" level=info msg=ConnectionClosed connectionID=84
time="2026-03-10T02:23:25-05:00" level=info msg=ConnectionClosed connectionID=85
time="2026-03-10T02:28:14-05:00" level=info msg=NewConnection DisableClientMultiStatements=false connectionID=86
time="2026-03-10T02:28:14-05:00" level=info msg=ConnectionClosed connectionID=86
time="2026-03-10T02:28:14-05:00" level=info msg=NewConnection DisableClientMultiStatements=false connectionID=87
time="2026-03-10T02:28:14-05:00" level=info msg=NewConnection DisableClientMultiStatements=false connectionID=88
time="2026-03-10T02:28:14-05:00" level=info msg=ConnectionClosed connectionID=87
time="2026-03-10T02:28:14-05:00" level=info msg=ConnectionClosed connectionID=88
time="2026-03-10T02:29:57-05:00" level=info msg=NewConnection DisableClientMultiStatements=false connectionID=89
time="2026-03-10T02:29:57-05:00" level=info msg=NewConnection DisableClientMultiStatements=false connectionID=90
time="2026-03-10T02:29:57-05:00" level=info msg=ConnectionClosed connectionID=89
time="2026-03-10T02:29:57-05:00" level=info msg=NewConnection DisableClientMultiStatements=false connectionID=91
time="2026-03-10T02:29:57-05:00" level=info msg=ConnectionClosed connectionID=90
time="2026-03-10T02:29:57-05:00" level=info msg=ConnectionClosed connectionID=91
time="2026-03-10T02:30:54-05:00" level=info msg=NewConnection DisableClientMultiStatements=false connectionID=93
time="2026-03-10T02:30:54-05:00" level=info msg=NewConnection DisableClientMultiStatements=false connectionID=92
time="2026-03-10T02:30:54-05:00" level=info msg=ConnectionClosed connectionID=93
time="2026-03-10T02:30:54-05:00" level=info msg=ConnectionClosed connectionID=92
time="2026-03-10T02:30:54-05:00" level=info msg=NewConnection DisableClientMultiStatements=false connectionID=94
time="2026-03-10T02:30:54-05:00" level=info msg=NewConnection DisableClientMultiStatements=false connectionID=95
time="2026-03-10T02:30:54-05:00" level=info msg=NewConnection DisableClientMultiStatements=false connectionID=96
time="2026-03-10T02:30:54-05:00" level=info msg=NewConnection DisableClientMultiStatements=false connectionID=97
time="2026-03-10T02:30:54-05:00" level=info msg=ConnectionClosed connectionID=94
time="2026-03-10T02:30:54-05:00" level=info msg=ConnectionClosed connectionID=95
time="2026-03-10T02:30:54-05:00" level=info msg=NewConnection DisableClientMultiStatements=false connectionID=98
time="2026-03-10T02:30:54-05:00" level=info msg=ConnectionClosed connectionID=98
time="2026-03-10T02:30:54-05:00" level=info msg=NewConnection DisableClientMultiStatements=false connectionID=99
time="2026-03-10T02:30:54-05:00" level=info msg=NewConnection DisableClientMultiStatements=false connectionID=100
time="2026-03-10T02:30:54-05:00" level=info msg=ConnectionClosed connectionID=99
time="2026-03-10T02:30:54-05:00" level=info msg=ConnectionClosed connectionID=96
time="2026-03-10T02:30:54-05:00" level=info msg=ConnectionClosed connectionID=97
time="2026-03-10T02:30:54-05:00" level=info msg=ConnectionClosed connectionID=100
time="2026-03-10T02:36:29-05:00" level=info msg=NewConnection DisableClientMultiStatements=false connectionID=101
time="2026-03-10T02:36:29-05:00" level=info msg=ConnectionClosed connectionID=101
time="2026-03-10T02:36:29-05:00" level=info msg="Server closing listener. No longer accepting connections."
time="2026-03-10T02:36:29-05:00" level=info msg="stats stopped: context canceled"
Starting server with Config HP="127.0.0.1:13322"|T="28800000"|R="false"|L="info"
time="2026-03-10T02:39:45-05:00" level=info msg="Server ready. Accepting connections."
time="2026-03-10T02:39:45-05:00" level=warning msg="secure_file_priv is set to \"\", which is insecure."
time="2026-03-10T02:39:45-05:00" level=warning msg="Any user with GRANT FILE privileges will be able to read any file which the sql-server process can read."
time="2026-03-10T02:39:45-05:00" level=warning msg="Please consider restarting the server with secure_file_priv set to a safe (or non-existent) directory."
time="2026-03-10T02:39:45-05:00" level=info msg=NewConnection DisableClientMultiStatements=false connectionID=1
time="2026-03-10T02:39:45-05:00" level=info msg=ConnectionClosed connectionID=1
time="2026-03-10T02:39:45-05:00" level=info msg=NewConnection DisableClientMultiStatements=false connectionID=2
time="2026-03-10T02:39:45-05:00" level=info msg=NewConnection DisableClientMultiStatements=false connectionID=3
time="2026-03-10T02:39:45-05:00" level=info msg=ConnectionClosed connectionID=2
time="2026-03-10T02:39:45-05:00" level=info msg=NewConnection DisableClientMultiStatements=false connectionID=4
time="2026-03-10T02:39:45-05:00" level=info msg=ConnectionClosed connectionID=4
time="2026-03-10T02:39:45-05:00" level=info msg=NewConnection DisableClientMultiStatements=false connectionID=5
time="2026-03-10T02:39:45-05:00" level=info msg=ConnectionClosed connectionID=5
time="2026-03-10T02:39:45-05:00" level=info msg=NewConnection DisableClientMultiStatements=false connectionID=6
time="2026-03-10T02:39:45-05:00" level=info msg=NewConnection DisableClientMultiStatements=false connectionID=7
time="2026-03-10T02:39:45-05:00" level=info msg=ConnectionClosed connectionID=6
time="2026-03-10T02:39:45-05:00" level=info msg=NewConnection DisableClientMultiStatements=false connectionID=8
time="2026-03-10T02:39:45-05:00" level=info msg=ConnectionClosed connectionID=8
time="2026-03-10T02:39:45-05:00" level=info msg=NewConnection DisableClientMultiStatements=false connectionID=9
time="2026-03-10T02:39:45-05:00" level=info msg=NewConnection DisableClientMultiStatements=false connectionID=10
time="2026-03-10T02:39:45-05:00" level=info msg=ConnectionClosed connectionID=9
time="2026-03-10T02:39:45-05:00" level=info msg=ConnectionClosed connectionID=3
time="2026-03-10T02:39:45-05:00" level=info msg=ConnectionClosed connectionID=7
time="2026-03-10T02:39:45-05:00" level=info msg=ConnectionClosed connectionID=10
time="2026-03-10T03:05:16-05:00" level=info msg=NewConnection DisableClientMultiStatements=false connectionID=12
time="2026-03-10T03:05:16-05:00" level=info msg=NewConnection DisableClientMultiStatements=false connectionID=11
time="2026-03-10T03:05:16-05:00" level=info msg=ConnectionClosed connectionID=11
time="2026-03-10T03:05:16-05:00" level=info msg=NewConnection DisableClientMultiStatements=false connectionID=13
time="2026-03-10T03:05:16-05:00" level=info msg=ConnectionClosed connectionID=12
time="2026-03-10T03:05:16-05:00" level=warning msg="error running query" connectTime="2026-03-10 03:05:16.598553 -0500 CDT m=+1531.565696917" connectionDb=beads_GrowWise connectionID=13 error="nothing to commit" queryTime="2026-03-10 03:05:16.615874 -0500 CDT m=+1531.583017751"
time="2026-03-10T03:05:16-05:00" level=info msg=NewConnection DisableClientMultiStatements=false connectionID=14
time="2026-03-10T03:05:16-05:00" level=info msg=ConnectionClosed connectionID=14
time="2026-03-10T03:05:16-05:00" level=info msg=NewConnection DisableClientMultiStatements=false connectionID=15
time="2026-03-10T03:05:16-05:00" level=info msg=ConnectionClosed connectionID=15
time="2026-03-10T03:05:16-05:00" level=info msg=ConnectionClosed connectionID=13
time="2026-03-10T03:05:47-05:00" level=info msg=NewConnection DisableClientMultiStatements=false connectionID=16
time="2026-03-10T03:05:47-05:00" level=info msg=ConnectionClosed connectionID=16
time="2026-03-10T03:05:47-05:00" level=info msg=NewConnection DisableClientMultiStatements=false connectionID=17
time="2026-03-10T03:05:47-05:00" level=info msg=NewConnection DisableClientMultiStatements=false connectionID=18
time="2026-03-10T03:05:47-05:00" level=info msg=ConnectionClosed connectionID=17
time="2026-03-10T03:05:47-05:00" level=info msg=ConnectionClosed connectionID=18
time="2026-03-10T03:10:32-05:00" level=info msg=NewConnection DisableClientMultiStatements=false connectionID=19
time="2026-03-10T03:10:32-05:00" level=info msg=ConnectionClosed connectionID=19
time="2026-03-10T03:10:32-05:00" level=info msg="Server closing listener. No longer accepting connections."
time="2026-03-10T03:10:32-05:00" level=info msg="stats stopped: context canceled"
Starting server with Config HP="127.0.0.1:13322"|T="28800000"|R="false"|L="info"
time="2026-03-10T03:18:12-05:00" level=info msg="Server ready. Accepting connections."
time="2026-03-10T03:18:12-05:00" level=warning msg="secure_file_priv is set to \"\", which is insecure."
time="2026-03-10T03:18:12-05:00" level=warning msg="Any user with GRANT FILE privileges will be able to read any file which the sql-server process can read."
time="2026-03-10T03:18:12-05:00" level=warning msg="Please consider restarting the server with secure_file_priv set to a safe (or non-existent) directory."
time="2026-03-10T03:18:12-05:00" level=info msg=NewConnection DisableClientMultiStatements=false connectionID=1
time="2026-03-10T03:18:12-05:00" level=info msg=ConnectionClosed connectionID=1
time="2026-03-10T03:18:12-05:00" level=info msg=NewConnection DisableClientMultiStatements=false connectionID=2
time="2026-03-10T03:18:12-05:00" level=info msg=ConnectionClosed connectionID=2
time="2026-03-10T03:18:12-05:00" level=info msg=NewConnection DisableClientMultiStatements=false connectionID=3
time="2026-03-10T03:18:12-05:00" level=info msg=NewConnection DisableClientMultiStatements=false connectionID=4
time="2026-03-10T03:18:12-05:00" level=info msg=ConnectionClosed connectionID=3
time="2026-03-10T03:18:12-05:00" level=info msg=ConnectionClosed connectionID=4
time="2026-03-10T03:48:35-05:00" level=info msg=NewConnection DisableClientMultiStatements=false connectionID=5
time="2026-03-10T03:48:35-05:00" level=info msg=ConnectionClosed connectionID=5
time="2026-03-10T03:48:35-05:00" level=info msg="Server closing listener. No longer accepting connections."
time="2026-03-10T03:48:35-05:00" level=info msg="stats stopped: context canceled"
Starting server with Config HP="127.0.0.1:13322"|T="28800000"|R="false"|L="info"
time="2026-03-10T04:09:02-05:00" level=info msg="Server ready. Accepting connections."
time="2026-03-10T04:09:02-05:00" level=warning msg="secure_file_priv is set to \"\", which is insecure."
time="2026-03-10T04:09:02-05:00" level=warning msg="Any user with GRANT FILE privileges will be able to read any file which the sql-server process can read."
time="2026-03-10T04:09:02-05:00" level=warning msg="Please consider restarting the server with secure_file_priv set to a safe (or non-existent) directory."
time="2026-03-10T04:09:02-05:00" level=info msg=NewConnection DisableClientMultiStatements=false connectionID=1
time="2026-03-10T04:09:02-05:00" level=info msg=ConnectionClosed connectionID=1
time="2026-03-10T04:09:02-05:00" level=info msg=NewConnection DisableClientMultiStatements=false connectionID=2
time="2026-03-10T04:09:02-05:00" level=info msg=ConnectionClosed connectionID=2
time="2026-03-10T04:09:02-05:00" level=info msg=NewConnection DisableClientMultiStatements=false connectionID=3
time="2026-03-10T04:09:02-05:00" level=info msg=NewConnection DisableClientMultiStatements=false connectionID=4
time="2026-03-10T04:09:02-05:00" level=info msg=ConnectionClosed connectionID=3
time="2026-03-10T04:09:02-05:00" level=info msg=ConnectionClosed connectionID=4
time="2026-03-10T04:18:23-05:00" level=info msg=NewConnection DisableClientMultiStatements=false connectionID=5
time="2026-03-10T04:18:23-05:00" level=info msg=ConnectionClosed connectionID=5
time="2026-03-10T04:18:23-05:00" level=info msg=NewConnection DisableClientMultiStatements=false connectionID=6
time="2026-03-10T04:18:23-05:00" level=info msg=NewConnection DisableClientMultiStatements=false connectionID=7
time="2026-03-10T04:18:23-05:00" level=info msg=ConnectionClosed connectionID=6
time="2026-03-10T04:18:23-05:00" level=info msg=ConnectionClosed connectionID=7
time="2026-03-10T04:39:38-05:00" level=info msg=NewConnection DisableClientMultiStatements=false connectionID=8
time="2026-03-10T04:39:38-05:00" level=info msg=ConnectionClosed connectionID=8
time="2026-03-10T04:39:38-05:00" level=info msg="Server closing listener. No longer accepting connections."
time="2026-03-10T04:39:38-05:00" level=info msg="stats stopped: context canceled"
Starting server with Config HP="127.0.0.1:13322"|T="28800000"|R="false"|L="info"
time="2026-03-10T05:18:14-05:00" level=info msg="Server ready. Accepting connections."
time="2026-03-10T05:18:14-05:00" level=warning msg="secure_file_priv is set to \"\", which is insecure."
time="2026-03-10T05:18:14-05:00" level=warning msg="Any user with GRANT FILE privileges will be able to read any file which the sql-server process can read."
time="2026-03-10T05:18:14-05:00" level=warning msg="Please consider restarting the server with secure_file_priv set to a safe (or non-existent) directory."
time="2026-03-10T05:18:14-05:00" level=info msg=NewConnection DisableClientMultiStatements=false connectionID=1
time="2026-03-10T05:18:14-05:00" level=info msg=ConnectionClosed connectionID=1
time="2026-03-10T05:18:14-05:00" level=info msg=NewConnection DisableClientMultiStatements=false connectionID=2
time="2026-03-10T05:18:14-05:00" level=info msg=ConnectionClosed connectionID=2
time="2026-03-10T05:18:14-05:00" level=info msg=NewConnection DisableClientMultiStatements=false connectionID=3
time="2026-03-10T05:18:14-05:00" level=info msg=NewConnection DisableClientMultiStatements=false connectionID=4
time="2026-03-10T05:18:14-05:00" level=info msg=ConnectionClosed connectionID=3
time="2026-03-10T05:18:14-05:00" level=info msg=ConnectionClosed connectionID=4
time="2026-03-10T05:48:18-05:00" level=info msg=NewConnection DisableClientMultiStatements=false connectionID=5
time="2026-03-10T05:48:18-05:00" level=info msg="Server closing listener. No longer accepting connections."
time="2026-03-10T05:48:18-05:00" level=info msg=ConnectionClosed connectionID=5
time="2026-03-10T05:48:18-05:00" level=info msg="stats stopped: context canceled"
Starting server with Config HP="127.0.0.1:13322"|T="28800000"|R="false"|L="info"
time="2026-03-10T06:18:37-05:00" level=info msg="Server ready. Accepting connections."
time="2026-03-10T06:18:37-05:00" level=warning msg="secure_file_priv is set to \"\", which is insecure."
time="2026-03-10T06:18:37-05:00" level=warning msg="Any user with GRANT FILE privileges will be able to read any file which the sql-server process can read."
time="2026-03-10T06:18:37-05:00" level=warning msg="Please consider restarting the server with secure_file_priv set to a safe (or non-existent) directory."
time="2026-03-10T06:18:38-05:00" level=info msg=NewConnection DisableClientMultiStatements=false connectionID=1
time="2026-03-10T06:18:38-05:00" level=info msg=ConnectionClosed connectionID=1
time="2026-03-10T06:18:38-05:00" level=info msg=NewConnection DisableClientMultiStatements=false connectionID=2
time="2026-03-10T06:18:38-05:00" level=info msg=ConnectionClosed connectionID=2
time="2026-03-10T06:18:38-05:00" level=info msg=NewConnection DisableClientMultiStatements=false connectionID=3
time="2026-03-10T06:18:38-05:00" level=info msg=NewConnection DisableClientMultiStatements=false connectionID=4
time="2026-03-10T06:18:38-05:00" level=info msg=ConnectionClosed connectionID=3
time="2026-03-10T06:18:38-05:00" level=info msg=ConnectionClosed connectionID=4
time="2026-03-10T06:48:40-05:00" level=info msg=NewConnection DisableClientMultiStatements=false connectionID=5
time="2026-03-10T06:48:40-05:00" level=info msg=ConnectionClosed connectionID=5
time="2026-03-10T06:48:40-05:00" level=info msg="Server closing listener. No longer accepting connections."
time="2026-03-10T06:48:40-05:00" level=info msg="stats stopped: context canceled"
Starting server with Config HP="127.0.0.1:13322"|T="28800000"|R="false"|L="info"
time="2026-03-10T07:18:13-05:00" level=info msg="Server ready. Accepting connections."
time="2026-03-10T07:18:13-05:00" level=warning msg="secure_file_priv is set to \"\", which is insecure."
time="2026-03-10T07:18:13-05:00" level=warning msg="Any user with GRANT FILE privileges will be able to read any file which the sql-server process can read."
time="2026-03-10T07:18:13-05:00" level=warning msg="Please consider restarting the server with secure_file_priv set to a safe (or non-existent) directory."
time="2026-03-10T07:18:14-05:00" level=info msg=NewConnection DisableClientMultiStatements=false connectionID=1
time="2026-03-10T07:18:14-05:00" level=info msg=ConnectionClosed connectionID=1
time="2026-03-10T07:18:14-05:00" level=info msg=NewConnection DisableClientMultiStatements=false connectionID=2
time="2026-03-10T07:18:14-05:00" level=info msg=ConnectionClosed connectionID=2
time="2026-03-10T07:18:14-05:00" level=info msg=NewConnection DisableClientMultiStatements=false connectionID=3
time="2026-03-10T07:18:14-05:00" level=info msg=NewConnection DisableClientMultiStatements=false connectionID=4
time="2026-03-10T07:18:14-05:00" level=info msg=ConnectionClosed connectionID=3
time="2026-03-10T07:18:14-05:00" level=info msg=ConnectionClosed connectionID=4
time="2026-03-10T07:48:42-05:00" level=info msg=NewConnection DisableClientMultiStatements=false connectionID=5
time="2026-03-10T07:48:42-05:00" level=info msg="Server closing listener. No longer accepting connections."
time="2026-03-10T07:48:42-05:00" level=info msg=ConnectionClosed connectionID=5
time="2026-03-10T07:48:42-05:00" level=info msg="stats stopped: context canceled"
Starting server with Config HP="127.0.0.1:13322"|T="28800000"|R="false"|L="info"
time="2026-03-10T08:18:17-05:00" level=info msg="Server ready. Accepting connections."
time="2026-03-10T08:18:17-05:00" level=warning msg="secure_file_priv is set to \"\", which is insecure."
time="2026-03-10T08:18:17-05:00" level=warning msg="Any user with GRANT FILE privileges will be able to read any file which the sql-server process can read."
time="2026-03-10T08:18:17-05:00" level=warning msg="Please consider restarting the server with secure_file_priv set to a safe (or non-existent) directory."
time="2026-03-10T08:18:18-05:00" level=info msg=NewConnection DisableClientMultiStatements=false connectionID=1
time="2026-03-10T08:18:18-05:00" level=info msg=ConnectionClosed connectionID=1
time="2026-03-10T08:18:18-05:00" level=info msg=NewConnection DisableClientMultiStatements=false connectionID=2
time="2026-03-10T08:18:18-05:00" level=info msg=ConnectionClosed connectionID=2
time="2026-03-10T08:18:18-05:00" level=info msg=NewConnection DisableClientMultiStatements=false connectionID=3
time="2026-03-10T08:18:18-05:00" level=info msg=NewConnection DisableClientMultiStatements=false connectionID=4
time="2026-03-10T08:18:18-05:00" level=info msg=ConnectionClosed connectionID=3
time="2026-03-10T08:18:18-05:00" level=info msg=ConnectionClosed connectionID=4
time="2026-03-10T08:48:45-05:00" level=info msg=NewConnection DisableClientMultiStatements=false connectionID=5
time="2026-03-10T08:48:45-05:00" level=info msg=ConnectionClosed connectionID=5
time="2026-03-10T08:48:45-05:00" level=info msg="Server closing listener. No longer accepting connections."
time="2026-03-10T08:48:45-05:00" level=info msg="stats stopped: context canceled"
Starting server with Config HP="127.0.0.1:13322"|T="28800000"|R="false"|L="info"
time="2026-03-10T10:03:45-05:00" level=info msg="Server ready. Accepting connections."
time="2026-03-10T10:03:45-05:00" level=warning msg="secure_file_priv is set to \"\", which is insecure."
time="2026-03-10T10:03:45-05:00" level=warning msg="Any user with GRANT FILE privileges will be able to read any file which the sql-server process can read."
time="2026-03-10T10:03:45-05:00" level=warning msg="Please consider restarting the server with secure_file_priv set to a safe (or non-existent) directory."
time="2026-03-10T10:03:45-05:00" level=info msg=NewConnection DisableClientMultiStatements=false connectionID=1
time="2026-03-10T10:03:45-05:00" level=info msg=ConnectionClosed connectionID=1
time="2026-03-10T10:03:45-05:00" level=info msg=NewConnection DisableClientMultiStatements=false connectionID=2
time="2026-03-10T10:03:45-05:00" level=info msg=ConnectionClosed connectionID=2
time="2026-03-10T10:03:45-05:00" level=info msg=NewConnection DisableClientMultiStatements=false connectionID=3
time="2026-03-10T10:03:45-05:00" level=info msg=NewConnection DisableClientMultiStatements=false connectionID=4
time="2026-03-10T10:03:45-05:00" level=info msg=ConnectionClosed connectionID=3
time="2026-03-10T10:03:45-05:00" level=info msg=ConnectionClosed connectionID=4
time="2026-03-10T10:33:47-05:00" level=info msg=NewConnection DisableClientMultiStatements=false connectionID=5
time="2026-03-10T10:33:47-05:00" level=info msg=ConnectionClosed connectionID=5
time="2026-03-10T10:33:47-05:00" level=info msg="Server closing listener. No longer accepting connections."
time="2026-03-10T10:33:47-05:00" level=info msg="stats stopped: context canceled"
Starting server with Config HP="127.0.0.1:13322"|T="28800000"|R="false"|L="info"
time="2026-03-10T11:03:59-05:00" level=info msg="Server ready. Accepting connections."
time="2026-03-10T11:03:59-05:00" level=warning msg="secure_file_priv is set to \"\", which is insecure."
time="2026-03-10T11:03:59-05:00" level=warning msg="Any user with GRANT FILE privileges will be able to read any file which the sql-server process can read."
time="2026-03-10T11:03:59-05:00" level=warning msg="Please consider restarting the server with secure_file_priv set to a safe (or non-existent) directory."
time="2026-03-10T11:03:59-05:00" level=info msg=NewConnection DisableClientMultiStatements=false connectionID=1
time="2026-03-10T11:03:59-05:00" level=info msg=ConnectionClosed connectionID=1
time="2026-03-10T11:03:59-05:00" level=info msg=NewConnection DisableClientMultiStatements=false connectionID=2
time="2026-03-10T11:03:59-05:00" level=info msg=NewConnection DisableClientMultiStatements=false connectionID=3
time="2026-03-10T11:03:59-05:00" level=info msg=ConnectionClosed connectionID=2
time="2026-03-10T11:03:59-05:00" level=info msg=NewConnection DisableClientMultiStatements=false connectionID=4
time="2026-03-10T11:03:59-05:00" level=info msg=ConnectionClosed connectionID=3
time="2026-03-10T11:03:59-05:00" level=info msg=ConnectionClosed connectionID=4
time="2026-03-10T11:34:01-05:00" level=info msg=NewConnection DisableClientMultiStatements=false connectionID=5
time="2026-03-10T11:34:01-05:00" level=info msg=ConnectionClosed connectionID=5
time="2026-03-10T11:34:01-05:00" level=info msg="Server closing listener. No longer accepting connections."
time="2026-03-10T11:34:01-05:00" level=info msg="stats stopped: context canceled"
Starting server with Config HP="127.0.0.1:13322"|T="28800000"|R="false"|L="info"
time="2026-03-10T12:03:53-05:00" level=info msg="Server ready. Accepting connections."
time="2026-03-10T12:03:53-05:00" level=warning msg="secure_file_priv is set to \"\", which is insecure."
time="2026-03-10T12:03:53-05:00" level=warning msg="Any user with GRANT FILE privileges will be able to read any file which the sql-server process can read."
time="2026-03-10T12:03:53-05:00" level=warning msg="Please consider restarting the server with secure_file_priv set to a safe (or non-existent) directory."
time="2026-03-10T12:03:53-05:00" level=info msg=NewConnection DisableClientMultiStatements=false connectionID=1
time="2026-03-10T12:03:53-05:00" level=info msg=ConnectionClosed connectionID=1
time="2026-03-10T12:03:53-05:00" level=info msg=NewConnection DisableClientMultiStatements=false connectionID=2
time="2026-03-10T12:03:53-05:00" level=info msg=ConnectionClosed connectionID=2
time="2026-03-10T12:03:53-05:00" level=info msg=NewConnection DisableClientMultiStatements=false connectionID=3
time="2026-03-10T12:03:53-05:00" level=info msg=NewConnection DisableClientMultiStatements=false connectionID=4
time="2026-03-10T12:03:53-05:00" level=info msg=ConnectionClosed connectionID=3
time="2026-03-10T12:03:53-05:00" level=info msg=ConnectionClosed connectionID=4
time="2026-03-10T12:34:04-05:00" level=info msg=NewConnection DisableClientMultiStatements=false connectionID=5
time="2026-03-10T12:34:04-05:00" level=info msg=ConnectionClosed connectionID=5
time="2026-03-10T12:34:04-05:00" level=info msg="Server closing listener. No longer accepting connections."
time="2026-03-10T12:34:04-05:00" level=info msg="stats stopped: context canceled"
Starting server with Config HP="127.0.0.1:13322"|T="28800000"|R="false"|L="info"
time="2026-03-10T12:51:48-05:00" level=info msg="Server ready. Accepting connections."
time="2026-03-10T12:51:48-05:00" level=warning msg="secure_file_priv is set to \"\", which is insecure."
time="2026-03-10T12:51:48-05:00" level=warning msg="Any user with GRANT FILE privileges will be able to read any file which the sql-server process can read."
time="2026-03-10T12:51:48-05:00" level=warning msg="Please consider restarting the server with secure_file_priv set to a safe (or non-existent) directory."
time="2026-03-10T12:51:49-05:00" level=info msg=NewConnection DisableClientMultiStatements=false connectionID=1
time="2026-03-10T12:51:49-05:00" level=info msg=ConnectionClosed connectionID=1
time="2026-03-10T12:51:49-05:00" level=info msg=NewConnection DisableClientMultiStatements=false connectionID=2
time="2026-03-10T12:51:49-05:00" level=info msg=ConnectionClosed connectionID=2
time="2026-03-10T12:51:49-05:00" level=info msg=NewConnection DisableClientMultiStatements=false connectionID=3
time="2026-03-10T12:51:49-05:00" level=info msg=NewConnection DisableClientMultiStatements=false connectionID=4
time="2026-03-10T12:51:49-05:00" level=info msg=ConnectionClosed connectionID=3
time="2026-03-10T12:51:49-05:00" level=info msg=ConnectionClosed connectionID=4
time="2026-03-10T13:22:07-05:00" level=info msg=NewConnection DisableClientMultiStatements=false connectionID=5
time="2026-03-10T13:22:07-05:00" level=info msg=ConnectionClosed connectionID=5
time="2026-03-10T13:22:07-05:00" level=info msg="Server closing listener. No longer accepting connections."
time="2026-03-10T13:22:07-05:00" level=info msg="stats stopped: context canceled"
Starting server with Config HP="127.0.0.1:13322"|T="28800000"|R="false"|L="info"
time="2026-03-10T13:53:15-05:00" level=info msg="Server ready. Accepting connections."
time="2026-03-10T13:53:15-05:00" level=warning msg="secure_file_priv is set to \"\", which is insecure."
time="2026-03-10T13:53:15-05:00" level=warning msg="Any user with GRANT FILE privileges will be able to read any file which the sql-server process can read."
time="2026-03-10T13:53:15-05:00" level=warning msg="Please consider restarting the server with secure_file_priv set to a safe (or non-existent) directory."
time="2026-03-10T13:53:15-05:00" level=info msg=NewConnection DisableClientMultiStatements=false connectionID=1
time="2026-03-10T13:53:15-05:00" level=info msg=ConnectionClosed connectionID=1
time="2026-03-10T13:53:15-05:00" level=info msg=NewConnection DisableClientMultiStatements=false connectionID=2
time="2026-03-10T13:53:15-05:00" level=info msg=ConnectionClosed connectionID=2
time="2026-03-10T13:53:15-05:00" level=info msg=NewConnection DisableClientMultiStatements=false connectionID=3
time="2026-03-10T13:53:15-05:00" level=info msg=NewConnection DisableClientMultiStatements=false connectionID=4
time="2026-03-10T13:53:15-05:00" level=info msg=ConnectionClosed connectionID=3
time="2026-03-10T13:53:15-05:00" level=info msg=ConnectionClosed connectionID=4
time="2026-03-10T14:23:18-05:00" level=info msg=NewConnection DisableClientMultiStatements=false connectionID=5
time="2026-03-10T14:23:18-05:00" level=info msg=ConnectionClosed connectionID=5
time="2026-03-10T14:23:18-05:00" level=info msg="Server closing listener. No longer accepting connections."
time="2026-03-10T14:23:18-05:00" level=info msg="stats stopped: context canceled"
Starting server with Config HP="127.0.0.1:13322"|T="28800000"|R="false"|L="info"
time="2026-03-10T14:53:17-05:00" level=info msg="Server ready. Accepting connections."
time="2026-03-10T14:53:17-05:00" level=warning msg="secure_file_priv is set to \"\", which is insecure."
time="2026-03-10T14:53:17-05:00" level=warning msg="Any user with GRANT FILE privileges will be able to read any file which the sql-server process can read."
time="2026-03-10T14:53:17-05:00" level=warning msg="Please consider restarting the server with secure_file_priv set to a safe (or non-existent) directory."
time="2026-03-10T14:53:17-05:00" level=info msg=NewConnection DisableClientMultiStatements=false connectionID=1
time="2026-03-10T14:53:17-05:00" level=info msg=ConnectionClosed connectionID=1
time="2026-03-10T14:53:17-05:00" level=info msg=NewConnection DisableClientMultiStatements=false connectionID=2
time="2026-03-10T14:53:17-05:00" level=info msg=ConnectionClosed connectionID=2
time="2026-03-10T14:53:17-05:00" level=info msg=NewConnection DisableClientMultiStatements=false connectionID=3
time="2026-03-10T14:53:17-05:00" level=info msg=NewConnection DisableClientMultiStatements=false connectionID=4
time="2026-03-10T14:53:17-05:00" level=info msg=ConnectionClosed connectionID=3
time="2026-03-10T14:53:17-05:00" level=info msg=ConnectionClosed connectionID=4
time="2026-03-10T15:23:22-05:00" level=info msg=NewConnection DisableClientMultiStatements=false connectionID=5
time="2026-03-10T15:23:22-05:00" level=info msg=ConnectionClosed connectionID=5
time="2026-03-10T15:23:22-05:00" level=info msg="Server closing listener. No longer accepting connections."
time="2026-03-10T15:23:22-05:00" level=info msg="stats stopped: context canceled"
Starting server with Config HP="127.0.0.1:13322"|T="28800000"|R="false"|L="info"
time="2026-03-10T15:24:54-05:00" level=info msg="Server ready. Accepting connections."
time="2026-03-10T15:24:54-05:00" level=warning msg="secure_file_priv is set to \"\", which is insecure."
time="2026-03-10T15:24:54-05:00" level=warning msg="Any user with GRANT FILE privileges will be able to read any file which the sql-server process can read."
time="2026-03-10T15:24:54-05:00" level=warning msg="Please consider restarting the server with secure_file_priv set to a safe (or non-existent) directory."
time="2026-03-10T15:24:55-05:00" level=info msg=NewConnection DisableClientMultiStatements=false connectionID=1
time="2026-03-10T15:24:55-05:00" level=info msg=ConnectionClosed connectionID=1
time="2026-03-10T15:24:55-05:00" level=info msg=NewConnection DisableClientMultiStatements=false connectionID=2
time="2026-03-10T15:24:55-05:00" level=info msg=ConnectionClosed connectionID=2
time="2026-03-10T15:24:55-05:00" level=info msg=NewConnection DisableClientMultiStatements=false connectionID=3
time="2026-03-10T15:24:55-05:00" level=info msg=NewConnection DisableClientMultiStatements=false connectionID=4
time="2026-03-10T15:24:55-05:00" level=info msg=ConnectionClosed connectionID=3
time="2026-03-10T15:24:55-05:00" level=info msg=ConnectionClosed connectionID=4
time="2026-03-10T15:53:22-05:00" level=info msg=NewConnection DisableClientMultiStatements=false connectionID=5
time="2026-03-10T15:53:22-05:00" level=info msg=ConnectionClosed connectionID=5
time="2026-03-10T15:53:22-05:00" level=info msg=NewConnection DisableClientMultiStatements=false connectionID=6
time="2026-03-10T15:53:22-05:00" level=info msg=NewConnection DisableClientMultiStatements=false connectionID=7
time="2026-03-10T15:53:22-05:00" level=info msg=ConnectionClosed connectionID=6
time="2026-03-10T15:53:22-05:00" level=info msg=ConnectionClosed connectionID=7
time="2026-03-10T15:55:26-05:00" level=info msg=NewConnection DisableClientMultiStatements=false connectionID=8
time="2026-03-10T15:55:26-05:00" level=info msg=ConnectionClosed connectionID=8
time="2026-03-10T15:55:26-05:00" level=info msg="Server closing listener. No longer accepting connections."
time="2026-03-10T15:55:26-05:00" level=info msg="stats stopped: context canceled"
Starting server with Config HP="127.0.0.1:13322"|T="28800000"|R="false"|L="info"
time="2026-03-10T16:53:30-05:00" level=info msg="Server ready. Accepting connections."
time="2026-03-10T16:53:30-05:00" level=warning msg="secure_file_priv is set to \"\", which is insecure."
time="2026-03-10T16:53:30-05:00" level=warning msg="Any user with GRANT FILE privileges will be able to read any file which the sql-server process can read."
time="2026-03-10T16:53:30-05:00" level=warning msg="Please consider restarting the server with secure_file_priv set to a safe (or non-existent) directory."
time="2026-03-10T16:53:30-05:00" level=info msg=NewConnection DisableClientMultiStatements=false connectionID=1
time="2026-03-10T16:53:30-05:00" level=info msg=ConnectionClosed connectionID=1
time="2026-03-10T16:53:30-05:00" level=info msg=NewConnection DisableClientMultiStatements=false connectionID=2
time="2026-03-10T16:53:30-05:00" level=info msg=ConnectionClosed connectionID=2
time="2026-03-10T16:53:30-05:00" level=info msg=NewConnection DisableClientMultiStatements=false connectionID=3
time="2026-03-10T16:53:30-05:00" level=info msg=NewConnection DisableClientMultiStatements=false connectionID=4
time="2026-03-10T16:53:30-05:00" level=info msg=ConnectionClosed connectionID=3
time="2026-03-10T16:53:30-05:00" level=info msg=ConnectionClosed connectionID=4
time="2026-03-10T17:23:32-05:00" level=info msg=NewConnection DisableClientMultiStatements=false connectionID=5
time="2026-03-10T17:23:32-05:00" level=info msg=ConnectionClosed connectionID=5
time="2026-03-10T17:23:32-05:00" level=info msg="Server closing listener. No longer accepting connections."
time="2026-03-10T17:23:32-05:00" level=info msg="stats stopped: context canceled"
Starting server with Config HP="127.0.0.1:13322"|T="28800000"|R="false"|L="info"
time="2026-03-10T17:47:33-05:00" level=info msg="Server ready. Accepting connections."
time="2026-03-10T17:47:33-05:00" level=warning msg="secure_file_priv is set to \"\", which is insecure."
time="2026-03-10T17:47:33-05:00" level=warning msg="Any user with GRANT FILE privileges will be able to read any file which the sql-server process can read."
time="2026-03-10T17:47:33-05:00" level=warning msg="Please consider restarting the server with secure_file_priv set to a safe (or non-existent) directory."
time="2026-03-10T17:47:34-05:00" level=info msg=NewConnection DisableClientMultiStatements=false connectionID=1
time="2026-03-10T17:47:34-05:00" level=info msg=ConnectionClosed connectionID=1
time="2026-03-10T17:47:34-05:00" level=info msg=NewConnection DisableClientMultiStatements=false connectionID=2
time="2026-03-10T17:47:34-05:00" level=info msg=ConnectionClosed connectionID=2
time="2026-03-10T17:47:34-05:00" level=info msg=NewConnection DisableClientMultiStatements=false connectionID=3
time="2026-03-10T17:47:34-05:00" level=info msg=NewConnection DisableClientMultiStatements=false connectionID=4
time="2026-03-10T17:47:34-05:00" level=info msg=ConnectionClosed connectionID=3
time="2026-03-10T17:47:34-05:00" level=warning msg="error running query" connectTime="2026-03-10 17:47:34.027516 -0500 CDT m=+0.498160584" connectionDb=beads_GrowWise connectionID=4 error="nothing to commit" queryTime="2026-03-10 17:47:34.037096 -0500 CDT m=+0.507740751"
time="2026-03-10T17:47:34-05:00" level=info msg=NewConnection DisableClientMultiStatements=false connectionID=5
time="2026-03-10T17:47:34-05:00" level=info msg=NewConnection DisableClientMultiStatements=false connectionID=6
time="2026-03-10T17:47:34-05:00" level=info msg=ConnectionClosed connectionID=6
time="2026-03-10T17:47:34-05:00" level=info msg=NewConnection DisableClientMultiStatements=false connectionID=7
time="2026-03-10T17:47:34-05:00" level=info msg=NewConnection DisableClientMultiStatements=false connectionID=8
time="2026-03-10T17:47:34-05:00" level=info msg=ConnectionClosed connectionID=7
time="2026-03-10T17:47:34-05:00" level=warning msg="error running query" connectTime="2026-03-10 17:47:34.073556 -0500 CDT m=+0.544201001" connectionDb=beads_GrowWise connectionID=8 error="nothing to commit" queryTime="2026-03-10 17:47:34.084273 -0500 CDT m=+0.554918042"
time="2026-03-10T17:47:34-05:00" level=info msg=ConnectionClosed connectionID=5
time="2026-03-10T17:47:34-05:00" level=info msg=ConnectionClosed connectionID=8
time="2026-03-10T17:47:34-05:00" level=info msg=ConnectionClosed connectionID=4
time="2026-03-10T17:53:50-05:00" level=info msg=NewConnection DisableClientMultiStatements=false connectionID=9
time="2026-03-10T17:53:50-05:00" level=info msg=ConnectionClosed connectionID=9
time="2026-03-10T17:53:50-05:00" level=info msg=NewConnection DisableClientMultiStatements=false connectionID=10
time="2026-03-10T17:53:50-05:00" level=info msg=NewConnection DisableClientMultiStatements=false connectionID=11
time="2026-03-10T17:53:50-05:00" level=info msg=ConnectionClosed connectionID=10
time="2026-03-10T17:53:50-05:00" level=info msg=ConnectionClosed connectionID=11
time="2026-03-10T17:57:22-05:00" level=info msg=NewConnection DisableClientMultiStatements=false connectionID=12
time="2026-03-10T17:57:22-05:00" level=info msg=ConnectionClosed connectionID=12
time="2026-03-10T17:57:22-05:00" level=info msg=NewConnection DisableClientMultiStatements=false connectionID=13
time="2026-03-10T17:57:22-05:00" level=info msg=NewConnection DisableClientMultiStatements=false connectionID=14
time="2026-03-10T17:57:22-05:00" level=info msg=ConnectionClosed connectionID=13
time="2026-03-10T17:57:22-05:00" level=info msg=ConnectionClosed connectionID=14
time="2026-03-10T17:59:40-05:00" level=info msg=NewConnection DisableClientMultiStatements=false connectionID=15
time="2026-03-10T17:59:40-05:00" level=info msg=ConnectionClosed connectionID=15
time="2026-03-10T17:59:40-05:00" level=info msg=NewConnection DisableClientMultiStatements=false connectionID=16
time="2026-03-10T17:59:40-05:00" level=info msg=NewConnection DisableClientMultiStatements=false connectionID=17
time="2026-03-10T17:59:40-05:00" level=info msg=ConnectionClosed connectionID=16
time="2026-03-10T17:59:40-05:00" level=info msg=ConnectionClosed connectionID=17
time="2026-03-10T18:04:31-05:00" level=info msg=NewConnection DisableClientMultiStatements=false connectionID=18
time="2026-03-10T18:04:31-05:00" level=info msg=ConnectionClosed connectionID=18
time="2026-03-10T18:04:31-05:00" level=info msg=NewConnection DisableClientMultiStatements=false connectionID=19
time="2026-03-10T18:04:31-05:00" level=info msg=NewConnection DisableClientMultiStatements=false connectionID=20
time="2026-03-10T18:04:31-05:00" level=info msg=ConnectionClosed connectionID=19
time="2026-03-10T18:04:32-05:00" level=info msg=ConnectionClosed connectionID=20
Starting server with Config HP="127.0.0.1:13322"|T="28800000"|R="false"|L="info"
time="2026-03-10T18:23:15-05:00" level=info msg="Server ready. Accepting connections."
time="2026-03-10T18:23:15-05:00" level=warning msg="secure_file_priv is set to \"\", which is insecure."
time="2026-03-10T18:23:15-05:00" level=warning msg="Any user with GRANT FILE privileges will be able to read any file which the sql-server process can read."
time="2026-03-10T18:23:15-05:00" level=warning msg="Please consider restarting the server with secure_file_priv set to a safe (or non-existent) directory."
time="2026-03-10T18:23:15-05:00" level=info msg=NewConnection DisableClientMultiStatements=false connectionID=1
time="2026-03-10T18:23:15-05:00" level=info msg=ConnectionClosed connectionID=1
time="2026-03-10T18:23:15-05:00" level=info msg=NewConnection DisableClientMultiStatements=false connectionID=2
time="2026-03-10T18:23:15-05:00" level=info msg=ConnectionClosed connectionID=2
time="2026-03-10T18:23:15-05:00" level=info msg=NewConnection DisableClientMultiStatements=false connectionID=3
time="2026-03-10T18:23:15-05:00" level=info msg=NewConnection DisableClientMultiStatements=false connectionID=4
time="2026-03-10T18:23:15-05:00" level=info msg=ConnectionClosed connectionID=3
time="2026-03-10T18:23:15-05:00" level=info msg=ConnectionClosed connectionID=4
time="2026-03-10T18:29:37-05:00" level=info msg=NewConnection DisableClientMultiStatements=false connectionID=5
time="2026-03-10T18:29:37-05:00" level=info msg=ConnectionClosed connectionID=5
time="2026-03-10T18:29:37-05:00" level=info msg=NewConnection DisableClientMultiStatements=false connectionID=6
time="2026-03-10T18:29:37-05:00" level=info msg=NewConnection DisableClientMultiStatements=false connectionID=7
time="2026-03-10T18:29:37-05:00" level=info msg=ConnectionClosed connectionID=6
time="2026-03-10T18:29:37-05:00" level=info msg=ConnectionClosed connectionID=7
time="2026-03-10T18:31:25-05:00" level=info msg=NewConnection DisableClientMultiStatements=false connectionID=8
time="2026-03-10T18:31:25-05:00" level=info msg=ConnectionClosed connectionID=8
time="2026-03-10T18:31:25-05:00" level=info msg=NewConnection DisableClientMultiStatements=false connectionID=9
time="2026-03-10T18:31:25-05:00" level=info msg=NewConnection DisableClientMultiStatements=false connectionID=10
time="2026-03-10T18:31:25-05:00" level=info msg=ConnectionClosed connectionID=9
time="2026-03-10T18:31:25-05:00" level=info msg=ConnectionClosed connectionID=10
time="2026-03-10T18:32:14-05:00" level=info msg=NewConnection DisableClientMultiStatements=false connectionID=11
time="2026-03-10T18:32:14-05:00" level=info msg=ConnectionClosed connectionID=11
time="2026-03-10T18:32:14-05:00" level=info msg=NewConnection DisableClientMultiStatements=false connectionID=12
time="2026-03-10T18:32:14-05:00" level=info msg=NewConnection DisableClientMultiStatements=false connectionID=13
time="2026-03-10T18:32:14-05:00" level=info msg=ConnectionClosed connectionID=12
time="2026-03-10T18:32:14-05:00" level=info msg=ConnectionClosed connectionID=13
time="2026-03-10T18:32:55-05:00" level=info msg=NewConnection DisableClientMultiStatements=false connectionID=14
time="2026-03-10T18:32:55-05:00" level=info msg=ConnectionClosed connectionID=14
time="2026-03-10T18:32:55-05:00" level=info msg=NewConnection DisableClientMultiStatements=false connectionID=15
time="2026-03-10T18:32:55-05:00" level=info msg=NewConnection DisableClientMultiStatements=false connectionID=16
time="2026-03-10T18:32:55-05:00" level=info msg=ConnectionClosed connectionID=15
time="2026-03-10T18:32:55-05:00" level=info msg=ConnectionClosed connectionID=16
time="2026-03-10T18:35:20-05:00" level=info msg=NewConnection DisableClientMultiStatements=false connectionID=17
time="2026-03-10T18:35:20-05:00" level=info msg=ConnectionClosed connectionID=17
time="2026-03-10T18:35:20-05:00" level=info msg=NewConnection DisableClientMultiStatements=false connectionID=18
time="2026-03-10T18:35:20-05:00" level=info msg=NewConnection DisableClientMultiStatements=false connectionID=19
time="2026-03-10T18:35:20-05:00" level=info msg=ConnectionClosed connectionID=18
time="2026-03-10T18:35:20-05:00" level=info msg=ConnectionClosed connectionID=19
time="2026-03-10T18:36:34-05:00" level=info msg=NewConnection DisableClientMultiStatements=false connectionID=20
time="2026-03-10T18:36:34-05:00" level=info msg=ConnectionClosed connectionID=20
time="2026-03-10T18:36:34-05:00" level=info msg=NewConnection DisableClientMultiStatements=false connectionID=21
time="2026-03-10T18:36:34-05:00" level=info msg=NewConnection DisableClientMultiStatements=false connectionID=22
time="2026-03-10T18:36:34-05:00" level=info msg=ConnectionClosed connectionID=21
time="2026-03-10T18:36:34-05:00" level=info msg=ConnectionClosed connectionID=22
time="2026-03-10T18:37:27-05:00" level=info msg=NewConnection DisableClientMultiStatements=false connectionID=23
time="2026-03-10T18:37:27-05:00" level=info msg=ConnectionClosed connectionID=23
time="2026-03-10T18:37:27-05:00" level=info msg=NewConnection DisableClientMultiStatements=false connectionID=24
time="2026-03-10T18:37:27-05:00" level=info msg=NewConnection DisableClientMultiStatements=false connectionID=25
time="2026-03-10T18:37:27-05:00" level=info msg=ConnectionClosed connectionID=24
time="2026-03-10T18:37:27-05:00" level=info msg=ConnectionClosed connectionID=25
time="2026-03-10T18:38:51-05:00" level=info msg=NewConnection DisableClientMultiStatements=false connectionID=26
time="2026-03-10T18:38:51-05:00" level=info msg=ConnectionClosed connectionID=26
time="2026-03-10T18:38:51-05:00" level=info msg=NewConnection DisableClientMultiStatements=false connectionID=27
time="2026-03-10T18:38:51-05:00" level=info msg=NewConnection DisableClientMultiStatements=false connectionID=28
time="2026-03-10T18:38:51-05:00" level=info msg=ConnectionClosed connectionID=27
time="2026-03-10T18:38:51-05:00" level=warning msg="error running query" connectTime="2026-03-10 18:38:51.479357 -0500 CDT m=+936.064525417" connectionDb=beads_GrowWise connectionID=28 error="nothing to commit" queryTime="2026-03-10 18:38:51.490097 -0500 CDT m=+936.075265417"
time="2026-03-10T18:38:51-05:00" level=info msg=NewConnection DisableClientMultiStatements=false connectionID=29
time="2026-03-10T18:38:51-05:00" level=info msg=ConnectionClosed connectionID=29
time="2026-03-10T18:38:51-05:00" level=info msg=ConnectionClosed connectionID=28
time="2026-03-10T18:38:54-05:00" level=info msg=NewConnection DisableClientMultiStatements=false connectionID=30
time="2026-03-10T18:38:54-05:00" level=info msg=ConnectionClosed connectionID=30
time="2026-03-10T18:38:54-05:00" level=info msg=NewConnection DisableClientMultiStatements=false connectionID=31
time="2026-03-10T18:38:54-05:00" level=info msg=NewConnection DisableClientMultiStatements=false connectionID=32
time="2026-03-10T18:38:54-05:00" level=info msg=ConnectionClosed connectionID=31
time="2026-03-10T18:38:54-05:00" level=warning msg="error running query" connectTime="2026-03-10 18:38:54.32851 -0500 CDT m=+938.913664584" connectionDb=beads_GrowWise connectionID=32 error="nothing to commit" queryTime="2026-03-10 18:38:54.336062 -0500 CDT m=+938.921216001"
time="2026-03-10T18:38:54-05:00" level=info msg=ConnectionClosed connectionID=32
time="2026-03-10T18:40:12-05:00" level=info msg=NewConnection DisableClientMultiStatements=false connectionID=33
time="2026-03-10T18:40:12-05:00" level=info msg=NewConnection DisableClientMultiStatements=false connectionID=34
time="2026-03-10T18:40:12-05:00" level=info msg=ConnectionClosed connectionID=33
time="2026-03-10T18:40:12-05:00" level=info msg=ConnectionClosed connectionID=34
time="2026-03-10T18:40:12-05:00" level=info msg=NewConnection DisableClientMultiStatements=false connectionID=35
time="2026-03-10T18:40:12-05:00" level=info msg=NewConnection DisableClientMultiStatements=false connectionID=36
time="2026-03-10T18:40:12-05:00" level=info msg=NewConnection DisableClientMultiStatements=false connectionID=37
time="2026-03-10T18:40:12-05:00" level=info msg=NewConnection DisableClientMultiStatements=false connectionID=38
time="2026-03-10T18:40:12-05:00" level=info msg=ConnectionClosed connectionID=35
time="2026-03-10T18:40:12-05:00" level=info msg=ConnectionClosed connectionID=36
time="2026-03-10T18:40:12-05:00" level=warning msg="error running query" connectTime="2026-03-10 18:40:12.316769 -0500 CDT m=+1016.901543459" connectionDb=beads_GrowWise connectionID=37 error="nothing to commit" queryTime="2026-03-10 18:40:12.323206 -0500 CDT m=+1016.907980251"
time="2026-03-10T18:40:12-05:00" level=warning msg="error running query" connectTime="2026-03-10 18:40:12.316917 -0500 CDT m=+1016.901691417" connectionDb=beads_GrowWise connectionID=38 error="nothing to commit" queryTime="2026-03-10 18:40:12.328302 -0500 CDT m=+1016.913076001"
time="2026-03-10T18:40:12-05:00" level=info msg=ConnectionClosed connectionID=37
time="2026-03-10T18:40:12-05:00" level=info msg=ConnectionClosed connectionID=38
time="2026-03-10T18:41:54-05:00" level=info msg=NewConnection DisableClientMultiStatements=false connectionID=40
time="2026-03-10T18:41:54-05:00" level=info msg=NewConnection DisableClientMultiStatements=false connectionID=39
time="2026-03-10T18:41:54-05:00" level=info msg=ConnectionClosed connectionID=40
time="2026-03-10T18:41:54-05:00" level=info msg=ConnectionClosed connectionID=39
time="2026-03-10T18:41:54-05:00" level=info msg=NewConnection DisableClientMultiStatements=false connectionID=42
time="2026-03-10T18:41:54-05:00" level=info msg=NewConnection DisableClientMultiStatements=false connectionID=41
time="2026-03-10T18:41:54-05:00" level=info msg=NewConnection DisableClientMultiStatements=false connectionID=43
time="2026-03-10T18:41:54-05:00" level=info msg=NewConnection DisableClientMultiStatements=false connectionID=44
time="2026-03-10T18:41:54-05:00" level=info msg=ConnectionClosed connectionID=42
time="2026-03-10T18:41:54-05:00" level=info msg=ConnectionClosed connectionID=41
time="2026-03-10T18:41:54-05:00" level=warning msg="error running query" connectTime="2026-03-10 18:41:54.073421 -0500 CDT m=+1118.657699126" connectionDb=beads_GrowWise connectionID=43 error="nothing to commit" queryTime="2026-03-10 18:41:54.081062 -0500 CDT m=+1118.665340167"
time="2026-03-10T18:41:54-05:00" level=warning msg="error running query" connectTime="2026-03-10 18:41:54.073589 -0500 CDT m=+1118.657866751" connectionDb=beads_GrowWise connectionID=44 error="nothing to commit" queryTime="2026-03-10 18:41:54.084904 -0500 CDT m=+1118.669181751"
time="2026-03-10T18:41:54-05:00" level=info msg=ConnectionClosed connectionID=44
time="2026-03-10T18:41:54-05:00" level=info msg=ConnectionClosed connectionID=43
time="2026-03-10T18:53:58-05:00" level=info msg=NewConnection DisableClientMultiStatements=false connectionID=45
time="2026-03-10T18:53:58-05:00" level=info msg=ConnectionClosed connectionID=45
time="2026-03-10T18:53:58-05:00" level=info msg=NewConnection DisableClientMultiStatements=false connectionID=46
time="2026-03-10T18:53:58-05:00" level=info msg=NewConnection DisableClientMultiStatements=false connectionID=47
time="2026-03-10T18:53:58-05:00" level=info msg=ConnectionClosed connectionID=46
time="2026-03-10T18:53:58-05:00" level=info msg=ConnectionClosed connectionID=47
time="2026-03-10T18:54:54-05:00" level=info msg=NewConnection DisableClientMultiStatements=false connectionID=48
time="2026-03-10T18:54:54-05:00" level=info msg=ConnectionClosed connectionID=48
time="2026-03-10T18:54:54-05:00" level=info msg=NewConnection DisableClientMultiStatements=false connectionID=49
time="2026-03-10T18:54:54-05:00" level=info msg=NewConnection DisableClientMultiStatements=false connectionID=50
time="2026-03-10T18:54:54-05:00" level=info msg=ConnectionClosed connectionID=49
time="2026-03-10T18:54:54-05:00" level=info msg=ConnectionClosed connectionID=50
time="2026-03-10T19:12:39-05:00" level=info msg=NewConnection DisableClientMultiStatements=false connectionID=51
time="2026-03-10T19:12:39-05:00" level=info msg=ConnectionClosed connectionID=51
time="2026-03-10T19:12:39-05:00" level=info msg="Server closing listener. No longer accepting connections."
time="2026-03-10T19:12:39-05:00" level=info msg="stats stopped: context canceled"
Starting server with Config HP="127.0.0.1:13322"|T="28800000"|R="false"|L="info"
time="2026-03-10T19:37:06-05:00" level=info msg="Server ready. Accepting connections."
time="2026-03-10T19:37:06-05:00" level=warning msg="secure_file_priv is set to \"\", which is insecure."
time="2026-03-10T19:37:06-05:00" level=warning msg="Any user with GRANT FILE privileges will be able to read any file which the sql-server process can read."
time="2026-03-10T19:37:06-05:00" level=warning msg="Please consider restarting the server with secure_file_priv set to a safe (or non-existent) directory."
time="2026-03-10T19:37:07-05:00" level=info msg=NewConnection DisableClientMultiStatements=false connectionID=1
time="2026-03-10T19:37:07-05:00" level=info msg=ConnectionClosed connectionID=1
time="2026-03-10T19:37:07-05:00" level=info msg=NewConnection DisableClientMultiStatements=false connectionID=2
time="2026-03-10T19:37:07-05:00" level=info msg=ConnectionClosed connectionID=2
time="2026-03-10T19:37:07-05:00" level=info msg=NewConnection DisableClientMultiStatements=false connectionID=3
time="2026-03-10T19:37:07-05:00" level=info msg=NewConnection DisableClientMultiStatements=false connectionID=4
time="2026-03-10T19:37:07-05:00" level=info msg=ConnectionClosed connectionID=3
time="2026-03-10T19:37:07-05:00" level=warning msg="error running query" connectTime="2026-03-10 19:37:07.112229 -0500 CDT m=+0.502231376" connectionDb=beads_GrowWise connectionID=4 error="nothing to commit" queryTime="2026-03-10 19:37:07.12091 -0500 CDT m=+0.510912793"
time="2026-03-10T19:37:07-05:00" level=info msg=NewConnection DisableClientMultiStatements=false connectionID=5
time="2026-03-10T19:37:07-05:00" level=info msg=ConnectionClosed connectionID=5
time="2026-03-10T19:37:07-05:00" level=info msg=ConnectionClosed connectionID=4
time="2026-03-10T19:37:12-05:00" level=info msg=NewConnection DisableClientMultiStatements=false connectionID=6
time="2026-03-10T19:37:12-05:00" level=info msg=ConnectionClosed connectionID=6
time="2026-03-10T19:37:12-05:00" level=info msg=NewConnection DisableClientMultiStatements=false connectionID=7
time="2026-03-10T19:37:12-05:00" level=info msg=NewConnection DisableClientMultiStatements=false connectionID=8
time="2026-03-10T19:37:12-05:00" level=info msg=ConnectionClosed connectionID=7
time="2026-03-10T19:37:12-05:00" level=warning msg="error running query" connectTime="2026-03-10 19:37:12.491831 -0500 CDT m=+5.881809334" connectionDb=beads_GrowWise connectionID=8 error="nothing to commit" queryTime="2026-03-10 19:37:12.498639 -0500 CDT m=+5.888617001"
time="2026-03-10T19:37:12-05:00" level=info msg=NewConnection DisableClientMultiStatements=false connectionID=9
time="2026-03-10T19:37:12-05:00" level=info msg=ConnectionClosed connectionID=9
time="2026-03-10T19:37:12-05:00" level=info msg=ConnectionClosed connectionID=8
time="2026-03-10T19:37:23-05:00" level=info msg=NewConnection DisableClientMultiStatements=false connectionID=10
time="2026-03-10T19:37:23-05:00" level=info msg=ConnectionClosed connectionID=10
time="2026-03-10T19:37:23-05:00" level=info msg=NewConnection DisableClientMultiStatements=false connectionID=11
time="2026-03-10T19:37:23-05:00" level=info msg=NewConnection DisableClientMultiStatements=false connectionID=12
time="2026-03-10T19:37:23-05:00" level=info msg=ConnectionClosed connectionID=11
time="2026-03-10T19:37:23-05:00" level=info msg=ConnectionClosed connectionID=12
time="2026-03-10T19:54:06-05:00" level=info msg=NewConnection DisableClientMultiStatements=false connectionID=13
time="2026-03-10T19:54:06-05:00" level=info msg=ConnectionClosed connectionID=13
time="2026-03-10T19:54:06-05:00" level=info msg=NewConnection DisableClientMultiStatements=false connectionID=14
time="2026-03-10T19:54:06-05:00" level=info msg=NewConnection DisableClientMultiStatements=false connectionID=15
time="2026-03-10T19:54:06-05:00" level=info msg=ConnectionClosed connectionID=14
time="2026-03-10T19:54:06-05:00" level=info msg=ConnectionClosed connectionID=15
time="2026-03-10T19:56:33-05:00" level=info msg=NewConnection DisableClientMultiStatements=false connectionID=16
time="2026-03-10T19:56:33-05:00" level=info msg=ConnectionClosed connectionID=16
time="2026-03-10T19:56:33-05:00" level=info msg=NewConnection DisableClientMultiStatements=false connectionID=17
time="2026-03-10T19:56:33-05:00" level=info msg=NewConnection DisableClientMultiStatements=false connectionID=18
time="2026-03-10T19:56:33-05:00" level=info msg=ConnectionClosed connectionID=17
time="2026-03-10T19:56:33-05:00" level=warning msg="error running query" connectTime="2026-03-10 19:56:33.135235 -0500 CDT m=+1166.519955793" connectionDb=beads_GrowWise connectionID=18 error="nothing to commit" queryTime="2026-03-10 19:56:33.145356 -0500 CDT m=+1166.530076084"
time="2026-03-10T19:56:33-05:00" level=info msg=NewConnection DisableClientMultiStatements=false connectionID=19
time="2026-03-10T19:56:33-05:00" level=info msg=ConnectionClosed connectionID=19
time="2026-03-10T19:56:33-05:00" level=info msg=ConnectionClosed connectionID=18
time="2026-03-10T20:07:42-05:00" level=info msg=NewConnection DisableClientMultiStatements=false connectionID=20
time="2026-03-10T20:07:42-05:00" level=info msg=ConnectionClosed connectionID=20
time="2026-03-10T20:07:42-05:00" level=info msg="Server closing listener. No longer accepting connections."
time="2026-03-10T20:07:42-05:00" level=info msg="stats stopped: context canceled"
Starting server with Config HP="127.0.0.1:13322"|T="28800000"|R="false"|L="info"
time="2026-03-10T20:35:47-05:00" level=info msg="Server ready. Accepting connections."
time="2026-03-10T20:35:47-05:00" level=warning msg="secure_file_priv is set to \"\", which is insecure."
time="2026-03-10T20:35:47-05:00" level=warning msg="Any user with GRANT FILE privileges will be able to read any file which the sql-server process can read."
time="2026-03-10T20:35:47-05:00" level=warning msg="Please consider restarting the server with secure_file_priv set to a safe (or non-existent) directory."
time="2026-03-10T20:35:48-05:00" level=info msg=NewConnection DisableClientMultiStatements=false connectionID=1
time="2026-03-10T20:35:48-05:00" level=info msg=ConnectionClosed connectionID=1
time="2026-03-10T20:35:48-05:00" level=info msg=NewConnection DisableClientMultiStatements=false connectionID=2
time="2026-03-10T20:35:48-05:00" level=info msg=ConnectionClosed connectionID=2
time="2026-03-10T20:35:48-05:00" level=info msg=NewConnection DisableClientMultiStatements=false connectionID=3
time="2026-03-10T20:35:48-05:00" level=info msg=NewConnection DisableClientMultiStatements=false connectionID=4
time="2026-03-10T20:35:48-05:00" level=info msg=ConnectionClosed connectionID=3
time="2026-03-10T20:35:48-05:00" level=warning msg="error running query" connectTime="2026-03-10 20:35:48.312984 -0500 CDT m=+0.498095043" connectionDb=beads_GrowWise connectionID=4 error="nothing to commit" queryTime="2026-03-10 20:35:48.322629 -0500 CDT m=+0.507739251"
time="2026-03-10T20:35:48-05:00" level=info msg=NewConnection DisableClientMultiStatements=false connectionID=5
time="2026-03-10T20:35:48-05:00" level=info msg=ConnectionClosed connectionID=5
time="2026-03-10T20:35:48-05:00" level=info msg=ConnectionClosed connectionID=4
time="2026-03-10T20:35:48-05:00" level=info msg=NewConnection DisableClientMultiStatements=false connectionID=6
time="2026-03-10T20:35:48-05:00" level=info msg=ConnectionClosed connectionID=6
time="2026-03-10T20:35:48-05:00" level=info msg=NewConnection DisableClientMultiStatements=false connectionID=7
time="2026-03-10T20:35:48-05:00" level=info msg=NewConnection DisableClientMultiStatements=false connectionID=8
time="2026-03-10T20:35:48-05:00" level=info msg=ConnectionClosed connectionID=7
time="2026-03-10T20:35:48-05:00" level=warning msg="error running query" connectTime="2026-03-10 20:35:48.545767 -0500 CDT m=+0.730876584" connectionDb=beads_GrowWise connectionID=8 error="nothing to commit" queryTime="2026-03-10 20:35:48.553358 -0500 CDT m=+0.738467334"
time="2026-03-10T20:35:48-05:00" level=info msg=ConnectionClosed connectionID=8
time="2026-03-10T20:35:55-05:00" level=info msg=NewConnection DisableClientMultiStatements=false connectionID=9
time="2026-03-10T20:35:55-05:00" level=info msg=ConnectionClosed connectionID=9
time="2026-03-10T20:35:55-05:00" level=info msg=NewConnection DisableClientMultiStatements=false connectionID=10
time="2026-03-10T20:35:55-05:00" level=info msg=NewConnection DisableClientMultiStatements=false connectionID=11
time="2026-03-10T20:35:55-05:00" level=info msg=ConnectionClosed connectionID=10
time="2026-03-10T20:35:55-05:00" level=warning msg="error running query" connectTime="2026-03-10 20:35:55.335042 -0500 CDT m=+7.520120584" connectionDb=beads_GrowWise connectionID=11 error="nothing to commit" queryTime="2026-03-10 20:35:55.344174 -0500 CDT m=+7.529252626"
time="2026-03-10T20:35:55-05:00" level=info msg=ConnectionClosed connectionID=11
time="2026-03-10T20:35:55-05:00" level=info msg=NewConnection DisableClientMultiStatements=false connectionID=12
time="2026-03-10T20:35:55-05:00" level=info msg=ConnectionClosed connectionID=12
time="2026-03-10T20:35:55-05:00" level=info msg=NewConnection DisableClientMultiStatements=false connectionID=13
time="2026-03-10T20:35:55-05:00" level=info msg=NewConnection DisableClientMultiStatements=false connectionID=14
time="2026-03-10T20:35:55-05:00" level=info msg=ConnectionClosed connectionID=13
time="2026-03-10T20:35:55-05:00" level=warning msg="error running query" connectTime="2026-03-10 20:35:55.432251 -0500 CDT m=+7.617329834" connectionDb=beads_GrowWise connectionID=14 error="nothing to commit" queryTime="2026-03-10 20:35:55.439979 -0500 CDT m=+7.625057668"
time="2026-03-10T20:35:55-05:00" level=info msg=ConnectionClosed connectionID=14
time="2026-03-10T20:44:03-05:00" level=info msg=NewConnection DisableClientMultiStatements=false connectionID=15
time="2026-03-10T20:44:03-05:00" level=info msg=ConnectionClosed connectionID=15
time="2026-03-10T20:44:03-05:00" level=info msg=NewConnection DisableClientMultiStatements=false connectionID=16
time="2026-03-10T20:44:03-05:00" level=info msg=NewConnection DisableClientMultiStatements=false connectionID=17
time="2026-03-10T20:44:03-05:00" level=info msg=ConnectionClosed connectionID=16
time="2026-03-10T20:44:03-05:00" level=warning msg="error running query" connectTime="2026-03-10 20:44:03.915581 -0500 CDT m=+496.098440793" connectionDb=beads_GrowWise connectionID=17 error="nothing to commit" queryTime="2026-03-10 20:44:03.922822 -0500 CDT m=+496.105681959"
time="2026-03-10T20:44:03-05:00" level=info msg=NewConnection DisableClientMultiStatements=false connectionID=18
time="2026-03-10T20:44:04-05:00" level=info msg=ConnectionClosed connectionID=18
time="2026-03-10T20:44:04-05:00" level=info msg=ConnectionClosed connectionID=17
time="2026-03-10T20:44:04-05:00" level=info msg=NewConnection DisableClientMultiStatements=false connectionID=19
time="2026-03-10T20:44:04-05:00" level=info msg=ConnectionClosed connectionID=19
time="2026-03-10T20:44:04-05:00" level=info msg=NewConnection DisableClientMultiStatements=false connectionID=20
time="2026-03-10T20:44:04-05:00" level=info msg=NewConnection DisableClientMultiStatements=false connectionID=21
time="2026-03-10T20:44:04-05:00" level=info msg=ConnectionClosed connectionID=20
time="2026-03-10T20:44:04-05:00" level=warning msg="error running query" connectTime="2026-03-10 20:44:04.08135 -0500 CDT m=+496.264208918" connectionDb=beads_GrowWise connectionID=21 error="nothing to commit" queryTime="2026-03-10 20:44:04.088723 -0500 CDT m=+496.271581918"
time="2026-03-10T20:44:04-05:00" level=info msg=NewConnection DisableClientMultiStatements=false connectionID=22
time="2026-03-10T20:44:04-05:00" level=info msg=ConnectionClosed connectionID=22
time="2026-03-10T20:44:04-05:00" level=info msg=ConnectionClosed connectionID=21
time="2026-03-10T20:44:20-05:00" level=info msg=NewConnection DisableClientMultiStatements=false connectionID=23
time="2026-03-10T20:44:20-05:00" level=info msg=ConnectionClosed connectionID=23
time="2026-03-10T20:44:20-05:00" level=info msg=NewConnection DisableClientMultiStatements=false connectionID=24
time="2026-03-10T20:44:20-05:00" level=info msg=NewConnection DisableClientMultiStatements=false connectionID=25
time="2026-03-10T20:44:20-05:00" level=info msg=ConnectionClosed connectionID=24
time="2026-03-10T20:44:20-05:00" level=info msg=ConnectionClosed connectionID=25
time="2026-03-10T20:56:05-05:00" level=info msg=NewConnection DisableClientMultiStatements=false connectionID=26
time="2026-03-10T20:56:05-05:00" level=info msg=ConnectionClosed connectionID=26
time="2026-03-10T20:56:05-05:00" level=info msg=NewConnection DisableClientMultiStatements=false connectionID=27
time="2026-03-10T20:56:05-05:00" level=info msg=NewConnection DisableClientMultiStatements=false connectionID=28
time="2026-03-10T20:56:05-05:00" level=info msg=ConnectionClosed connectionID=27
time="2026-03-10T20:56:05-05:00" level=info msg=ConnectionClosed connectionID=28
time="2026-03-10T20:57:03-05:00" level=info msg=NewConnection DisableClientMultiStatements=false connectionID=29
time="2026-03-10T20:57:03-05:00" level=info msg=ConnectionClosed connectionID=29
time="2026-03-10T20:57:03-05:00" level=info msg=NewConnection DisableClientMultiStatements=false connectionID=30
time="2026-03-10T20:57:03-05:00" level=info msg=NewConnection DisableClientMultiStatements=false connectionID=31
time="2026-03-10T20:57:03-05:00" level=info msg=ConnectionClosed connectionID=30
time="2026-03-10T20:57:03-05:00" level=info msg=ConnectionClosed connectionID=31
time="2026-03-10T20:57:20-05:00" level=info msg=NewConnection DisableClientMultiStatements=false connectionID=32
time="2026-03-10T20:57:20-05:00" level=info msg=ConnectionClosed connectionID=32
time="2026-03-10T20:57:20-05:00" level=info msg=NewConnection DisableClientMultiStatements=false connectionID=33
time="2026-03-10T20:57:20-05:00" level=info msg=NewConnection DisableClientMultiStatements=false connectionID=34
time="2026-03-10T20:57:20-05:00" level=info msg=ConnectionClosed connectionID=33
time="2026-03-10T20:57:20-05:00" level=warning msg="error running query" connectTime="2026-03-10 20:57:20.17026 -0500 CDT m=+1292.350014293" connectionDb=beads_GrowWise connectionID=34 error="nothing to commit" queryTime="2026-03-10 20:57:20.17872 -0500 CDT m=+1292.358475043"
time="2026-03-10T20:57:20-05:00" level=info msg=NewConnection DisableClientMultiStatements=false connectionID=35
time="2026-03-10T20:57:20-05:00" level=info msg=ConnectionClosed connectionID=35
time="2026-03-10T20:57:20-05:00" level=info msg=ConnectionClosed connectionID=34
time="2026-03-10T20:59:58-05:00" level=info msg=NewConnection DisableClientMultiStatements=false connectionID=36
time="2026-03-10T20:59:58-05:00" level=info msg=ConnectionClosed connectionID=36
time="2026-03-10T20:59:58-05:00" level=info msg=NewConnection DisableClientMultiStatements=false connectionID=37
time="2026-03-10T20:59:58-05:00" level=info msg=NewConnection DisableClientMultiStatements=false connectionID=38
time="2026-03-10T20:59:58-05:00" level=info msg=ConnectionClosed connectionID=37
time="2026-03-10T20:59:58-05:00" level=warning msg="error running query" connectTime="2026-03-10 20:59:58.096492 -0500 CDT m=+1450.275552418" connectionDb=beads_GrowWise connectionID=38 error="nothing to commit" queryTime="2026-03-10 20:59:58.104396 -0500 CDT m=+1450.283456918"
time="2026-03-10T20:59:58-05:00" level=info msg=ConnectionClosed connectionID=38
time="2026-03-10T21:00:27-05:00" level=info msg=NewConnection DisableClientMultiStatements=false connectionID=39
time="2026-03-10T21:00:27-05:00" level=info msg=ConnectionClosed connectionID=39
time="2026-03-10T21:00:27-05:00" level=info msg=NewConnection DisableClientMultiStatements=false connectionID=40
time="2026-03-10T21:00:27-05:00" level=info msg=NewConnection DisableClientMultiStatements=false connectionID=41
time="2026-03-10T21:00:27-05:00" level=info msg=ConnectionClosed connectionID=40
time="2026-03-10T21:00:27-05:00" level=info msg=ConnectionClosed connectionID=41
time="2026-03-10T21:06:46-05:00" level=info msg=NewConnection DisableClientMultiStatements=false connectionID=42
time="2026-03-10T21:06:46-05:00" level=info msg=ConnectionClosed connectionID=42
time="2026-03-10T21:06:46-05:00" level=info msg="Server closing listener. No longer accepting connections."
time="2026-03-10T21:06:46-05:00" level=info msg="stats stopped: context canceled"
Starting server with Config HP="127.0.0.1:13322"|T="28800000"|R="false"|L="info"
time="2026-03-10T22:00:29-05:00" level=info msg="Server ready. Accepting connections."
time="2026-03-10T22:00:29-05:00" level=warning msg="secure_file_priv is set to \"\", which is insecure."
time="2026-03-10T22:00:29-05:00" level=warning msg="Any user with GRANT FILE privileges will be able to read any file which the sql-server process can read."
time="2026-03-10T22:00:29-05:00" level=warning msg="Please consider restarting the server with secure_file_priv set to a safe (or non-existent) directory."
time="2026-03-10T22:00:30-05:00" level=info msg=NewConnection DisableClientMultiStatements=false connectionID=1
time="2026-03-10T22:00:30-05:00" level=info msg=ConnectionClosed connectionID=1
time="2026-03-10T22:00:30-05:00" level=info msg=NewConnection DisableClientMultiStatements=false connectionID=2
time="2026-03-10T22:00:30-05:00" level=info msg=ConnectionClosed connectionID=2
time="2026-03-10T22:00:30-05:00" level=info msg=NewConnection DisableClientMultiStatements=false connectionID=3
time="2026-03-10T22:00:30-05:00" level=info msg=NewConnection DisableClientMultiStatements=false connectionID=4
time="2026-03-10T22:00:30-05:00" level=info msg=ConnectionClosed connectionID=3
time="2026-03-10T22:00:30-05:00" level=info msg=ConnectionClosed connectionID=4
time="2026-03-10T22:30:32-05:00" level=info msg=NewConnection DisableClientMultiStatements=false connectionID=5
time="2026-03-10T22:30:32-05:00" level=info msg=ConnectionClosed connectionID=5
time="2026-03-10T22:30:32-05:00" level=info msg="Server closing listener. No longer accepting connections."
time="2026-03-10T22:30:32-05:00" level=info msg="stats stopped: context canceled"
Starting server with Config HP="127.0.0.1:13322"|T="28800000"|R="false"|L="info"
time="2026-03-10T22:36:17-05:00" level=info msg="Server ready. Accepting connections."
time="2026-03-10T22:36:17-05:00" level=warning msg="secure_file_priv is set to \"\", which is insecure."
time="2026-03-10T22:36:17-05:00" level=warning msg="Any user with GRANT FILE privileges will be able to read any file which the sql-server process can read."
time="2026-03-10T22:36:17-05:00" level=warning msg="Please consider restarting the server with secure_file_priv set to a safe (or non-existent) directory."
time="2026-03-10T22:36:18-05:00" level=info msg=NewConnection DisableClientMultiStatements=false connectionID=1
time="2026-03-10T22:36:18-05:00" level=info msg=ConnectionClosed connectionID=1
time="2026-03-10T22:36:18-05:00" level=info msg=NewConnection DisableClientMultiStatements=false connectionID=2
time="2026-03-10T22:36:18-05:00" level=info msg=ConnectionClosed connectionID=2
time="2026-03-10T22:36:18-05:00" level=info msg=NewConnection DisableClientMultiStatements=false connectionID=3
time="2026-03-10T22:36:18-05:00" level=info msg=NewConnection DisableClientMultiStatements=false connectionID=4
time="2026-03-10T22:36:18-05:00" level=info msg=ConnectionClosed connectionID=3
time="2026-03-10T22:36:18-05:00" level=info msg=ConnectionClosed connectionID=4
time="2026-03-10T23:00:41-05:00" level=info msg=NewConnection DisableClientMultiStatements=false connectionID=5
time="2026-03-10T23:00:41-05:00" level=info msg=ConnectionClosed connectionID=5
time="2026-03-10T23:00:41-05:00" level=info msg=NewConnection DisableClientMultiStatements=false connectionID=6
time="2026-03-10T23:00:41-05:00" level=info msg=NewConnection DisableClientMultiStatements=false connectionID=7
time="2026-03-10T23:00:41-05:00" level=info msg=ConnectionClosed connectionID=6
time="2026-03-10T23:00:41-05:00" level=info msg=ConnectionClosed connectionID=7
time="2026-03-10T23:03:28-05:00" level=info msg=NewConnection DisableClientMultiStatements=false connectionID=8
time="2026-03-10T23:03:28-05:00" level=info msg=ConnectionClosed connectionID=8
time="2026-03-10T23:03:28-05:00" level=info msg=NewConnection DisableClientMultiStatements=false connectionID=9
time="2026-03-10T23:03:28-05:00" level=info msg=NewConnection DisableClientMultiStatements=false connectionID=10
time="2026-03-10T23:03:28-05:00" level=info msg=ConnectionClosed connectionID=9
time="2026-03-10T23:03:28-05:00" level=info msg=ConnectionClosed connectionID=10
time="2026-03-10T23:06:35-05:00" level=info msg=NewConnection DisableClientMultiStatements=false connectionID=11
time="2026-03-10T23:06:35-05:00" level=info msg=ConnectionClosed connectionID=11
time="2026-03-10T23:06:35-05:00" level=info msg="Server closing listener. No longer accepting connections."
time="2026-03-10T23:06:35-05:00" level=info msg="stats stopped: context canceled"
Starting server with Config HP="127.0.0.1:13322"|T="28800000"|R="false"|L="info"
time="2026-03-11T00:03:19-05:00" level=info msg="Server ready. Accepting connections."
time="2026-03-11T00:03:19-05:00" level=warning msg="secure_file_priv is set to \"\", which is insecure."
time="2026-03-11T00:03:19-05:00" level=warning msg="Any user with GRANT FILE privileges will be able to read any file which the sql-server process can read."
time="2026-03-11T00:03:19-05:00" level=warning msg="Please consider restarting the server with secure_file_priv set to a safe (or non-existent) directory."
time="2026-03-11T00:03:19-05:00" level=info msg=NewConnection DisableClientMultiStatements=false connectionID=1
time="2026-03-11T00:03:19-05:00" level=info msg=ConnectionClosed connectionID=1
time="2026-03-11T00:03:19-05:00" level=info msg=NewConnection DisableClientMultiStatements=false connectionID=2
time="2026-03-11T00:03:19-05:00" level=info msg=ConnectionClosed connectionID=2
time="2026-03-11T00:03:19-05:00" level=info msg=NewConnection DisableClientMultiStatements=false connectionID=3
time="2026-03-11T00:03:19-05:00" level=info msg=NewConnection DisableClientMultiStatements=false connectionID=4
time="2026-03-11T00:03:19-05:00" level=info msg=ConnectionClosed connectionID=3
time="2026-03-11T00:03:20-05:00" level=info msg=ConnectionClosed connectionID=4
time="2026-03-11T00:33:21-05:00" level=info msg=NewConnection DisableClientMultiStatements=false connectionID=5
time="2026-03-11T00:33:21-05:00" level=info msg=ConnectionClosed connectionID=5
time="2026-03-11T00:33:21-05:00" level=info msg="Server closing listener. No longer accepting connections."
time="2026-03-11T00:33:21-05:00" level=info msg="stats stopped: context canceled"
Starting server with Config HP="127.0.0.1:13322"|T="28800000"|R="false"|L="info"
time="2026-03-11T04:19:26-05:00" level=info msg="Server ready. Accepting connections."
time="2026-03-11T04:19:26-05:00" level=warning msg="secure_file_priv is set to \"\", which is insecure."
time="2026-03-11T04:19:26-05:00" level=warning msg="Any user with GRANT FILE privileges will be able to read any file which the sql-server process can read."
time="2026-03-11T04:19:26-05:00" level=warning msg="Please consider restarting the server with secure_file_priv set to a safe (or non-existent) directory."
time="2026-03-11T04:19:26-05:00" level=info msg=NewConnection DisableClientMultiStatements=false connectionID=1
time="2026-03-11T04:19:26-05:00" level=info msg=ConnectionClosed connectionID=1
time="2026-03-11T04:19:26-05:00" level=info msg=NewConnection DisableClientMultiStatements=false connectionID=2
time="2026-03-11T04:19:26-05:00" level=info msg=ConnectionClosed connectionID=2
time="2026-03-11T04:19:26-05:00" level=info msg=NewConnection DisableClientMultiStatements=false connectionID=3
time="2026-03-11T04:19:26-05:00" level=info msg=NewConnection DisableClientMultiStatements=false connectionID=4
time="2026-03-11T04:19:26-05:00" level=info msg=ConnectionClosed connectionID=3
time="2026-03-11T04:19:26-05:00" level=info msg=ConnectionClosed connectionID=4
time="2026-03-11T04:49:02-05:00" level=info msg=NewConnection DisableClientMultiStatements=false connectionID=5
time="2026-03-11T04:49:02-05:00" level=info msg=ConnectionClosed connectionID=5
time="2026-03-11T04:49:02-05:00" level=info msg=NewConnection DisableClientMultiStatements=false connectionID=6
time="2026-03-11T04:49:02-05:00" level=info msg=NewConnection DisableClientMultiStatements=false connectionID=7
time="2026-03-11T04:49:02-05:00" level=info msg=ConnectionClosed connectionID=6
time="2026-03-11T04:49:02-05:00" level=info msg=ConnectionClosed connectionID=7
time="2026-03-11T04:49:28-05:00" level=info msg=NewConnection DisableClientMultiStatements=false connectionID=8
time="2026-03-11T04:49:28-05:00" level=info msg=ConnectionClosed connectionID=8
time="2026-03-11T04:49:28-05:00" level=info msg="Server closing listener. No longer accepting connections."
time="2026-03-11T04:49:28-05:00" level=info msg="stats stopped: context canceled"
Starting server with Config HP="127.0.0.1:13322"|T="28800000"|R="false"|L="info"
time="2026-03-11T11:12:19-05:00" level=info msg="Server ready. Accepting connections."
time="2026-03-11T11:12:19-05:00" level=warning msg="secure_file_priv is set to \"\", which is insecure."
time="2026-03-11T11:12:19-05:00" level=warning msg="Any user with GRANT FILE privileges will be able to read any file which the sql-server process can read."
time="2026-03-11T11:12:19-05:00" level=warning msg="Please consider restarting the server with secure_file_priv set to a safe (or non-existent) directory."
time="2026-03-11T11:12:19-05:00" level=info msg=NewConnection DisableClientMultiStatements=false connectionID=1
time="2026-03-11T11:12:19-05:00" level=info msg=ConnectionClosed connectionID=1
time="2026-03-11T11:12:19-05:00" level=info msg=NewConnection DisableClientMultiStatements=false connectionID=2
time="2026-03-11T11:12:19-05:00" level=info msg=ConnectionClosed connectionID=2
time="2026-03-11T11:12:19-05:00" level=info msg=NewConnection DisableClientMultiStatements=false connectionID=3
time="2026-03-11T11:12:19-05:00" level=info msg=NewConnection DisableClientMultiStatements=false connectionID=4
time="2026-03-11T11:12:19-05:00" level=info msg=ConnectionClosed connectionID=3
time="2026-03-11T11:12:19-05:00" level=info msg=ConnectionClosed connectionID=4
time="2026-03-11T11:42:21-05:00" level=info msg=NewConnection DisableClientMultiStatements=false connectionID=5
time="2026-03-11T11:42:21-05:00" level=info msg=ConnectionClosed connectionID=5
time="2026-03-11T11:42:21-05:00" level=info msg="Server closing listener. No longer accepting connections."
time="2026-03-11T11:42:21-05:00" level=info msg="stats stopped: context canceled"
Starting server with Config HP="127.0.0.1:13322"|T="28800000"|R="false"|L="info"
time="2026-03-11T11:42:24-05:00" level=info msg="Server ready. Accepting connections."
time="2026-03-11T11:42:24-05:00" level=warning msg="secure_file_priv is set to \"\", which is insecure."
time="2026-03-11T11:42:24-05:00" level=warning msg="Any user with GRANT FILE privileges will be able to read any file which the sql-server process can read."
time="2026-03-11T11:42:24-05:00" level=warning msg="Please consider restarting the server with secure_file_priv set to a safe (or non-existent) directory."
time="2026-03-11T11:42:25-05:00" level=info msg=NewConnection DisableClientMultiStatements=false connectionID=1
time="2026-03-11T11:42:25-05:00" level=info msg=ConnectionClosed connectionID=1
time="2026-03-11T11:42:25-05:00" level=info msg=NewConnection DisableClientMultiStatements=false connectionID=2
time="2026-03-11T11:42:25-05:00" level=info msg=ConnectionClosed connectionID=2
time="2026-03-11T11:42:25-05:00" level=info msg=NewConnection DisableClientMultiStatements=false connectionID=3
time="2026-03-11T11:42:25-05:00" level=info msg=NewConnection DisableClientMultiStatements=false connectionID=4
time="2026-03-11T11:42:25-05:00" level=info msg=ConnectionClosed connectionID=3
time="2026-03-11T11:42:25-05:00" level=info msg=ConnectionClosed connectionID=4
time="2026-03-11T12:10:47-05:00" level=info msg=NewConnection DisableClientMultiStatements=false connectionID=5
time="2026-03-11T12:10:47-05:00" level=info msg=ConnectionClosed connectionID=5
time="2026-03-11T12:10:47-05:00" level=info msg=NewConnection DisableClientMultiStatements=false connectionID=6
time="2026-03-11T12:10:47-05:00" level=info msg=NewConnection DisableClientMultiStatements=false connectionID=7
time="2026-03-11T12:10:47-05:00" level=info msg=ConnectionClosed connectionID=6
time="2026-03-11T12:10:47-05:00" level=info msg=ConnectionClosed connectionID=7
time="2026-03-11T12:12:25-05:00" level=info msg=NewConnection DisableClientMultiStatements=false connectionID=8
time="2026-03-11T12:12:25-05:00" level=info msg=ConnectionClosed connectionID=8
time="2026-03-11T12:12:25-05:00" level=info msg="Server closing listener. No longer accepting connections."
time="2026-03-11T12:12:25-05:00" level=info msg="stats stopped: context canceled"
Starting server with Config HP="127.0.0.1:13322"|T="28800000"|R="false"|L="info"
time="2026-03-11T12:40:49-05:00" level=info msg="Server ready. Accepting connections."
time="2026-03-11T12:40:49-05:00" level=warning msg="secure_file_priv is set to \"\", which is insecure."
time="2026-03-11T12:40:49-05:00" level=warning msg="Any user with GRANT FILE privileges will be able to read any file which the sql-server process can read."
time="2026-03-11T12:40:49-05:00" level=warning msg="Please consider restarting the server with secure_file_priv set to a safe (or non-existent) directory."
time="2026-03-11T12:40:49-05:00" level=info msg=NewConnection DisableClientMultiStatements=false connectionID=1
time="2026-03-11T12:40:49-05:00" level=info msg=ConnectionClosed connectionID=1
time="2026-03-11T12:40:49-05:00" level=info msg=NewConnection DisableClientMultiStatements=false connectionID=2
time="2026-03-11T12:40:49-05:00" level=info msg=ConnectionClosed connectionID=2
time="2026-03-11T12:40:49-05:00" level=info msg=NewConnection DisableClientMultiStatements=false connectionID=3
time="2026-03-11T12:40:49-05:00" level=info msg=NewConnection DisableClientMultiStatements=false connectionID=4
time="2026-03-11T12:40:49-05:00" level=info msg=ConnectionClosed connectionID=3
time="2026-03-11T12:40:49-05:00" level=info msg=ConnectionClosed connectionID=4
time="2026-03-11T13:10:57-05:00" level=info msg=NewConnection DisableClientMultiStatements=false connectionID=5
time="2026-03-11T13:10:57-05:00" level=info msg=ConnectionClosed connectionID=5
time="2026-03-11T13:10:57-05:00" level=info msg=NewConnection DisableClientMultiStatements=false connectionID=6
time="2026-03-11T13:10:57-05:00" level=info msg=NewConnection DisableClientMultiStatements=false connectionID=7
time="2026-03-11T13:10:57-05:00" level=info msg=ConnectionClosed connectionID=6
time="2026-03-11T13:10:57-05:00" level=info msg=ConnectionClosed connectionID=7
time="2026-03-11T13:11:27-05:00" level=info msg=NewConnection DisableClientMultiStatements=false connectionID=8
time="2026-03-11T13:11:28-05:00" level=info msg="Server closing listener. No longer accepting connections."
time="2026-03-11T13:11:28-05:00" level=info msg=ConnectionClosed connectionID=8
time="2026-03-11T13:11:28-05:00" level=info msg="stats stopped: context canceled"
Starting server with Config HP="127.0.0.1:13322"|T="28800000"|R="false"|L="info"
time="2026-03-11T13:40:56-05:00" level=info msg="Server ready. Accepting connections."
time="2026-03-11T13:40:56-05:00" level=warning msg="secure_file_priv is set to \"\", which is insecure."
time="2026-03-11T13:40:56-05:00" level=warning msg="Any user with GRANT FILE privileges will be able to read any file which the sql-server process can read."
time="2026-03-11T13:40:56-05:00" level=warning msg="Please consider restarting the server with secure_file_priv set to a safe (or non-existent) directory."
time="2026-03-11T13:40:56-05:00" level=info msg=NewConnection DisableClientMultiStatements=false connectionID=1
time="2026-03-11T13:40:56-05:00" level=info msg=ConnectionClosed connectionID=1
time="2026-03-11T13:40:56-05:00" level=info msg=NewConnection DisableClientMultiStatements=false connectionID=2
time="2026-03-11T13:40:56-05:00" level=info msg=ConnectionClosed connectionID=2
time="2026-03-11T13:40:56-05:00" level=info msg=NewConnection DisableClientMultiStatements=false connectionID=3
time="2026-03-11T13:40:56-05:00" level=info msg=NewConnection DisableClientMultiStatements=false connectionID=4
time="2026-03-11T13:40:56-05:00" level=info msg=ConnectionClosed connectionID=3
time="2026-03-11T13:40:56-05:00" level=info msg=ConnectionClosed connectionID=4
time="2026-03-11T14:11:30-05:00" level=info msg=NewConnection DisableClientMultiStatements=false connectionID=5
time="2026-03-11T14:11:30-05:00" level=info msg=ConnectionClosed connectionID=5
time="2026-03-11T14:11:30-05:00" level=info msg="Server closing listener. No longer accepting connections."
time="2026-03-11T14:11:30-05:00" level=info msg="stats stopped: context canceled"
Starting server with Config HP="127.0.0.1:13322"|T="28800000"|R="false"|L="info"
time="2026-03-11T14:12:12-05:00" level=info msg="Server ready. Accepting connections."
time="2026-03-11T14:12:12-05:00" level=warning msg="secure_file_priv is set to \"\", which is insecure."
time="2026-03-11T14:12:12-05:00" level=warning msg="Any user with GRANT FILE privileges will be able to read any file which the sql-server process can read."
time="2026-03-11T14:12:12-05:00" level=warning msg="Please consider restarting the server with secure_file_priv set to a safe (or non-existent) directory."
time="2026-03-11T14:12:13-05:00" level=info msg=NewConnection DisableClientMultiStatements=false connectionID=1
time="2026-03-11T14:12:13-05:00" level=info msg=ConnectionClosed connectionID=1
time="2026-03-11T14:12:13-05:00" level=info msg=NewConnection DisableClientMultiStatements=false connectionID=2
time="2026-03-11T14:12:13-05:00" level=info msg=ConnectionClosed connectionID=2
time="2026-03-11T14:12:13-05:00" level=info msg=NewConnection DisableClientMultiStatements=false connectionID=3
time="2026-03-11T14:12:13-05:00" level=info msg=NewConnection DisableClientMultiStatements=false connectionID=4
time="2026-03-11T14:12:13-05:00" level=info msg=ConnectionClosed connectionID=3
time="2026-03-11T14:12:13-05:00" level=info msg=ConnectionClosed connectionID=4
time="2026-03-11T14:40:46-05:00" level=info msg=NewConnection DisableClientMultiStatements=false connectionID=5
time="2026-03-11T14:40:46-05:00" level=info msg=ConnectionClosed connectionID=5
time="2026-03-11T14:40:46-05:00" level=info msg=NewConnection DisableClientMultiStatements=false connectionID=6
time="2026-03-11T14:40:46-05:00" level=info msg=NewConnection DisableClientMultiStatements=false connectionID=7
time="2026-03-11T14:40:46-05:00" level=info msg=ConnectionClosed connectionID=6
time="2026-03-11T14:40:46-05:00" level=info msg=ConnectionClosed connectionID=7
time="2026-03-11T14:42:34-05:00" level=info msg=NewConnection DisableClientMultiStatements=false connectionID=8
time="2026-03-11T14:42:34-05:00" level=info msg=ConnectionClosed connectionID=8
time="2026-03-11T14:42:34-05:00" level=info msg="Server closing listener. No longer accepting connections."
time="2026-03-11T14:42:34-05:00" level=info msg="stats stopped: context canceled"
Starting server with Config HP="127.0.0.1:13322"|T="28800000"|R="false"|L="info"
time="2026-03-11T15:10:58-05:00" level=info msg="Server ready. Accepting connections."
time="2026-03-11T15:10:58-05:00" level=warning msg="secure_file_priv is set to \"\", which is insecure."
time="2026-03-11T15:10:58-05:00" level=warning msg="Any user with GRANT FILE privileges will be able to read any file which the sql-server process can read."
time="2026-03-11T15:10:58-05:00" level=warning msg="Please consider restarting the server with secure_file_priv set to a safe (or non-existent) directory."
time="2026-03-11T15:10:59-05:00" level=info msg=NewConnection DisableClientMultiStatements=false connectionID=1
time="2026-03-11T15:10:59-05:00" level=info msg=ConnectionClosed connectionID=1
time="2026-03-11T15:10:59-05:00" level=info msg=NewConnection DisableClientMultiStatements=false connectionID=2
time="2026-03-11T15:10:59-05:00" level=info msg=ConnectionClosed connectionID=2
time="2026-03-11T15:10:59-05:00" level=info msg=NewConnection DisableClientMultiStatements=false connectionID=3
time="2026-03-11T15:10:59-05:00" level=info msg=NewConnection DisableClientMultiStatements=false connectionID=4
time="2026-03-11T15:10:59-05:00" level=info msg=ConnectionClosed connectionID=3
time="2026-03-11T15:10:59-05:00" level=info msg=ConnectionClosed connectionID=4
time="2026-03-11T15:40:49-05:00" level=info msg=NewConnection DisableClientMultiStatements=false connectionID=5
time="2026-03-11T15:40:49-05:00" level=info msg=ConnectionClosed connectionID=5
time="2026-03-11T15:40:49-05:00" level=info msg=NewConnection DisableClientMultiStatements=false connectionID=6
time="2026-03-11T15:40:49-05:00" level=info msg=NewConnection DisableClientMultiStatements=false connectionID=7
time="2026-03-11T15:40:49-05:00" level=info msg=ConnectionClosed connectionID=6
time="2026-03-11T15:40:49-05:00" level=info msg=ConnectionClosed connectionID=7
time="2026-03-11T15:41:37-05:00" level=info msg=NewConnection DisableClientMultiStatements=false connectionID=8
time="2026-03-11T15:41:37-05:00" level=info msg="Server closing listener. No longer accepting connections."
time="2026-03-11T15:41:37-05:00" level=info msg=ConnectionClosed connectionID=8
time="2026-03-11T15:41:37-05:00" level=info msg="stats stopped: context canceled"
Starting server with Config HP="127.0.0.1:13322"|T="28800000"|R="false"|L="info"
time="2026-03-11T16:10:50-05:00" level=info msg="Server ready. Accepting connections."
time="2026-03-11T16:10:50-05:00" level=warning msg="secure_file_priv is set to \"\", which is insecure."
time="2026-03-11T16:10:50-05:00" level=warning msg="Any user with GRANT FILE privileges will be able to read any file which the sql-server process can read."
time="2026-03-11T16:10:50-05:00" level=warning msg="Please consider restarting the server with secure_file_priv set to a safe (or non-existent) directory."
time="2026-03-11T16:10:51-05:00" level=info msg=NewConnection DisableClientMultiStatements=false connectionID=1
time="2026-03-11T16:10:51-05:00" level=info msg=ConnectionClosed connectionID=1
time="2026-03-11T16:10:51-05:00" level=info msg=NewConnection DisableClientMultiStatements=false connectionID=2
time="2026-03-11T16:10:51-05:00" level=info msg=ConnectionClosed connectionID=2
time="2026-03-11T16:10:51-05:00" level=info msg=NewConnection DisableClientMultiStatements=false connectionID=3
time="2026-03-11T16:10:51-05:00" level=info msg=NewConnection DisableClientMultiStatements=false connectionID=4
time="2026-03-11T16:10:51-05:00" level=info msg=ConnectionClosed connectionID=3
time="2026-03-11T16:10:51-05:00" level=info msg=ConnectionClosed connectionID=4
time="2026-03-11T16:41:00-05:00" level=info msg=NewConnection DisableClientMultiStatements=false connectionID=5
time="2026-03-11T16:41:00-05:00" level=info msg=ConnectionClosed connectionID=5
time="2026-03-11T16:41:00-05:00" level=info msg=NewConnection DisableClientMultiStatements=false connectionID=6
time="2026-03-11T16:41:00-05:00" level=info msg=NewConnection DisableClientMultiStatements=false connectionID=7
time="2026-03-11T16:41:00-05:00" level=info msg=ConnectionClosed connectionID=6
time="2026-03-11T16:41:00-05:00" level=info msg=ConnectionClosed connectionID=7
time="2026-03-11T16:41:40-05:00" level=info msg=NewConnection DisableClientMultiStatements=false connectionID=8
time="2026-03-11T16:41:40-05:00" level=info msg=ConnectionClosed connectionID=8
time="2026-03-11T16:41:40-05:00" level=info msg="Server closing listener. No longer accepting connections."
time="2026-03-11T16:41:40-05:00" level=info msg="stats stopped: context canceled"
Starting server with Config HP="127.0.0.1:13322"|T="28800000"|R="false"|L="info"
time="2026-03-11T17:10:56-05:00" level=info msg="Server ready. Accepting connections."
time="2026-03-11T17:10:56-05:00" level=warning msg="secure_file_priv is set to \"\", which is insecure."
time="2026-03-11T17:10:56-05:00" level=warning msg="Any user with GRANT FILE privileges will be able to read any file which the sql-server process can read."
time="2026-03-11T17:10:56-05:00" level=warning msg="Please consider restarting the server with secure_file_priv set to a safe (or non-existent) directory."
time="2026-03-11T17:10:56-05:00" level=info msg=NewConnection DisableClientMultiStatements=false connectionID=1
time="2026-03-11T17:10:56-05:00" level=info msg=ConnectionClosed connectionID=1
time="2026-03-11T17:10:56-05:00" level=info msg=NewConnection DisableClientMultiStatements=false connectionID=2
time="2026-03-11T17:10:56-05:00" level=info msg=ConnectionClosed connectionID=2
time="2026-03-11T17:10:56-05:00" level=info msg=NewConnection DisableClientMultiStatements=false connectionID=3
time="2026-03-11T17:10:56-05:00" level=info msg=NewConnection DisableClientMultiStatements=false connectionID=4
time="2026-03-11T17:10:56-05:00" level=info msg=ConnectionClosed connectionID=3
time="2026-03-11T17:10:56-05:00" level=info msg=ConnectionClosed connectionID=4
time="2026-03-11T17:41:09-05:00" level=info msg=NewConnection DisableClientMultiStatements=false connectionID=5
time="2026-03-11T17:41:09-05:00" level=info msg=ConnectionClosed connectionID=5
time="2026-03-11T17:41:09-05:00" level=info msg=NewConnection DisableClientMultiStatements=false connectionID=6
time="2026-03-11T17:41:09-05:00" level=info msg=NewConnection DisableClientMultiStatements=false connectionID=7
time="2026-03-11T17:41:09-05:00" level=info msg=ConnectionClosed connectionID=6
time="2026-03-11T17:41:09-05:00" level=info msg=ConnectionClosed connectionID=7
time="2026-03-11T17:41:43-05:00" level=info msg=NewConnection DisableClientMultiStatements=false connectionID=8
time="2026-03-11T17:41:43-05:00" level=info msg="Server closing listener. No longer accepting connections."
time="2026-03-11T17:41:43-05:00" level=info msg=ConnectionClosed connectionID=8
time="2026-03-11T17:41:43-05:00" level=info msg="stats stopped: context canceled"
Starting server with Config HP="127.0.0.1:13322"|T="28800000"|R="false"|L="info"
time="2026-03-11T18:11:09-05:00" level=info msg="Server ready. Accepting connections."
time="2026-03-11T18:11:09-05:00" level=warning msg="secure_file_priv is set to \"\", which is insecure."
time="2026-03-11T18:11:09-05:00" level=warning msg="Any user with GRANT FILE privileges will be able to read any file which the sql-server process can read."
time="2026-03-11T18:11:09-05:00" level=warning msg="Please consider restarting the server with secure_file_priv set to a safe (or non-existent) directory."
time="2026-03-11T18:11:09-05:00" level=info msg=NewConnection DisableClientMultiStatements=false connectionID=1
time="2026-03-11T18:11:09-05:00" level=info msg=ConnectionClosed connectionID=1
time="2026-03-11T18:11:09-05:00" level=info msg=NewConnection DisableClientMultiStatements=false connectionID=2
time="2026-03-11T18:11:09-05:00" level=info msg=ConnectionClosed connectionID=2
time="2026-03-11T18:11:09-05:00" level=info msg=NewConnection DisableClientMultiStatements=false connectionID=3
time="2026-03-11T18:11:09-05:00" level=info msg=NewConnection DisableClientMultiStatements=false connectionID=4
time="2026-03-11T18:11:09-05:00" level=info msg=ConnectionClosed connectionID=3
time="2026-03-11T18:11:09-05:00" level=info msg=ConnectionClosed connectionID=4
time="2026-03-11T18:40:48-05:00" level=info msg=NewConnection DisableClientMultiStatements=false connectionID=5
time="2026-03-11T18:40:48-05:00" level=info msg=ConnectionClosed connectionID=5
time="2026-03-11T18:40:48-05:00" level=info msg=NewConnection DisableClientMultiStatements=false connectionID=6
time="2026-03-11T18:40:48-05:00" level=info msg=NewConnection DisableClientMultiStatements=false connectionID=7
time="2026-03-11T18:40:48-05:00" level=info msg=ConnectionClosed connectionID=6
time="2026-03-11T18:40:48-05:00" level=info msg=ConnectionClosed connectionID=7
time="2026-03-11T18:41:46-05:00" level=info msg=NewConnection DisableClientMultiStatements=false connectionID=8
time="2026-03-11T18:41:46-05:00" level=info msg=ConnectionClosed connectionID=8
time="2026-03-11T18:41:46-05:00" level=info msg="Server closing listener. No longer accepting connections."
time="2026-03-11T18:41:46-05:00" level=info msg="stats stopped: context canceled"
Starting server with Config HP="127.0.0.1:13322"|T="28800000"|R="false"|L="info"
time="2026-03-11T19:11:04-05:00" level=info msg="Server ready. Accepting connections."
time="2026-03-11T19:11:04-05:00" level=warning msg="secure_file_priv is set to \"\", which is insecure."
time="2026-03-11T19:11:04-05:00" level=warning msg="Any user with GRANT FILE privileges will be able to read any file which the sql-server process can read."
time="2026-03-11T19:11:04-05:00" level=warning msg="Please consider restarting the server with secure_file_priv set to a safe (or non-existent) directory."
time="2026-03-11T19:11:05-05:00" level=info msg=NewConnection DisableClientMultiStatements=false connectionID=1
time="2026-03-11T19:11:05-05:00" level=info msg=ConnectionClosed connectionID=1
time="2026-03-11T19:11:05-05:00" level=info msg=NewConnection DisableClientMultiStatements=false connectionID=2
time="2026-03-11T19:11:05-05:00" level=info msg=ConnectionClosed connectionID=2
time="2026-03-11T19:11:05-05:00" level=info msg=NewConnection DisableClientMultiStatements=false connectionID=3
time="2026-03-11T19:11:05-05:00" level=info msg=NewConnection DisableClientMultiStatements=false connectionID=4
time="2026-03-11T19:11:05-05:00" level=info msg=ConnectionClosed connectionID=3
time="2026-03-11T19:11:05-05:00" level=info msg=ConnectionClosed connectionID=4
time="2026-03-11T19:40:54-05:00" level=info msg=NewConnection DisableClientMultiStatements=false connectionID=5
time="2026-03-11T19:40:54-05:00" level=info msg=ConnectionClosed connectionID=5
time="2026-03-11T19:40:54-05:00" level=info msg=NewConnection DisableClientMultiStatements=false connectionID=6
time="2026-03-11T19:40:54-05:00" level=info msg=NewConnection DisableClientMultiStatements=false connectionID=7
time="2026-03-11T19:40:54-05:00" level=info msg=ConnectionClosed connectionID=6
time="2026-03-11T19:40:54-05:00" level=info msg=ConnectionClosed connectionID=7
time="2026-03-11T19:41:49-05:00" level=info msg=NewConnection DisableClientMultiStatements=false connectionID=8
time="2026-03-11T19:41:49-05:00" level=info msg=ConnectionClosed connectionID=8
time="2026-03-11T19:41:49-05:00" level=info msg="Server closing listener. No longer accepting connections."
time="2026-03-11T19:41:49-05:00" level=info msg="stats stopped: context canceled"
Starting server with Config HP="127.0.0.1:13322"|T="28800000"|R="false"|L="info"
time="2026-03-11T20:10:51-05:00" level=info msg="Server ready. Accepting connections."
time="2026-03-11T20:10:51-05:00" level=warning msg="secure_file_priv is set to \"\", which is insecure."
time="2026-03-11T20:10:51-05:00" level=warning msg="Any user with GRANT FILE privileges will be able to read any file which the sql-server process can read."
time="2026-03-11T20:10:51-05:00" level=warning msg="Please consider restarting the server with secure_file_priv set to a safe (or non-existent) directory."
time="2026-03-11T20:10:51-05:00" level=info msg=NewConnection DisableClientMultiStatements=false connectionID=1
time="2026-03-11T20:10:51-05:00" level=info msg=ConnectionClosed connectionID=1
time="2026-03-11T20:10:51-05:00" level=info msg=NewConnection DisableClientMultiStatements=false connectionID=2
time="2026-03-11T20:10:51-05:00" level=info msg=ConnectionClosed connectionID=2
time="2026-03-11T20:10:51-05:00" level=info msg=NewConnection DisableClientMultiStatements=false connectionID=3
time="2026-03-11T20:10:51-05:00" level=info msg=NewConnection DisableClientMultiStatements=false connectionID=4
time="2026-03-11T20:10:51-05:00" level=info msg=ConnectionClosed connectionID=3
time="2026-03-11T20:10:51-05:00" level=info msg=ConnectionClosed connectionID=4
time="2026-03-11T20:40:52-05:00" level=info msg=NewConnection DisableClientMultiStatements=false connectionID=5
time="2026-03-11T20:40:52-05:00" level=info msg=ConnectionClosed connectionID=5
time="2026-03-11T20:40:52-05:00" level=info msg="Server closing listener. No longer accepting connections."
time="2026-03-11T20:40:52-05:00" level=info msg="stats stopped: context canceled"
Starting server with Config HP="127.0.0.1:13322"|T="28800000"|R="false"|L="info"
time="2026-03-11T20:41:21-05:00" level=info msg="Server ready. Accepting connections."
time="2026-03-11T20:41:21-05:00" level=warning msg="secure_file_priv is set to \"\", which is insecure."
time="2026-03-11T20:41:21-05:00" level=warning msg="Any user with GRANT FILE privileges will be able to read any file which the sql-server process can read."
time="2026-03-11T20:41:21-05:00" level=warning msg="Please consider restarting the server with secure_file_priv set to a safe (or non-existent) directory."
time="2026-03-11T20:41:22-05:00" level=info msg=NewConnection DisableClientMultiStatements=false connectionID=1
time="2026-03-11T20:41:22-05:00" level=info msg=ConnectionClosed connectionID=1
time="2026-03-11T20:41:22-05:00" level=info msg=NewConnection DisableClientMultiStatements=false connectionID=2
time="2026-03-11T20:41:22-05:00" level=info msg=ConnectionClosed connectionID=2
time="2026-03-11T20:41:22-05:00" level=info msg=NewConnection DisableClientMultiStatements=false connectionID=3
time="2026-03-11T20:41:22-05:00" level=info msg=NewConnection DisableClientMultiStatements=false connectionID=4
time="2026-03-11T20:41:22-05:00" level=info msg=ConnectionClosed connectionID=3
time="2026-03-11T20:41:22-05:00" level=info msg=ConnectionClosed connectionID=4
time="2026-03-11T21:10:54-05:00" level=info msg=NewConnection DisableClientMultiStatements=false connectionID=5
time="2026-03-11T21:10:54-05:00" level=info msg=ConnectionClosed connectionID=5
time="2026-03-11T21:10:54-05:00" level=info msg=NewConnection DisableClientMultiStatements=false connectionID=6
time="2026-03-11T21:10:54-05:00" level=info msg=NewConnection DisableClientMultiStatements=false connectionID=7
time="2026-03-11T21:10:54-05:00" level=info msg=ConnectionClosed connectionID=6
time="2026-03-11T21:10:54-05:00" level=info msg=ConnectionClosed connectionID=7
time="2026-03-11T21:11:55-05:00" level=info msg=NewConnection DisableClientMultiStatements=false connectionID=8
time="2026-03-11T21:11:55-05:00" level=info msg=ConnectionClosed connectionID=8
time="2026-03-11T21:11:55-05:00" level=info msg="Server closing listener. No longer accepting connections."
time="2026-03-11T21:11:55-05:00" level=info msg="stats stopped: context canceled"
Starting server with Config HP="127.0.0.1:13322"|T="28800000"|R="false"|L="info"
time="2026-03-11T21:40:54-05:00" level=info msg="Server ready. Accepting connections."
time="2026-03-11T21:40:54-05:00" level=warning msg="secure_file_priv is set to \"\", which is insecure."
time="2026-03-11T21:40:54-05:00" level=warning msg="Any user with GRANT FILE privileges will be able to read any file which the sql-server process can read."
time="2026-03-11T21:40:54-05:00" level=warning msg="Please consider restarting the server with secure_file_priv set to a safe (or non-existent) directory."
time="2026-03-11T21:40:54-05:00" level=info msg=NewConnection DisableClientMultiStatements=false connectionID=1
time="2026-03-11T21:40:54-05:00" level=info msg=ConnectionClosed connectionID=1
time="2026-03-11T21:40:54-05:00" level=info msg=NewConnection DisableClientMultiStatements=false connectionID=2
time="2026-03-11T21:40:54-05:00" level=info msg=ConnectionClosed connectionID=2
time="2026-03-11T21:40:54-05:00" level=info msg=NewConnection DisableClientMultiStatements=false connectionID=3
time="2026-03-11T21:40:54-05:00" level=info msg=NewConnection DisableClientMultiStatements=false connectionID=4
time="2026-03-11T21:40:54-05:00" level=info msg=ConnectionClosed connectionID=3
time="2026-03-11T21:40:54-05:00" level=info msg=ConnectionClosed connectionID=4
time="2026-03-11T22:10:46-05:00" level=info msg=NewConnection DisableClientMultiStatements=false connectionID=5
time="2026-03-11T22:10:46-05:00" level=info msg=ConnectionClosed connectionID=5
time="2026-03-11T22:10:46-05:00" level=info msg=NewConnection DisableClientMultiStatements=false connectionID=6
time="2026-03-11T22:10:46-05:00" level=info msg=NewConnection DisableClientMultiStatements=false connectionID=7
time="2026-03-11T22:10:46-05:00" level=info msg=ConnectionClosed connectionID=6
time="2026-03-11T22:10:46-05:00" level=info msg=ConnectionClosed connectionID=7
time="2026-03-11T22:10:58-05:00" level=info msg=NewConnection DisableClientMultiStatements=false connectionID=8
time="2026-03-11T22:10:58-05:00" level=info msg=ConnectionClosed connectionID=8
time="2026-03-11T22:10:58-05:00" level=info msg="Server closing listener. No longer accepting connections."
time="2026-03-11T22:10:58-05:00" level=info msg="stats stopped: context canceled"
Starting server with Config HP="127.0.0.1:13322"|T="28800000"|R="false"|L="info"
time="2026-03-11T22:40:55-05:00" level=info msg="Server ready. Accepting connections."
time="2026-03-11T22:40:55-05:00" level=warning msg="secure_file_priv is set to \"\", which is insecure."
time="2026-03-11T22:40:55-05:00" level=warning msg="Any user with GRANT FILE privileges will be able to read any file which the sql-server process can read."
time="2026-03-11T22:40:55-05:00" level=warning msg="Please consider restarting the server with secure_file_priv set to a safe (or non-existent) directory."
time="2026-03-11T22:40:56-05:00" level=info msg=NewConnection DisableClientMultiStatements=false connectionID=1
time="2026-03-11T22:40:56-05:00" level=info msg=ConnectionClosed connectionID=1
time="2026-03-11T22:40:56-05:00" level=info msg=NewConnection DisableClientMultiStatements=false connectionID=2
time="2026-03-11T22:40:56-05:00" level=info msg=ConnectionClosed connectionID=2
time="2026-03-11T22:40:56-05:00" level=info msg=NewConnection DisableClientMultiStatements=false connectionID=3
time="2026-03-11T22:40:56-05:00" level=info msg=NewConnection DisableClientMultiStatements=false connectionID=4
time="2026-03-11T22:40:56-05:00" level=info msg=ConnectionClosed connectionID=3
time="2026-03-11T22:40:56-05:00" level=info msg=ConnectionClosed connectionID=4
time="2026-03-11T23:10:52-05:00" level=info msg=NewConnection DisableClientMultiStatements=false connectionID=5
time="2026-03-11T23:10:52-05:00" level=info msg=ConnectionClosed connectionID=5
time="2026-03-11T23:10:52-05:00" level=info msg=NewConnection DisableClientMultiStatements=false connectionID=6
time="2026-03-11T23:10:52-05:00" level=info msg=NewConnection DisableClientMultiStatements=false connectionID=7
time="2026-03-11T23:10:52-05:00" level=info msg=ConnectionClosed connectionID=6
time="2026-03-11T23:10:52-05:00" level=info msg=ConnectionClosed connectionID=7
time="2026-03-11T23:11:01-05:00" level=info msg=NewConnection DisableClientMultiStatements=false connectionID=8
time="2026-03-11T23:11:01-05:00" level=info msg=ConnectionClosed connectionID=8
time="2026-03-11T23:11:01-05:00" level=info msg="Server closing listener. No longer accepting connections."
time="2026-03-11T23:11:01-05:00" level=info msg="stats stopped: context canceled"
Starting server with Config HP="127.0.0.1:13322"|T="28800000"|R="false"|L="info"
time="2026-03-12T00:10:58-05:00" level=info msg="Server ready. Accepting connections."
time="2026-03-12T00:10:58-05:00" level=warning msg="secure_file_priv is set to \"\", which is insecure."
time="2026-03-12T00:10:58-05:00" level=warning msg="Any user with GRANT FILE privileges will be able to read any file which the sql-server process can read."
time="2026-03-12T00:10:58-05:00" level=warning msg="Please consider restarting the server with secure_file_priv set to a safe (or non-existent) directory."
time="2026-03-12T00:10:58-05:00" level=info msg=NewConnection DisableClientMultiStatements=false connectionID=1
time="2026-03-12T00:10:58-05:00" level=info msg=ConnectionClosed connectionID=1
time="2026-03-12T00:10:58-05:00" level=info msg=NewConnection DisableClientMultiStatements=false connectionID=2
time="2026-03-12T00:10:58-05:00" level=info msg=ConnectionClosed connectionID=2
time="2026-03-12T00:10:58-05:00" level=info msg=NewConnection DisableClientMultiStatements=false connectionID=3
time="2026-03-12T00:10:58-05:00" level=info msg=NewConnection DisableClientMultiStatements=false connectionID=4
time="2026-03-12T00:10:58-05:00" level=info msg=ConnectionClosed connectionID=3
time="2026-03-12T00:10:58-05:00" level=info msg=ConnectionClosed connectionID=4
time="2026-03-12T00:40:52-05:00" level=info msg=NewConnection DisableClientMultiStatements=false connectionID=5
time="2026-03-12T00:40:52-05:00" level=info msg=ConnectionClosed connectionID=5
time="2026-03-12T00:40:52-05:00" level=info msg=NewConnection DisableClientMultiStatements=false connectionID=6
time="2026-03-12T00:40:52-05:00" level=info msg=NewConnection DisableClientMultiStatements=false connectionID=7
time="2026-03-12T00:40:52-05:00" level=info msg=ConnectionClosed connectionID=6
time="2026-03-12T00:40:52-05:00" level=info msg=ConnectionClosed connectionID=7
time="2026-03-12T00:41:00-05:00" level=info msg=NewConnection DisableClientMultiStatements=false connectionID=8
time="2026-03-12T00:41:00-05:00" level=info msg=ConnectionClosed connectionID=8
time="2026-03-12T00:41:00-05:00" level=info msg="Server closing listener. No longer accepting connections."
time="2026-03-12T00:41:00-05:00" level=info msg="stats stopped: context canceled"
Starting server with Config HP="127.0.0.1:13322"|T="28800000"|R="false"|L="info"
time="2026-03-12T01:11:21-05:00" level=info msg="Server ready. Accepting connections."
time="2026-03-12T01:11:21-05:00" level=warning msg="secure_file_priv is set to \"\", which is insecure."
time="2026-03-12T01:11:21-05:00" level=warning msg="Any user with GRANT FILE privileges will be able to read any file which the sql-server process can read."
time="2026-03-12T01:11:21-05:00" level=warning msg="Please consider restarting the server with secure_file_priv set to a safe (or non-existent) directory."
time="2026-03-12T01:11:21-05:00" level=info msg=NewConnection DisableClientMultiStatements=false connectionID=1
time="2026-03-12T01:11:21-05:00" level=info msg=ConnectionClosed connectionID=1
time="2026-03-12T01:11:21-05:00" level=info msg=NewConnection DisableClientMultiStatements=false connectionID=2
time="2026-03-12T01:11:21-05:00" level=info msg=ConnectionClosed connectionID=2
time="2026-03-12T01:11:21-05:00" level=info msg=NewConnection DisableClientMultiStatements=false connectionID=3
time="2026-03-12T01:11:21-05:00" level=info msg=NewConnection DisableClientMultiStatements=false connectionID=4
time="2026-03-12T01:11:21-05:00" level=info msg=ConnectionClosed connectionID=3
time="2026-03-12T01:11:21-05:00" level=info msg=ConnectionClosed connectionID=4
time="2026-03-12T01:40:58-05:00" level=info msg=NewConnection DisableClientMultiStatements=false connectionID=5
time="2026-03-12T01:40:58-05:00" level=info msg=ConnectionClosed connectionID=5
time="2026-03-12T01:40:58-05:00" level=info msg=NewConnection DisableClientMultiStatements=false connectionID=6
time="2026-03-12T01:40:58-05:00" level=info msg=NewConnection DisableClientMultiStatements=false connectionID=7
time="2026-03-12T01:40:58-05:00" level=info msg=ConnectionClosed connectionID=6
time="2026-03-12T01:40:58-05:00" level=info msg=ConnectionClosed connectionID=7
time="2026-03-12T01:41:24-05:00" level=info msg=NewConnection DisableClientMultiStatements=false connectionID=8
time="2026-03-12T01:41:24-05:00" level=info msg=ConnectionClosed connectionID=8
time="2026-03-12T01:41:24-05:00" level=info msg="Server closing listener. No longer accepting connections."
time="2026-03-12T01:41:24-05:00" level=info msg="stats stopped: context canceled"
Starting server with Config HP="127.0.0.1:13322"|T="28800000"|R="false"|L="info"
time="2026-03-12T02:10:59-05:00" level=info msg="Server ready. Accepting connections."
time="2026-03-12T02:10:59-05:00" level=warning msg="secure_file_priv is set to \"\", which is insecure."
time="2026-03-12T02:10:59-05:00" level=warning msg="Any user with GRANT FILE privileges will be able to read any file which the sql-server process can read."
time="2026-03-12T02:10:59-05:00" level=warning msg="Please consider restarting the server with secure_file_priv set to a safe (or non-existent) directory."
time="2026-03-12T02:11:00-05:00" level=info msg=NewConnection DisableClientMultiStatements=false connectionID=1
time="2026-03-12T02:11:00-05:00" level=info msg=ConnectionClosed connectionID=1
time="2026-03-12T02:11:00-05:00" level=info msg=NewConnection DisableClientMultiStatements=false connectionID=2
time="2026-03-12T02:11:00-05:00" level=info msg=ConnectionClosed connectionID=2
time="2026-03-12T02:11:00-05:00" level=info msg=NewConnection DisableClientMultiStatements=false connectionID=3
time="2026-03-12T02:11:00-05:00" level=info msg=NewConnection DisableClientMultiStatements=false connectionID=4
time="2026-03-12T02:11:00-05:00" level=info msg=ConnectionClosed connectionID=3
time="2026-03-12T02:11:00-05:00" level=info msg=ConnectionClosed connectionID=4
time="2026-03-12T02:41:07-05:00" level=info msg=NewConnection DisableClientMultiStatements=false connectionID=5
time="2026-03-12T02:41:07-05:00" level=info msg=ConnectionClosed connectionID=5
time="2026-03-12T02:41:07-05:00" level=info msg=NewConnection DisableClientMultiStatements=false connectionID=6
time="2026-03-12T02:41:07-05:00" level=info msg=NewConnection DisableClientMultiStatements=false connectionID=7
time="2026-03-12T02:41:07-05:00" level=info msg=ConnectionClosed connectionID=6
time="2026-03-12T02:41:07-05:00" level=info msg=ConnectionClosed connectionID=7
time="2026-03-12T02:41:27-05:00" level=info msg=NewConnection DisableClientMultiStatements=false connectionID=8
time="2026-03-12T02:41:27-05:00" level=info msg=ConnectionClosed connectionID=8
time="2026-03-12T02:41:27-05:00" level=info msg="Server closing listener. No longer accepting connections."
time="2026-03-12T02:41:27-05:00" level=info msg="stats stopped: context canceled"
Starting server with Config HP="127.0.0.1:13322"|T="28800000"|R="false"|L="info"
time="2026-03-12T03:10:50-05:00" level=info msg="Server ready. Accepting connections."
time="2026-03-12T03:10:50-05:00" level=warning msg="secure_file_priv is set to \"\", which is insecure."
time="2026-03-12T03:10:50-05:00" level=warning msg="Any user with GRANT FILE privileges will be able to read any file which the sql-server process can read."
time="2026-03-12T03:10:50-05:00" level=warning msg="Please consider restarting the server with secure_file_priv set to a safe (or non-existent) directory."
time="2026-03-12T03:10:50-05:00" level=info msg=NewConnection DisableClientMultiStatements=false connectionID=1
time="2026-03-12T03:10:50-05:00" level=info msg=ConnectionClosed connectionID=1
time="2026-03-12T03:10:50-05:00" level=info msg=NewConnection DisableClientMultiStatements=false connectionID=2
time="2026-03-12T03:10:50-05:00" level=info msg=ConnectionClosed connectionID=2
time="2026-03-12T03:10:50-05:00" level=info msg=NewConnection DisableClientMultiStatements=false connectionID=3
time="2026-03-12T03:10:50-05:00" level=info msg=NewConnection DisableClientMultiStatements=false connectionID=4
time="2026-03-12T03:10:50-05:00" level=info msg=ConnectionClosed connectionID=3
time="2026-03-12T03:10:51-05:00" level=info msg=ConnectionClosed connectionID=4
Starting server with Config HP="127.0.0.1:13322"|T="28800000"|R="false"|L="info"
time="2026-03-12T03:51:09-05:00" level=info msg="Server ready. Accepting connections."
time="2026-03-12T03:51:09-05:00" level=warning msg="secure_file_priv is set to \"\", which is insecure."
time="2026-03-12T03:51:09-05:00" level=warning msg="Any user with GRANT FILE privileges will be able to read any file which the sql-server process can read."
time="2026-03-12T03:51:09-05:00" level=warning msg="Please consider restarting the server with secure_file_priv set to a safe (or non-existent) directory."
time="2026-03-12T03:51:09-05:00" level=info msg=NewConnection DisableClientMultiStatements=false connectionID=1
time="2026-03-12T03:51:09-05:00" level=info msg=ConnectionClosed connectionID=1
time="2026-03-12T03:51:09-05:00" level=info msg=NewConnection DisableClientMultiStatements=false connectionID=2
time="2026-03-12T03:51:09-05:00" level=info msg=ConnectionClosed connectionID=2
time="2026-03-12T03:51:09-05:00" level=info msg=NewConnection DisableClientMultiStatements=false connectionID=3
time="2026-03-12T03:51:09-05:00" level=info msg=NewConnection DisableClientMultiStatements=false connectionID=4
time="2026-03-12T03:51:09-05:00" level=info msg=ConnectionClosed connectionID=3
time="2026-03-12T03:51:09-05:00" level=info msg=ConnectionClosed connectionID=4
Starting server with Config HP="127.0.0.1:13322"|T="28800000"|R="false"|L="info"
time="2026-03-14T12:19:55-05:00" level=info msg="Server ready. Accepting connections."
time="2026-03-14T12:19:55-05:00" level=warning msg="secure_file_priv is set to \"\", which is insecure."
time="2026-03-14T12:19:55-05:00" level=warning msg="Any user with GRANT FILE privileges will be able to read any file which the sql-server process can read."
time="2026-03-14T12:19:55-05:00" level=warning msg="Please consider restarting the server with secure_file_priv set to a safe (or non-existent) directory."
time="2026-03-14T12:19:55-05:00" level=info msg=NewConnection DisableClientMultiStatements=false connectionID=1
time="2026-03-14T12:19:55-05:00" level=info msg=ConnectionClosed connectionID=1
time="2026-03-14T12:19:55-05:00" level=info msg=NewConnection DisableClientMultiStatements=false connectionID=2
time="2026-03-14T12:19:55-05:00" level=info msg=ConnectionClosed connectionID=2
time="2026-03-14T12:19:55-05:00" level=info msg=NewConnection DisableClientMultiStatements=false connectionID=3
time="2026-03-14T12:19:55-05:00" level=info msg=NewConnection DisableClientMultiStatements=false connectionID=4
time="2026-03-14T12:19:55-05:00" level=info msg=ConnectionClosed connectionID=3
time="2026-03-14T12:20:21-05:00" level=info msg=NewConnection DisableClientMultiStatements=false connectionID=5
time="2026-03-14T12:20:21-05:00" level=info msg=ConnectionClosed connectionID=5
time="2026-03-14T12:20:21-05:00" level=info msg=NewConnection DisableClientMultiStatements=false connectionID=6
time="2026-03-14T12:20:21-05:00" level=info msg=NewConnection DisableClientMultiStatements=false connectionID=7
time="2026-03-14T12:20:21-05:00" level=info msg=ConnectionClosed connectionID=6
time="2026-03-14T12:20:21-05:00" level=warning msg="error running query" connectTime="2026-03-14 12:20:21.24157 -0500 CDT m=+26.095113168" connectionDb=beads_GrowWise connectionID=7 error="nothing to commit" queryTime="2026-03-14 12:20:21.252141 -0500 CDT m=+26.105684543"
time="2026-03-14T12:20:21-05:00" level=info msg=NewConnection DisableClientMultiStatements=false connectionID=8
time="2026-03-14T12:20:21-05:00" level=info msg=ConnectionClosed connectionID=8
time="2026-03-14T12:20:21-05:00" level=info msg=ConnectionClosed connectionID=7
time="2026-03-14T12:20:21-05:00" level=info msg=NewConnection DisableClientMultiStatements=false connectionID=9
time="2026-03-14T12:20:21-05:00" level=info msg=ConnectionClosed connectionID=9
time="2026-03-14T12:20:21-05:00" level=info msg=NewConnection DisableClientMultiStatements=false connectionID=10
time="2026-03-14T12:20:21-05:00" level=info msg=NewConnection DisableClientMultiStatements=false connectionID=11
time="2026-03-14T12:20:21-05:00" level=info msg=ConnectionClosed connectionID=10
time="2026-03-14T12:20:32-05:00" level=info msg=NewConnection DisableClientMultiStatements=false connectionID=12
time="2026-03-14T12:20:32-05:00" level=info msg=ConnectionClosed connectionID=12
time="2026-03-14T12:20:32-05:00" level=info msg=NewConnection DisableClientMultiStatements=false connectionID=13
time="2026-03-14T12:20:32-05:00" level=info msg=NewConnection DisableClientMultiStatements=false connectionID=14
time="2026-03-14T12:20:32-05:00" level=info msg=ConnectionClosed connectionID=13
time="2026-03-14T12:21:59-05:00" level=info msg=NewConnection DisableClientMultiStatements=false connectionID=15
time="2026-03-14T12:21:59-05:00" level=info msg=ConnectionClosed connectionID=15
time="2026-03-14T12:21:59-05:00" level=info msg=NewConnection DisableClientMultiStatements=false connectionID=16
time="2026-03-14T12:21:59-05:00" level=info msg=NewConnection DisableClientMultiStatements=false connectionID=17
time="2026-03-14T12:21:59-05:00" level=info msg=ConnectionClosed connectionID=16
time="2026-03-14T12:21:59-05:00" level=info msg=ConnectionClosed connectionID=17
time="2026-03-14T12:22:40-05:00" level=info msg=NewConnection DisableClientMultiStatements=false connectionID=18
time="2026-03-14T12:22:40-05:00" level=info msg=ConnectionClosed connectionID=18
time="2026-03-14T12:22:40-05:00" level=info msg=NewConnection DisableClientMultiStatements=false connectionID=19
time="2026-03-14T12:22:40-05:00" level=info msg=NewConnection DisableClientMultiStatements=false connectionID=20
time="2026-03-14T12:22:40-05:00" level=info msg=ConnectionClosed connectionID=19
Starting server with Config HP="127.0.0.1:61095"|T="28800000"|R="false"|L="info"
time="2026-03-14T12:23:21-05:00" level=info msg="Server ready. Accepting connections."
time="2026-03-14T12:23:21-05:00" level=warning msg="secure_file_priv is set to \"\", which is insecure."
time="2026-03-14T12:23:21-05:00" level=warning msg="Any user with GRANT FILE privileges will be able to read any file which the sql-server process can read."
time="2026-03-14T12:23:21-05:00" level=warning msg="Please consider restarting the server with secure_file_priv set to a safe (or non-existent) directory."
time="2026-03-14T12:23:21-05:00" level=info msg=NewConnection DisableClientMultiStatements=false connectionID=1
time="2026-03-14T12:23:21-05:00" level=info msg=ConnectionClosed connectionID=1
time="2026-03-14T12:23:21-05:00" level=info msg=NewConnection DisableClientMultiStatements=false connectionID=2
time="2026-03-14T12:23:21-05:00" level=info msg=ConnectionClosed connectionID=2
time="2026-03-14T12:23:21-05:00" level=info msg=NewConnection DisableClientMultiStatements=false connectionID=3
time="2026-03-14T12:23:21-05:00" level=info msg=NewConnection DisableClientMultiStatements=false connectionID=4
time="2026-03-14T12:23:21-05:00" level=info msg=ConnectionClosed connectionID=3
time="2026-03-14T12:23:21-05:00" level=warning msg="error running query" connectTime="2026-03-14 12:23:21.664974 -0500 CDT m=+0.197193335" connectionDb=beads_GrowWise connectionID=4 error="nothing to commit" queryTime="2026-03-14 12:23:21.673056 -0500 CDT m=+0.205275876"
time="2026-03-14T12:23:21-05:00" level=info msg=NewConnection DisableClientMultiStatements=false connectionID=5
time="2026-03-14T12:23:21-05:00" level=info msg=ConnectionClosed connectionID=5
time="2026-03-14T12:23:21-05:00" level=info msg=ConnectionClosed connectionID=4
time="2026-03-14T12:23:40-05:00" level=info msg=NewConnection DisableClientMultiStatements=false connectionID=6
time="2026-03-14T12:23:40-05:00" level=info msg=ConnectionClosed connectionID=6
time="2026-03-14T12:23:40-05:00" level=info msg="Server closing listener. No longer accepting connections."
time="2026-03-14T12:23:40-05:00" level=info msg="stats stopped: context canceled"
Starting server with Config HP="127.0.0.1:13322"|T="28800000"|R="false"|L="info"
time="2026-03-14T12:23:42-05:00" level=info msg="Server ready. Accepting connections."
time="2026-03-14T12:23:42-05:00" level=warning msg="secure_file_priv is set to \"\", which is insecure."
time="2026-03-14T12:23:42-05:00" level=warning msg="Any user with GRANT FILE privileges will be able to read any file which the sql-server process can read."
time="2026-03-14T12:23:42-05:00" level=warning msg="Please consider restarting the server with secure_file_priv set to a safe (or non-existent) directory."
time="2026-03-14T12:23:42-05:00" level=info msg=NewConnection DisableClientMultiStatements=false connectionID=1
time="2026-03-14T12:23:42-05:00" level=info msg=ConnectionClosed connectionID=1
Starting server with Config HP="127.0.0.1:13322"|T="28800000"|R="false"|L="info"
time="2026-03-14T12:24:02-05:00" level=info msg="Server ready. Accepting connections."
time="2026-03-14T12:24:02-05:00" level=warning msg="secure_file_priv is set to \"\", which is insecure."
time="2026-03-14T12:24:02-05:00" level=warning msg="Any user with GRANT FILE privileges will be able to read any file which the sql-server process can read."
time="2026-03-14T12:24:02-05:00" level=warning msg="Please consider restarting the server with secure_file_priv set to a safe (or non-existent) directory."
time="2026-03-14T12:24:03-05:00" level=info msg=NewConnection DisableClientMultiStatements=false connectionID=1
time="2026-03-14T12:24:03-05:00" level=info msg=ConnectionClosed connectionID=1
time="2026-03-14T12:24:03-05:00" level=info msg=NewConnection DisableClientMultiStatements=false connectionID=2
time="2026-03-14T12:24:03-05:00" level=info msg=ConnectionClosed connectionID=2
time="2026-03-14T12:24:03-05:00" level=info msg=NewConnection DisableClientMultiStatements=false connectionID=3
time="2026-03-14T12:24:03-05:00" level=info msg=NewConnection DisableClientMultiStatements=false connectionID=4
time="2026-03-14T12:24:03-05:00" level=info msg=ConnectionClosed connectionID=3
time="2026-03-14T12:24:03-05:00" level=warning msg="error running query" connectTime="2026-03-14 12:24:03.042088 -0500 CDT m=+0.197168667" connectionDb=beads_GrowWise connectionID=4 error="nothing to commit" queryTime="2026-03-14 12:24:03.049469 -0500 CDT m=+0.204549584"
time="2026-03-14T12:24:03-05:00" level=info msg=NewConnection DisableClientMultiStatements=false connectionID=5
time="2026-03-14T12:24:03-05:00" level=info msg=ConnectionClosed connectionID=5
time="2026-03-14T12:24:03-05:00" level=info msg=ConnectionClosed connectionID=4
